250
22 10 231 213 72 107 115 153 184 85 71 51 17 179 165 198 84 152 206 88 191 25 161 228 157 178 229 249 168 230 239 83 47 62 225 122 173 190 226 9 12 93 74 69 217 202 56 123 118 45 139 98 171 27 216 78 28 126 100 19 66 192 154 34 124 64 176 194 67 204 193 116 37 166 102 132 94 92 148 142 18 1 43 146 164 170 137 145 215 181 160 3 183 20 110 208 189 174 212 245 119 42 155 90 95 209 117 59 169 130 6 235 38 33 141 103 52 196 182 232 150 60 214 79 210 163 32 125 36 101 82 2 44 105 106 63 61 5 75 111 11 128 54 199 55 243 195 167 149 211 21 35 136 91 218 134 203 68 113 8 237 7 234 48 135 144 222 76 39 129 247 220 73 46 112 238 138 159 41 140 26 205 16 158 89 175 162 188 31 185 65 96 151 248 207 99 177 109 250 172 97 201 57 236 121 197 30 70 49 53 221 23 147 143 77 58 133 4 81 87 40 233 114 104 224 223 15 219 200 127 29 50 13 246 187 86 120 24 108 242 227 244 80 240 14 186 131 241 180 156
237 232 26 77 39 239 137 144 133 168 102 94 53 151 60 97 87 164 27 224 29 148 91 38 98 159 203 114 22 30 129 42 51 6 174 3 126 225 67 184 177 169 123 179 246 105 238 155 72 58 108 109 4 196 35 191 55 171 147 223 9 43 186 103 233 210 13 12 59 88 106 167 211 71 96 121 241 34 229 206 218 85 192 248 57 182 66 24 207 73 117 86 219 138 11 193 173 82 136 19 188 14 247 122 153 227 128 81 213 47 8 198 84 149 152 95 145 37 125 162 1 154 160 115 222 243 2 16 204 187 80 214 166 70 230 78 118 221 240 32 41 165 33 99 208 48 194 130 64 127 180 228 93 113 217 132 50 172 54 5 90 89 44 190 158 110 31 250 75 120 197 220 181 205 200 156 175 183 141 235 215 244 199 36 150 195 245 135 10 79 25 249 45 242 92 189 107 234 170 134 15 216 143 68 62 131 212 76 74 100 104 18 101 61 46 63 231 7 146 23 28 185 65 116 142 139 17 140 119 40 124 209 236 161 83 201 69 20 226 163 49 176 111 21 202 112 178 52 157 56
226 201 240 74 199 126 158 192 194 173 136 235 125 237 6 70 250 120 128 249 141 18 68 183 80 25 187 140 87 160 107 184 20 83 180 40 17 32 248 75 206 96 71 115 130 147 149 11 117 7 233 246 2 241 167 197 224 142 66 61 24 211 59 225 203 247 214 152 93 169 123 116 51 189 204 73 195 26 49 57 37 63 170 217 69 72 157 97 84 156 3 55 78 8 22 121 29 172 127 102 16 54 220 44 185 245 229 56 19 137 151 110 155 21 4 222 221 67 46 178 30 50 108 52 159 132 162 218 213 91 168 42 60 198 100 230 109 144 88 176 175 103 38 122 99 53 153 34 58 112 41 12 186 76 196 43 92 45 90 82 105 1 163 242 114 193 48 231 79 210 161 191 243 106 14 101 145 179 81 9 202 232 95 154 171 10 190 164 36 208 223 138 188 227 35 131 118 135 111 104 85 215 64 181 28 33 177 98 228 27 150 244 148 236 234 15 133 174 23 77 39 124 13 119 65 238 205 209 139 212 207 165 239 62 129 182 219 200 86 146 166 89 5 216 31 134 94 113 143 47
166 6 147 186 97 14 191 154 85 234 59 39 30 48 57 177 16 27 93 184 40 201 152 175 34 115 41 153 236 163 83 160 240 21 56 113 140 78 80 67 150 214 170 158 250 118 187 190 99 64 242 161 226 249 100 181 53 12 204 89 72 24 168 210 183 195 233 130 42 111 68 211 142 120 107 45 148 194 188 29 13 247 3 58 143 54 133 122 232 5 178 165 202 159 179 235 241 22 55 167 38 15 52 156 73 207 63 239 104 124 26 7 101 8 180 65 96 189 103 128 75 105 162 173 33 121 218 129 66 192 119 60 237 231 4 51 176 77 138 215 203 88 127 69 82 198 172 245 206 92 209 109 149 224 123 185 155 225 229 61 36 222 28 244 134 11 208 141 2 243 108 132 217 90 137 171 116 139 125 74 169 86 9 71 102 196 216 200 10 248 193 19 18 230 46 174 81 205 84 91 126 47 228 131 223 145 62 220 221 197 146 95 238 246 43 94 199 37 157 182 20 106 110 1 23 227 112 44 144 114 219 35 76 135 17 32 98 49 79 70 136 25 31 87 164 213 212 50 151 117
8 239 163 55 127 125 47 105 88 211 31 219 180 153 61 144 152 174 103 107 203 123 6 189 171 54 184 26 80 233 220 27 15 187 57 66 34 118 72 22 58 126 110 160 199 64 246 95 142 240 122 207 28 236 18 21 235 227 247 191 181 248 13 156 63 177 60 69 208 86 170 32 229 237 130 185 109 158 173 92 166 213 93 202 7 172 183 139 200 214 224 81 100 84 48 98 30 230 70 9 79 241 46 4 71 222 14 44 108 45 194 128 169 249 182 165 89 205 159 3 49 36 23 82 157 5 179 221 206 245 114 25 217 168 141 120 77 87 67 17 129 43 56 20 68 133 59 51 96 117 78 243 19 10 29 136 24 91 113 209 83 195 151 101 99 102 140 111 216 147 146 201 104 226 148 225 138 131 137 115 149 50 161 178 143 33 52 75 12 94 234 192 1 215 40 62 175 204 11 188 223 132 231 212 228 176 238 135 210 41 74 250 244 121 73 124 97 39 145 112 190 42 76 154 198 35 2 186 106 85 38 90 16 218 53 197 150 65 162 232 164 119 167 37 196 134 193 242 155 116
123 190 191 95 61 118 238 166 125 194 54 147 58 64 45 13 88 15 124 32 135 199 227 247 74 7 89 97 70 231 26 59 239 16 107 11 141 217 144 215 120 53 165 237 78 197 41 243 114 33 92 192 98 167 214 168 63 47 94 221 148 21 91 122 203 30 244 39 149 226 169 150 248 223 56 245 100 113 138 83 19 210 44 219 86 110 151 209 235 31 249 146 55 196 101 119 198 28 157 163 5 104 90 20 25 115 206 161 22 29 177 82 186 42 116 102 242 222 240 202 62 49 232 152 103 185 171 188 228 68 134 187 46 174 66 236 207 35 175 133 211 69 173 218 77 220 139 99 172 57 3 241 216 36 145 117 71 143 162 230 160 105 246 178 12 4 38 131 181 128 121 159 225 126 80 84 195 60 137 51 10 176 140 1 153 213 81 212 234 193 224 154 96 180 129 52 229 2 108 164 112 75 50 73 142 43 132 183 65 24 127 79 158 250 179 136 34 72 18 156 109 208 37 170 8 201 189 6 40 93 17 200 204 76 106 14 184 23 67 130 27 233 111 155 85 205 9 87 48 182
115 212 124 17 94 199 176 119 210 174 127 5 39 144 214 243 107 104 190 101 163 36 238 203 169 51 211 133 109 8 181 149 70 161 74 167 22 153 58 33 71 221 120 195 15 11 52 91 49 143 53 123 147 100 55 12 37 180 18 81 239 182 103 136 114 38 177 105 63 23 237 64 132 206 126 151 160 241 158 97 205 68 150 130 244 250 118 116 138 10 175 231 202 148 223 73 186 4 187 152 173 218 89 146 184 185 16 248 171 40 183 159 142 139 25 192 131 216 191 29 61 24 62 141 30 215 213 43 32 229 140 156 172 189 82 225 112 227 96 56 168 135 76 122 19 233 125 162 69 79 219 27 240 121 2 85 113 166 41 209 196 26 235 157 188 45 67 87 245 165 75 47 154 3 222 35 6 86 99 170 72 198 200 20 230 108 129 164 178 9 84 95 14 236 13 90 155 242 7 201 220 234 226 249 145 224 65 197 77 208 50 78 46 111 66 31 247 134 102 194 98 42 34 93 128 232 59 110 54 88 80 228 207 92 44 21 83 48 193 1 60 106 179 246 28 217 204 57 117 137
81 89 207 145 169 118 123 134 208 8 120 29 230 172 15 127 226 216 77 170 70 57 161 233 12 97 105 177 99 187 76 239 40 51 124 231 44 133 98 247 90 185 221 3 198 168 213 86 150 82 152 73 21 186 19 149 242 146 62 163 148 176 128 63 115 54 111 154 67 20 217 179 248 160 93 181 71 106 147 211 47 199 66 180 167 201 194 219 121 7 74 246 117 136 33 50 228 132 110 109 174 223 92 24 222 13 159 119 22 116 113 157 30 14 241 236 4 192 189 125 87 36 215 28 16 10 45 171 173 235 143 140 96 210 84 138 83 238 245 175 102 2 31 69 229 91 232 212 188 55 214 94 139 244 58 112 184 191 48 240 72 59 37 95 153 183 35 165 52 88 39 18 200 49 61 203 108 158 25 1 6 195 103 218 17 204 5 155 9 144 250 26 107 220 182 27 85 80 79 131 190 53 60 151 205 237 41 225 104 32 141 64 193 46 142 234 202 135 11 122 162 126 129 114 196 227 75 34 23 100 38 249 137 164 43 101 209 166 56 243 224 65 197 130 206 68 42 78 156 178
56 104 32 2 76 16 126 5 97 174 145 235 211 112 12 208 21 142 210 65 81 152 82 227 221 25 66 130 193 141 212 223 191 196 243 67 164 207 168 91 55 151 157 249 166 43 19 119 24 96 244 248 173 205 124 41 52 121 195 18 201 170 180 181 86 225 110 72 8 9 133 242 103 132 247 101 73 115 80 134 192 167 114 10 107 30 28 4 57 184 149 182 240 187 206 230 87 165 209 94 102 237 241 246 89 228 131 169 150 62 88 75 47 245 7 93 135 58 53 160 61 197 155 44 113 213 45 117 148 171 14 69 77 109 98 100 68 105 31 234 59 190 84 146 163 185 129 214 162 54 36 78 138 17 26 218 46 189 128 35 23 71 70 220 204 229 176 136 60 159 222 33 199 231 74 42 92 49 90 236 51 15 203 99 50 154 188 143 85 219 38 3 140 20 22 123 64 238 177 27 186 183 125 79 144 108 95 175 111 224 137 239 39 153 216 250 48 127 118 40 200 34 29 179 116 37 106 178 217 6 215 172 161 158 122 233 63 194 156 83 13 139 226 120 1 232 11 198 202 147
92 183 216 97 88 243 229 128 192 82 33 42 143 64 63 247 160 239 166 117 180 122 120 138 244 184 217 207 151 112 219 18 249 108 149 56 196 9 102 26 175 190 111 132 242 3 126 50 62 172 85 223 210 115 31 86 133 209 52 226 237 103 98 234 47 227 194 45 182 1 246 136 135 189 159 241 146 220 39 145 20 105 142 208 250 141 125 123 46 83 221 114 154 191 248 95 164 74 100 43 106 22 30 24 129 134 150 38 93 230 15 201 235 91 73 8 25 198 202 6 124 101 186 197 71 61 222 60 161 206 165 193 163 49 107 178 170 89 245 53 94 228 157 179 236 32 131 36 188 109 176 12 41 185 14 152 90 84 48 238 195 81 171 11 224 75 68 10 80 130 225 156 231 13 99 76 87 200 57 7 5 27 16 104 29 215 233 139 153 140 168 37 212 162 51 65 28 144 119 158 232 173 240 155 181 78 2 19 21 213 148 69 116 214 55 23 127 167 121 147 177 199 79 137 113 77 35 187 204 211 17 118 174 205 54 70 169 66 72 96 59 44 40 203 4 58 67 218 110 34
179 205 11 81 235 148 155 7 237 2 120 97 126 145 153 113 198 79 129 55 48 16 20 104 159 123 176 229 28 8 201 106 216 108 68 29 193 34 58 78 236 40 222 70 211 71 224 230 199 46 245 134 89 73 41 248 65 215 31 197 9 158 67 175 12 69 233 119 142 22 19 208 36 162 174 64 180 21 116 115 149 141 60 218 95 13 173 132 74 189 250 146 143 59 54 160 238 52 50 121 214 163 42 18 209 99 66 17 213 212 43 10 135 202 57 25 75 77 249 170 32 76 85 191 72 186 192 184 133 103 204 231 156 207 92 15 86 157 136 128 183 80 109 122 144 200 30 169 161 6 137 234 23 188 47 5 223 51 130 152 4 124 172 225 196 90 24 164 56 140 167 178 165 112 35 151 241 221 240 96 105 44 117 239 171 190 246 150 154 53 107 94 114 98 226 33 1 219 206 131 185 168 182 110 14 242 138 194 243 232 181 61 93 37 125 220 91 45 3 84 139 38 88 177 166 101 147 27 118 62 227 195 102 210 26 247 127 100 82 244 87 111 217 49 63 83 187 203 228 39
182 241 51 52 39 161 168 18 142 216 196 78 88 108 126 76 208 6 17 199 237 184 102 176 8 48 75 223 137 242 131 144 53 183 95 224 211 129 140 25 171 248 50 56 147 5 205 44 16 160 4 152 170 79 19 177 84 227 204 195 26 218 41 9 141 65 68 149 42 43 132 240 74 231 69 215 97 246 250 162 62 236 98 49 146 77 166 221 58 217 73 70 33 180 173 232 2 34 201 119 150 123 185 188 12 220 1 109 189 207 151 81 64 66 200 174 111 247 55 38 203 238 3 121 226 90 59 99 27 120 83 130 31 21 191 114 94 47 214 107 104 24 178 82 11 210 135 71 181 91 136 127 206 45 133 118 113 115 169 233 72 159 96 172 40 125 86 235 14 67 222 110 234 213 61 163 37 122 153 13 167 192 54 230 175 156 154 209 145 57 244 32 101 228 179 138 100 60 112 193 93 36 158 106 143 194 92 30 103 225 139 128 249 148 187 157 35 212 198 105 197 164 229 155 219 190 186 87 89 243 80 20 63 165 29 116 28 239 85 134 22 15 7 124 245 23 117 46 10 202
156 125 203 34 179 158 98 42 86 140 120 199 106 222 241 160 219 232 136 137 229 220 224 95 177 89 165 64 40 174 240 147 82 214 171 88 108 30 4 233 103 127 102 248 45 49 217 133 231 113 130 161 148 117 131 23 152 52 87 73 56 168 159 209 188 151 143 97 234 172 169 145 77 166 146 65 5 114 110 104 94 9 123 80 29 74 202 24 244 135 210 243 118 72 204 205 21 138 180 22 60 129 239 247 105 190 18 238 25 175 85 187 126 58 19 36 134 99 68 54 111 124 61 162 200 153 245 237 128 75 20 132 107 183 13 76 83 215 3 79 155 196 93 170 16 193 242 218 112 189 78 46 223 154 38 225 122 84 139 142 66 216 211 8 197 119 92 37 167 144 48 246 90 57 14 207 116 173 1 184 185 51 227 44 250 101 141 63 201 10 186 81 28 7 31 27 17 59 164 208 176 43 100 150 178 149 96 182 191 192 236 195 11 39 2 91 235 230 213 109 228 6 53 33 212 70 221 181 157 198 115 12 32 226 41 15 55 47 50 163 69 206 121 35 62 26 194 71 67 249
87 215 80 139 171 192 84 202 203 50 67 184 73 250 232 133 204 176 86 59 41 108 24 64 231 18 120 49 217 2 194 10 5 39 208 179 31 181 103 29 22 238 124 27 175 78 222 144 137 88 20 66 53 57 42 54 216 9 145 71 225 23 229 164 111 212 186 130 118 98 168 99 233 38 51 33 201 136 221 28 154 241 91 205 126 147 234 142 93 155 169 116 26 195 63 11 227 21 96 112 85 25 69 189 104 239 199 76 218 185 82 77 37 81 161 166 17 244 122 40 170 129 32 146 248 100 191 237 70 43 211 196 162 92 4 163 243 68 188 180 72 187 6 132 35 198 150 127 114 235 113 178 74 30 110 101 102 13 159 193 228 138 52 75 56 207 125 156 48 61 174 173 141 119 158 79 190 143 34 240 1 12 230 95 60 206 247 149 213 224 115 172 148 8 183 47 36 121 236 105 15 209 165 83 46 152 44 134 45 109 219 107 197 200 151 160 14 90 89 157 220 123 182 128 135 214 167 16 153 249 177 7 245 19 117 65 226 94 97 131 55 223 62 106 140 3 242 210 246 58
107 42 158 4 191 171 237 31 194 168 63 196 160 60 150 7 236 9 155 144 106 214 157 149 227 226 75 88 21 217 55 162 186 175 129 103 116 109 94 142 49 84 52 48 222 5 199 66 53 74 164 119 134 213 114 113 33 36 220 126 152 197 156 99 195 101 228 23 91 141 72 26 240 130 137 90 18 11 161 85 38 193 14 100 176 73 81 131 83 241 223 12 10 70 170 187 27 198 39 54 208 145 216 37 232 219 177 122 61 165 238 211 225 111 173 154 248 50 3 231 234 151 182 15 148 43 34 245 68 20 112 249 118 143 140 239 230 189 121 29 235 183 46 190 79 163 202 117 132 172 47 206 178 185 139 96 120 69 67 243 64 2 125 6 179 128 244 82 13 22 77 8 45 210 76 124 153 233 159 65 229 184 25 93 169 32 28 59 123 57 200 17 218 104 86 247 58 201 246 80 147 174 97 92 204 180 221 62 192 212 203 16 138 209 78 166 51 146 30 242 215 56 136 167 110 35 115 19 205 98 188 24 89 181 127 207 224 133 1 40 250 71 41 108 44 135 95 87 105 102
184 114 68 84 156 230 99 2 137 155 38 180 192 23 179 111 1 150 140 30 69 100 178 70 149 37 163 106 242 36 238 53 200 139 165 76 61 170 15 118 31 41 183 127 85 117 5 59 233 51 13 133 60 169 108 12 235 86 201 207 173 167 40 159 205 123 14 249 226 182 212 10 17 33 77 131 16 177 130 52 186 73 48 202 57 206 107 245 213 162 172 168 67 103 102 8 110 79 217 49 174 74 82 47 211 175 160 197 143 29 45 236 120 189 243 250 176 9 145 92 32 144 98 240 152 75 181 225 218 132 234 247 65 101 220 138 208 215 115 54 42 241 83 56 196 39 237 222 6 171 188 88 125 3 227 142 164 244 104 126 195 119 81 27 35 25 91 221 229 72 232 50 24 116 204 105 121 112 194 18 63 128 21 96 80 109 66 210 135 62 89 146 43 157 134 46 78 154 214 20 129 58 209 187 185 124 158 239 87 94 199 64 97 26 113 55 161 228 166 7 44 4 11 136 34 246 224 198 122 90 193 153 191 216 151 219 148 223 93 231 190 95 28 141 248 71 147 19 203 22
232 219 111 39 141 238 245 186 65 102 67 77 151 169 181 56 79 38 113 12 174 147 131 130 218 209 201 159 177 246 194 190 72 175 118 156 222 6 146 189 75 237 62 231 149 16 241 243 64 3 116 191 178 76 126 61 229 33 37 227 84 180 98 240 144 220 142 150 148 223 49 217 24 226 44 216 105 63 205 163 197 247 103 104 109 172 80 155 182 212 42 82 93 54 30 96 138 70 165 31 123 206 210 78 202 81 89 224 85 23 230 200 242 235 14 244 248 17 22 239 208 153 58 32 124 162 127 13 195 19 213 90 154 158 133 152 207 107 185 101 27 157 135 25 57 139 233 114 196 74 18 184 176 15 97 203 2 160 129 134 69 1 188 66 46 106 73 4 88 26 221 51 8 187 234 91 11 7 183 94 171 10 143 34 45 211 43 167 29 28 47 215 236 161 55 71 95 168 5 137 192 83 122 110 112 170 199 228 225 68 119 60 120 193 132 108 204 41 125 128 117 21 121 198 136 52 214 179 40 86 36 35 99 145 53 166 164 92 250 59 173 9 20 48 249 50 87 115 100 140
12 80 144 39 216 130 158 119 164 44 17 42 94 122 151 108 207 152 113 229 182 106 75 155 15 4 95 248 109 199 129 98 59 6 2 52 47 35 68 165 16 196 107 211 125 20 82 60 120 215 131 237 223 55 56 22 72 29 154 8 177 7 123 232 126 153 172 32 124 169 25 160 136 241 53 176 210 239 1 134 57 141 24 170 28 70 156 77 163 27 91 244 149 33 96 43 245 83 221 40 235 127 99 230 242 198 30 225 168 246 87 233 194 93 208 86 41 118 204 37 187 213 161 105 227 189 100 133 62 218 200 206 104 36 148 92 150 137 9 193 67 231 173 74 101 188 5 145 65 183 63 73 21 117 121 34 249 226 64 45 31 23 192 201 171 250 142 184 61 49 175 38 114 138 209 224 222 19 220 46 178 88 162 54 89 110 159 51 240 14 205 203 97 157 146 236 143 238 84 214 116 48 79 195 26 58 147 179 18 186 212 166 191 78 3 115 185 219 197 112 190 139 76 132 69 128 243 13 180 90 71 111 50 11 103 81 181 202 66 217 85 174 102 135 234 167 10 228 247 140
49 95 219 222 210 121 195 97 144 54 191 111 131 171 79 201 158 174 186 192 40 198 90 146 112 81 209 226 16 230 73 227 119 200 75 250 61 4 211 196 72 217 126 160 161 12 55 190 181 155 74 100 82 43 122 114 242 135 20 26 159 138 125 175 27 101 197 127 8 149 182 246 109 203 133 19 107 92 71 221 167 105 29 85 183 187 240 117 249 150 53 152 106 14 5 69 35 21 231 115 67 62 45 77 244 157 220 215 225 41 216 153 65 66 47 233 58 214 184 38 193 7 194 94 134 84 206 213 204 6 108 17 137 224 234 247 42 212 223 11 132 166 64 128 91 23 99 170 188 103 130 104 83 142 70 25 177 207 102 189 162 88 46 169 68 22 33 235 248 39 48 173 238 110 154 57 78 145 202 63 199 140 9 143 178 37 228 239 164 113 245 218 148 3 124 151 10 180 147 116 185 52 172 176 120 56 123 118 96 87 229 34 237 32 89 139 141 243 98 15 28 1 165 232 168 156 60 13 136 59 129 18 51 205 208 86 93 50 163 30 24 236 80 2 31 241 44 36 76 179
48 66 142 213 22 141 57 171 111 224 78 133 19 7 52 151 20 132 137 128 140 124 227 49 94 79 189 89 207 208 26 187 183 209 44 212 249 194 228 131 236 245 70 148 41 106 46 10 120 136 100 12 27 71 105 246 110 147 235 199 146 17 113 179 104 205 126 4 195 176 119 223 75 201 143 188 101 62 14 72 64 144 118 45 114 242 134 177 243 107 60 155 74 150 109 61 214 202 192 197 47 15 92 175 33 230 39 211 219 85 5 30 191 168 99 31 83 159 43 68 77 250 149 37 56 193 139 221 112 1 73 154 210 184 229 173 25 226 130 247 11 145 232 91 59 69 40 35 115 23 215 24 178 67 97 103 161 125 117 135 87 123 8 220 152 54 186 153 170 240 166 169 63 181 121 200 225 196 238 167 42 16 13 190 217 88 96 248 65 163 239 21 51 9 234 244 36 80 58 29 86 55 185 160 28 204 95 93 203 127 138 122 108 233 53 6 32 50 82 206 182 98 38 76 2 3 129 165 237 222 156 198 158 116 216 180 84 172 218 90 102 18 81 174 157 162 34 231 164 241
41 114 219 171 162 32 248 224 236 102 86 31 199 69 124 49 97 142 26 149 90 29 43 75 123 206 140 144 141 183 129 179 200 181 250 42 231 227 152 221 55 7 59 106 187 244 2 232 153 177 107 220 217 145 143 239 87 165 237 214 174 3 175 15 234 103 104 188 120 127 18 58 245 205 21 182 54 91 37 51 242 118 22 45 33 229 137 215 85 62 61 166 84 131 57 12 198 139 160 235 196 161 222 233 95 27 136 81 11 113 170 223 157 156 23 117 218 9 16 163 67 130 72 147 213 203 167 249 155 66 83 159 47 241 110 80 126 77 172 6 128 89 48 189 44 178 73 146 70 122 211 180 173 4 112 1 78 109 46 36 68 71 247 184 76 168 82 243 119 134 56 195 158 60 151 169 19 34 99 105 154 132 38 52 138 197 204 228 8 14 63 28 133 24 17 194 111 148 186 101 191 40 164 35 208 98 225 10 20 246 176 96 5 94 108 135 74 25 238 202 88 207 240 192 93 193 92 100 13 39 226 150 30 210 216 116 230 65 209 121 115 212 185 53 79 50 64 201 125 190
123 144 195 119 171 185 204 145 74 232 245 168 217 60 63 179 6 223 219 43 66 12 174 45 46 156 172 102 111 96 250 152 98 160 68 93 58 216 215 128 177 242 167 85 214 141 51 87 238 229 249 110 108 30 1 213 186 244 208 129 147 154 64 32 190 210 77 240 101 222 138 20 13 99 7 28 130 91 199 230 221 80 15 203 42 124 62 218 39 88 155 37 224 157 103 133 8 158 169 106 227 226 173 161 34 25 200 120 89 228 137 192 24 22 36 136 209 118 47 178 148 27 159 52 26 9 164 150 122 16 94 170 50 115 48 121 140 49 187 237 83 231 2 153 29 59 78 211 233 236 220 182 67 33 95 21 239 23 107 125 90 132 4 247 17 165 163 181 109 73 176 212 193 241 143 84 126 188 3 10 139 151 18 166 100 162 202 225 76 184 97 81 56 235 149 11 116 234 142 248 72 189 183 197 198 40 175 112 71 194 61 135 146 243 31 131 134 69 104 206 180 79 65 38 5 117 113 75 105 201 70 82 44 54 35 57 92 207 191 196 41 53 246 14 127 19 114 205 86 55
83 120 172 13 1 63 231 101 43 246 71 184 164 75 108 226 11 212 54 232 124 207 26 159 51 32 79 151 94 204 50 22 29 100 160 171 148 24 234 76 187 109 193 208 168 240 5 165 213 106 242 8 7 103 41 70 28 144 38 16 31 17 145 167 44 147 61 175 9 80 86 58 85 176 138 210 228 235 114 36 12 78 182 233 105 66 34 219 140 205 53 206 59 112 249 40 64 72 30 135 42 102 146 162 132 74 45 247 84 73 111 220 47 57 229 65 158 110 245 198 121 82 56 189 2 216 201 211 199 62 14 192 129 139 250 130 169 143 88 4 191 194 46 149 117 166 152 10 154 157 195 183 89 243 202 196 25 200 215 48 173 230 104 55 136 141 133 142 177 95 214 18 92 185 23 239 113 37 131 87 99 15 122 93 134 68 98 21 60 19 161 209 244 236 128 225 69 116 153 118 203 137 222 221 125 190 156 107 181 224 39 180 217 163 119 227 77 27 223 248 178 115 197 186 52 6 35 90 3 126 127 237 241 174 96 97 155 123 170 188 238 218 81 33 67 179 20 91 150 49
64 143 220 175 113 70 104 97 195 134 180 56 188 124 110 186 189 27 24 51 206 240 80 74 231 17 127 112 23 32 133 211 177 249 155 44 118 158 43 96 150 224 171 48 19 78 83 237 77 103 219 99 76 152 154 87 153 39 165 147 135 208 229 194 55 49 60 243 222 117 137 66 204 34 161 35 12 107 42 116 95 215 179 164 247 157 38 18 109 65 244 122 81 130 79 174 125 105 22 151 141 226 214 162 84 197 45 92 98 68 136 33 212 61 111 106 63 126 213 2 115 148 50 138 21 228 121 168 183 216 82 159 119 20 146 201 71 217 176 245 221 218 170 199 7 230 11 250 94 28 144 52 241 225 198 6 100 59 120 26 184 178 89 242 232 156 53 167 73 86 200 31 72 193 205 93 4 248 102 16 238 123 149 139 129 234 25 62 40 140 246 91 196 3 131 114 190 233 192 203 173 75 58 69 101 128 14 132 172 57 191 90 1 108 36 10 15 54 187 181 202 169 37 207 145 9 210 166 88 160 163 29 236 85 209 41 5 182 46 142 185 223 8 30 47 235 13 227 67 239
170 90 146 222 76 19 190 108 81 169 82 88 227 204 48 184 129 47 29 221 135 107 189 60 44 80 150 87 246 96 74 43 117 212 78 83 61 122 194 128 193 147 230 17 104 224 217 130 206 141 119 69 42 46 138 1 241 181 126 5 110 167 109 92 216 175 236 165 85 215 33 67 200 235 65 20 144 219 8 229 58 27 218 121 84 231 247 77 21 51 208 7 113 24 127 66 32 118 79 152 228 53 132 131 205 155 89 196 14 232 6 162 182 40 12 15 18 22 220 136 142 213 171 56 134 173 95 25 145 168 3 139 242 34 188 124 114 197 237 243 120 185 223 35 30 116 91 149 250 174 157 192 179 99 31 38 50 202 148 52 70 112 207 101 177 154 111 57 233 244 156 199 4 75 203 137 16 72 201 238 125 183 73 191 98 151 10 123 39 41 161 225 240 62 160 26 163 180 100 153 54 9 11 143 86 106 186 2 234 49 198 37 28 64 239 211 176 59 245 195 63 23 105 140 102 172 115 166 248 103 158 178 93 94 249 55 187 13 209 210 133 214 71 36 226 159 45 68 164 97
83 27 85 198 184 137 112 219 220 202 58 95 132 249 80 244 46 189 47 144 14 240 92 91 154 246 101 88 77 11 106 174 16 147 183 250 223 5 226 98 1 208 65 215 84 96 33 225 156 245 243 122 241 74 45 61 213 126 40 199 134 233 55 142 155 203 242 164 214 25 24 22 201 29 182 48 194 113 34 50 53 69 211 167 247 103 141 75 99 111 234 70 190 28 86 49 248 66 52 173 163 129 177 179 224 78 15 158 216 168 44 123 187 159 148 89 102 42 170 41 31 180 171 56 150 204 124 121 120 193 9 105 151 146 195 72 157 68 117 54 143 20 18 200 131 100 17 115 145 230 57 153 221 119 185 149 93 19 36 116 128 104 3 67 108 79 205 23 7 227 231 109 37 237 181 73 238 160 64 81 209 135 13 235 162 114 76 165 35 222 229 175 176 30 188 206 51 140 161 197 228 63 2 239 186 39 133 82 118 192 4 43 90 191 94 32 6 130 232 110 212 196 125 12 139 136 62 21 218 60 152 38 127 97 166 138 8 217 178 87 26 236 107 71 210 10 207 172 169 59
12 194 196 189 238 13 185 16 239 102 149 161 41 15 48 184 204 42 81 103 30 168 141 80 176 123 109 119 125 31 163 38 89 227 243 106 155 143 217 3 183 19 207 195 186 20 214 44 112 71 95 237 126 249 242 206 230 210 111 215 27 25 39 68 120 59 108 248 85 174 121 145 150 8 136 171 116 153 46 182 79 51 124 101 70 97 203 222 57 231 9 77 147 117 18 60 62 10 250 246 233 24 144 157 47 84 53 1 211 87 134 56 58 213 36 173 6 49 7 32 54 90 29 142 28 175 166 88 221 137 188 187 100 220 2 73 11 241 74 133 113 17 66 224 72 98 170 92 14 212 172 208 181 232 115 219 34 26 177 205 160 240 178 132 76 193 37 169 129 167 201 164 94 65 218 33 151 107 93 159 236 82 86 216 156 91 197 225 148 69 75 64 22 198 229 138 104 228 131 180 52 40 110 118 191 55 247 179 139 162 45 199 135 61 50 130 5 226 244 209 202 200 43 67 83 78 63 140 192 234 122 190 128 105 165 235 35 146 158 154 223 114 152 127 4 96 23 99 245 21
54 223 80 56 217 159 68 211 227 131 126 113 21 66 196 214 165 102 35 247 209 40 26 197 8 221 37 94 185 45 101 141 86 130 48 238 182 135 62 4 18 158 169 235 55 6 12 146 203 167 19 76 186 215 122 198 229 93 128 63 133 170 138 57 136 30 175 96 24 151 104 244 88 98 230 144 41 84 137 132 10 249 34 208 240 179 250 11 17 9 69 222 72 5 200 7 152 22 59 213 154 91 243 107 163 125 75 42 106 79 187 178 177 236 162 220 121 139 28 90 241 161 225 224 61 191 51 81 147 124 129 116 27 157 43 206 166 77 160 181 46 164 92 237 100 123 246 87 13 32 109 47 145 239 248 29 105 108 226 189 14 150 232 201 202 60 142 155 218 49 85 65 194 195 70 95 44 143 16 31 117 78 114 204 134 193 192 199 118 205 190 183 82 52 111 188 174 97 219 2 39 71 33 110 15 83 23 234 127 20 171 148 207 115 74 176 1 67 180 149 120 233 140 119 38 36 73 25 216 210 99 64 173 112 3 103 156 58 172 231 53 245 50 212 228 242 184 89 153 168
234 57 123 158 143 74 237 73 69 211 33 196 4 6 199 190 209 8 78 68 92 19 42 246 53 155 250 137 26 7 13 133 21 32 52 165 134 186 183 218 204 161 97 247 240 35 152 147 225 141 83 79 89 231 95 189 182 39 228 100 160 104 119 198 114 5 54 16 170 229 178 40 58 41 55 71 142 206 131 224 207 90 27 167 166 220 23 59 125 115 12 184 66 101 22 173 10 126 194 169 9 105 174 20 84 205 102 129 200 150 233 164 43 171 107 31 245 60 72 47 140 37 197 187 221 145 18 56 120 24 124 62 98 185 28 144 127 70 149 210 159 30 177 128 77 46 213 146 106 216 202 112 45 195 2 65 215 132 25 113 109 81 249 172 239 99 86 188 179 163 116 94 49 122 181 15 192 236 193 3 75 93 17 80 136 222 67 139 82 44 156 118 175 130 96 217 103 148 88 153 38 223 108 248 154 243 226 11 29 230 232 34 235 227 191 63 87 208 219 121 111 61 50 117 36 48 138 85 242 157 176 64 212 135 238 201 241 91 203 168 180 76 244 151 51 14 110 1 214 162
34 155 66 129 53 204 125 217 65 181 51 113 14 95 97 17 208 119 180 13 240 84 212 170 224 175 248 215 55 239 115 235 1 24 210 214 46 133 88 42 72 158 219 190 2 236 47 69 102 134 231 167 117 49 89 193 12 35 146 101 82 241 202 81 40 144 57 203 156 94 194 37 45 124 76 132 233 100 185 33 91 221 15 106 110 173 41 67 48 8 137 138 247 154 192 244 96 216 114 238 36 39 63 50 104 52 165 22 246 111 30 5 184 228 225 79 75 61 64 142 120 223 169 226 198 172 131 160 77 85 166 62 152 87 126 105 205 148 209 183 71 18 191 21 9 196 220 73 90 150 163 54 112 187 136 234 11 80 68 207 177 218 122 249 232 159 195 56 116 188 211 200 151 227 149 83 199 86 26 168 16 171 38 43 70 32 4 182 145 157 74 179 109 118 6 222 10 31 147 98 135 27 161 99 29 153 44 162 121 7 3 28 197 206 59 140 141 93 78 237 186 92 123 174 201 176 19 229 243 250 178 139 213 130 108 107 25 230 60 189 103 143 23 128 242 164 58 245 127 20
27 98 203 1 199 173 26 137 146 104 21 63 231 68 157 93 19 169 86 87 230 58 232 184 189 109 65 150 196 187 30 166 229 61 6 119 143 142 29 246 99 55 4 147 193 239 192 222 138 101 236 43 209 148 140 110 211 42 25 113 207 212 228 23 17 224 125 46 35 164 49 50 15 241 160 76 33 53 45 139 41 56 81 131 107 122 57 158 5 200 248 244 180 121 204 159 106 217 114 162 245 149 152 62 105 111 31 52 129 80 126 226 205 2 161 75 225 13 172 24 39 191 7 102 96 141 134 89 238 250 123 171 95 84 108 210 135 144 28 177 44 201 16 59 120 10 116 168 133 181 112 48 227 60 20 83 145 74 218 8 242 223 249 188 70 202 22 237 94 127 198 155 115 88 153 219 156 132 77 174 163 37 36 73 40 85 128 38 197 221 14 78 32 47 9 79 176 206 215 154 243 178 51 214 235 90 165 67 247 12 170 72 92 216 64 11 194 100 82 195 103 179 186 97 240 3 117 18 66 69 54 124 233 118 182 130 220 91 71 183 167 208 136 175 234 190 34 213 151 185
177 231 68 116 33 102 244 105 232 51 173 175 124 80 114 121 98 205 130 243 66 83 174 185 104 81 55 97 235 157 62 79 40 159 93 154 139 201 95 14 195 165 25 155 166 113 21 149 111 137 1 140 96 49 200 144 27 193 172 219 42 239 202 54 225 103 119 4 67 26 35 32 212 138 56 48 131 19 82 34 31 160 128 171 2 5 169 224 199 69 204 43 65 236 170 126 30 3 92 206 20 23 215 77 85 10 101 153 58 63 7 142 88 207 112 125 233 28 237 11 107 17 109 248 72 145 158 45 120 194 9 13 216 152 115 129 15 240 180 213 182 12 227 18 211 44 87 100 179 210 146 234 59 89 161 24 148 241 60 184 183 228 150 214 38 123 94 249 52 29 242 164 209 37 191 135 230 133 217 221 250 162 218 122 190 74 132 39 203 106 238 110 46 73 223 245 208 226 118 22 134 75 246 50 41 127 220 141 197 229 76 90 222 16 198 188 156 70 64 6 47 86 57 117 53 84 192 178 181 99 189 78 187 151 8 168 108 36 147 91 247 61 71 167 136 176 143 186 163 196
160 89 43 181 65 126 226 208 231 63 236 199 215 182 164 139 177 202 249 196 122 123 116 45 46 212 127 172 195 248 163 121 12 241 129 213 178 235 4 243 244 109 56 75 60 120 67 58 207 52 112 250 140 209 131 91 44 222 17 136 101 154 72 130 97 142 147 14 55 239 73 104 47 132 247 81 70 238 151 95 191 176 186 24 13 49 64 133 141 134 108 30 8 90 3 15 156 34 26 71 171 170 86 42 233 107 161 36 1 219 88 125 18 165 225 157 234 103 38 5 179 54 39 66 145 175 102 173 83 240 84 167 166 197 217 201 174 183 82 218 210 98 205 57 62 146 150 92 33 168 85 144 115 137 53 25 224 93 21 110 50 184 37 99 94 61 22 11 59 69 28 187 246 232 100 149 143 80 114 188 169 211 79 87 40 237 194 29 74 76 162 117 48 245 105 32 10 106 77 19 193 2 158 180 214 221 23 9 41 220 124 113 78 27 119 228 118 20 16 223 6 192 155 189 227 153 159 230 229 135 206 96 242 204 152 185 7 68 51 198 203 31 200 216 35 138 128 111 148 190
96 108 136 86 179 222 221 140 134 125 60 69 205 153 250 52 159 163 232 156 200 155 168 28 180 198 208 118 235 225 217 186 119 139 94 104 152 223 68 149 35 30 9 151 21 226 172 187 239 3 129 85 44 137 13 6 218 147 170 93 116 59 62 49 89 83 123 26 36 234 23 77 39 183 19 45 233 17 74 32 181 70 58 245 4 25 211 124 177 130 248 78 61 190 121 111 1 192 106 162 18 37 131 64 165 38 197 54 174 71 5 15 236 128 216 148 161 194 127 146 81 2 95 158 34 90 40 212 204 126 141 16 135 113 227 196 56 50 173 55 167 209 191 132 43 241 12 169 144 230 103 201 76 10 84 75 22 224 14 176 114 150 189 110 175 79 219 51 33 53 42 160 24 105 88 97 72 185 67 47 199 237 80 102 203 244 220 112 99 109 133 66 166 228 178 249 117 247 138 87 48 210 214 231 206 164 157 193 143 182 188 207 202 46 65 229 101 246 57 11 73 184 8 82 7 145 215 120 122 92 115 63 142 171 240 91 242 41 107 243 29 154 31 98 238 213 20 100 27 195
94 3 12 8 79 243 45 70 1 7 96 247 124 193 104 13 207 158 77 56 198 25 35 192 159 148 176 32 92 42 240 17 173 228 37 9 189 246 146 103 88 52 89 130 204 61 144 241 112 235 170 62 164 218 68 90 26 126 66 187 69 34 209 134 22 185 135 23 81 80 196 205 203 19 85 71 82 24 147 113 229 43 174 60 4 10 53 172 27 110 157 132 216 97 18 119 123 160 54 51 44 86 186 137 73 169 224 74 83 166 114 236 14 151 168 226 190 239 201 64 214 129 58 231 121 98 122 29 156 238 191 153 178 102 161 16 181 36 197 210 49 65 154 55 171 50 233 95 41 145 211 194 177 165 230 117 59 125 138 118 142 199 131 234 163 202 76 39 184 245 215 225 109 99 219 2 141 31 150 115 72 208 11 167 242 136 140 91 195 78 21 217 222 57 48 33 30 40 20 188 248 220 67 162 100 232 175 5 237 106 47 250 213 133 179 116 111 149 127 105 182 180 128 28 139 227 249 63 212 93 101 15 46 120 183 221 38 84 143 206 6 75 108 155 107 223 200 152 87 244
43 184 37 90 244 163 53 57 207 152 243 147 125 206 139 5 19 81 149 12 137 221 3 27 31 40 51 126 154 142 250 13 96 150 94 33 54 224 127 171 30 238 122 205 114 210 204 83 213 180 105 11 111 25 138 29 18 118 215 239 160 110 39 41 161 225 211 61 85 42 186 58 172 189 212 130 193 7 132 188 71 21 74 10 8 223 197 220 134 164 158 185 182 236 79 120 77 198 173 65 70 167 135 113 117 226 129 97 64 190 200 89 101 148 38 187 14 183 119 191 177 92 169 141 179 195 245 123 168 234 46 34 55 47 194 128 52 231 229 68 208 9 196 28 201 98 175 247 181 75 24 103 59 95 235 133 23 192 87 20 170 156 237 242 78 199 6 56 227 106 16 216 63 131 69 2 146 73 166 100 44 48 230 91 124 159 66 35 217 104 174 116 233 26 88 209 22 162 60 1 248 115 86 107 136 176 151 67 82 15 102 4 240 76 222 218 144 246 32 84 145 214 249 49 219 80 241 153 155 108 143 50 72 93 140 99 36 62 109 45 157 202 165 178 121 232 17 228 112 203
141 167 95 172 241 180 191 61 170 129 200 5 74 90 19 48 40 125 116 239 29 78 51 130 203 52 54 233 58 137 145 186 43 62 144 225 159 99 13 120 36 229 160 168 217 206 23 202 25 220 42 179 231 128 140 20 135 244 46 208 102 70 86 47 38 155 33 199 2 6 60 250 21 110 12 9 35 195 92 249 87 142 49 222 247 173 91 243 192 126 153 89 28 227 66 151 175 117 158 64 107 187 205 201 83 133 118 161 75 63 196 197 76 80 97 156 143 55 174 4 213 115 236 72 162 73 184 18 27 182 223 164 246 1 77 104 210 148 122 237 163 114 93 171 221 149 157 31 82 242 105 152 147 32 30 17 39 131 119 228 212 85 22 235 198 45 209 216 57 7 16 41 193 113 218 238 136 56 127 123 8 108 207 176 211 245 10 14 124 154 24 50 169 134 190 219 181 81 183 65 53 215 139 84 248 165 112 224 232 88 138 79 204 132 37 3 226 106 178 103 101 166 94 194 109 67 111 121 59 11 34 96 185 69 15 240 26 214 71 100 189 150 44 68 234 98 146 230 188 177
88 120 145 197 156 49 245 119 234 103 48 87 240 163 127 182 158 81 185 199 70 71 152 180 130 136 159 116 231 47 29 146 51 191 15 19 131 79 154 39 213 242 105 5 183 214 2 179 91 166 108 104 128 36 244 236 18 215 16 248 178 93 190 249 38 73 46 209 84 192 238 198 207 177 125 193 122 232 164 243 137 22 225 170 13 75 239 123 106 201 144 31 224 94 20 35 99 52 167 220 56 205 117 181 157 42 76 132 208 83 63 237 194 210 161 37 4 33 67 72 140 250 100 216 233 77 82 45 174 68 1 143 62 85 241 147 226 212 113 43 206 59 86 196 172 187 50 89 175 222 30 32 26 23 148 150 74 133 155 135 126 96 153 40 223 246 98 80 141 221 24 142 129 78 110 160 109 200 235 61 60 92 97 64 112 227 151 101 162 3 58 107 186 165 12 218 188 211 21 228 14 28 9 57 195 65 118 217 7 114 44 203 171 10 247 176 55 90 66 27 17 139 124 41 69 8 173 53 115 168 6 121 184 229 54 34 95 189 138 111 230 102 149 219 204 202 169 25 11 134
15 119 101 166 237 193 146 88 176 243 172 152 242 211 129 143 114 32 81 240 134 236 102 216 209 17 5 174 103 182 227 234 206 11 175 205 147 25 80 90 188 187 111 39 63 169 138 28 221 241 30 207 50 72 86 173 61 248 112 121 171 62 156 233 104 24 94 161 38 149 128 53 145 42 18 34 69 110 247 238 54 71 2 22 184 141 196 228 127 190 59 19 29 137 217 55 202 113 230 244 201 98 33 23 225 85 48 151 219 40 199 142 160 115 66 26 177 168 109 70 214 167 181 58 220 45 165 191 37 46 157 116 195 212 204 107 159 106 215 126 67 186 14 68 8 1 35 245 223 49 16 133 120 84 100 194 52 7 123 136 135 97 20 164 79 180 95 232 229 231 36 148 3 74 92 9 200 118 224 41 83 198 249 235 226 65 82 239 178 77 189 179 99 250 21 210 218 12 153 170 89 203 108 4 31 13 130 78 162 158 124 10 163 132 75 140 60 91 213 76 139 44 222 96 122 125 87 56 47 192 64 150 183 105 43 155 6 144 154 57 117 197 51 246 208 131 27 73 93 185
241 70 56 91 120 205 75 62 202 103 219 93 28 114 170 161 209 95 24 248 165 127 108 181 34 128 38 190 43 200 250 50 162 130 55 22 160 184 228 138 79 10 247 68 189 249 144 182 29 77 82 142 188 237 158 23 125 207 58 113 171 192 41 88 149 17 53 155 197 71 3 174 235 15 117 85 216 105 243 33 145 49 126 51 48 112 234 136 31 121 123 238 119 178 6 179 26 39 25 198 194 218 217 172 131 163 187 60 72 185 140 233 111 110 193 132 109 64 57 8 133 147 135 18 206 157 99 100 89 236 151 47 242 240 139 2 224 5 150 83 37 45 102 66 166 46 230 54 86 154 246 14 61 97 124 137 159 76 80 152 92 186 116 167 1 245 180 183 52 244 122 67 59 42 90 164 146 176 129 226 36 221 69 222 156 213 118 141 30 40 115 19 96 220 44 78 13 73 212 227 134 214 169 210 191 204 7 208 98 199 9 203 84 223 173 107 32 168 232 21 27 215 12 104 4 35 195 177 175 239 143 94 106 229 148 65 196 201 81 74 211 101 11 63 153 16 87 231 225 20
172 85 56 242 155 208 135 92 62 2 215 136 100 250 69 146 218 55 153 161 249 46 78 84 93 8 239 15 232 76 106 179 50 96 105 36 11 59 99 39 112 53 17 150 209 21 77 199 181 180 132 128 48 87 35 228 119 71 131 83 192 88 108 18 65 238 226 175 29 157 188 45 187 104 229 244 163 111 227 89 207 149 3 225 204 91 121 66 212 248 52 133 171 236 37 237 23 138 235 222 197 22 41 5 124 118 61 230 219 49 16 12 79 193 140 86 144 10 217 64 28 94 159 74 145 211 189 4 30 174 186 182 156 210 185 26 246 67 102 194 90 38 24 127 40 213 68 196 220 6 42 154 200 178 247 113 234 110 103 139 195 54 125 148 206 70 160 184 51 191 97 221 167 142 80 126 165 198 233 183 141 143 34 114 60 27 168 243 9 170 98 177 147 190 173 203 109 116 32 1 201 117 47 57 202 115 7 123 107 58 166 82 231 95 241 176 120 223 214 14 33 19 216 31 158 137 164 25 101 81 240 13 151 20 72 245 162 43 44 224 152 205 75 73 169 130 134 122 129 63
77 15 154 203 81 106 139 26 204 109 200 148 149 122 140 38 199 239 237 85 153 2 72 244 168 113 120 144 176 43 48 141 201 209 94 175 78 17 235 146 231 9 145 92 159 216 207 206 30 11 245 222 137 196 202 169 59 134 187 129 4 233 63 16 39 52 132 147 14 211 157 88 23 18 181 224 3 195 143 37 71 191 212 41 13 84 186 198 50 54 161 87 150 68 133 164 158 163 108 172 69 79 218 205 104 110 238 80 25 192 135 31 248 249 22 228 236 47 131 91 20 241 220 160 247 208 24 1 197 98 118 96 156 49 226 32 240 5 188 151 33 27 115 36 184 190 124 76 194 107 55 210 103 89 46 127 229 215 100 62 182 12 142 75 6 116 126 178 130 102 58 221 99 246 19 45 219 152 56 183 95 74 167 83 21 136 125 53 179 44 230 111 119 217 51 232 97 65 170 162 128 166 86 7 250 61 8 123 174 117 66 40 227 82 90 64 112 28 171 73 42 242 93 29 225 214 155 243 173 60 234 70 138 101 57 185 223 67 121 34 165 35 114 213 177 105 10 193 180 189
76 26 30 209 105 154 103 12 70 139 131 82 9 1 135 96 200 213 88 60 100 4 130 219 142 72 215 196 49 247 230 2 45 229 136 162 175 21 71 58 13 171 32 193 75 144 167 173 31 137 41 107 122 243 110 78 102 121 238 67 84 27 156 115 245 163 44 179 194 114 191 74 203 211 143 108 148 242 57 172 22 218 16 25 62 89 39 140 177 234 189 33 237 168 212 90 223 61 10 18 178 228 55 204 14 99 68 73 106 134 164 197 174 207 17 119 153 147 91 43 180 184 183 222 125 235 117 227 176 64 20 19 240 220 224 158 128 11 94 6 208 97 217 23 24 129 36 159 198 80 34 127 155 85 185 83 7 231 63 3 42 112 250 95 52 104 38 56 77 221 126 226 190 166 239 195 50 201 86 141 188 149 133 37 118 205 28 152 15 225 101 151 79 53 113 202 236 54 132 206 120 98 192 182 199 248 246 35 165 65 186 109 210 116 157 181 187 170 46 111 244 123 66 150 145 69 59 233 81 47 8 51 249 169 160 48 161 214 87 146 93 124 29 5 216 138 92 232 40 241
182 98 33 219 90 77 151 42 180 91 6 149 19 233 214 242 81 130 228 101 145 211 92 192 70 109 138 159 186 193 189 171 38 165 13 244 89 185 154 217 74 128 160 108 173 129 220 64 102 59 65 249 86 194 209 37 61 39 43 142 204 231 202 54 46 34 79 16 206 107 134 166 31 172 164 97 117 113 24 119 60 120 112 83 44 80 73 144 48 47 95 78 143 190 124 105 200 45 71 122 168 141 125 12 226 163 63 40 15 21 139 121 133 250 127 246 8 135 49 196 223 236 114 2 23 210 76 41 29 156 229 167 224 245 232 248 221 104 195 234 67 183 103 198 240 58 115 52 131 14 148 201 243 175 51 87 20 174 56 53 126 241 36 85 247 162 9 218 140 176 161 30 237 170 136 181 35 187 99 27 32 62 55 146 179 238 191 96 153 205 203 147 184 118 68 188 75 222 3 239 169 177 26 116 22 155 17 84 28 66 158 72 111 11 137 215 93 150 7 152 100 132 94 178 25 199 57 213 216 88 212 208 82 4 50 207 1 230 227 5 197 69 10 235 110 18 157 106 225 123
194 98 21 46 60 43 242 37 30 143 12 55 89 210 94 227 222 155 128 47 64 249 112 69 248 90 162 80 11 13 99 102 15 172 206 161 14 4 170 196 134 247 48 101 205 133 238 5 163 121 118 211 240 212 165 183 200 160 197 49 73 78 125 110 235 29 166 239 198 153 68 173 54 96 104 215 19 109 135 87 79 130 44 216 246 124 76 120 20 241 9 31 86 154 144 174 146 228 147 231 3 58 140 1 84 16 178 176 39 131 45 52 24 149 61 245 234 156 233 159 126 145 229 114 32 250 179 66 221 180 175 23 122 17 2 199 185 236 137 218 108 71 167 187 139 223 177 168 59 148 237 204 91 83 117 111 65 195 141 230 190 97 188 189 207 202 28 119 57 213 82 208 169 103 158 116 67 181 41 56 40 70 138 25 226 6 184 10 42 22 93 27 8 129 132 50 38 191 107 26 152 182 75 243 106 53 201 105 113 62 85 18 63 123 35 171 88 81 192 142 217 232 150 36 77 164 127 136 225 219 33 72 220 34 157 100 203 214 244 186 51 193 92 151 74 224 95 7 115 209
44 200 35 13 145 192 153 128 213 137 56 58 172 134 46 80 73 60 86 240 207 47 180 236 178 64 166 106 55 238 167 131 138 249 113 144 101 31 14 71 233 37 129 108 230 118 242 175 125 162 41 27 89 26 18 133 83 130 2 215 93 40 121 11 221 82 216 54 235 185 140 179 214 20 111 146 17 148 100 210 105 75 124 116 197 243 39 10 141 91 218 244 195 72 223 173 102 250 97 157 182 77 163 61 51 33 76 48 199 36 226 38 139 189 32 34 222 203 224 202 190 160 237 109 30 225 50 212 174 152 110 159 229 150 57 155 45 3 227 248 78 67 66 53 193 115 188 186 169 127 142 123 16 246 49 132 63 4 9 59 135 151 158 24 208 164 65 183 7 92 95 161 196 194 181 23 217 209 96 69 15 232 88 117 234 204 156 90 143 154 219 177 62 43 201 228 170 25 191 8 85 206 114 122 81 184 171 103 112 94 1 245 68 187 87 12 6 22 119 168 147 5 42 29 28 247 52 126 74 231 79 239 99 107 104 84 136 19 205 70 98 165 120 198 211 241 220 149 176 21
139 85 24 150 202 157 223 198 23 158 81 140 151 232 148 58 171 82 192 78 38 193 173 21 237 239 100 179 2 71 56 233 203 194 73 172 83 114 197 51 7 46 116 209 227 97 76 234 240 167 37 137 59 176 70 217 45 29 135 246 228 154 129 14 206 80 144 161 224 42 32 40 44 20 213 160 241 67 210 164 134 235 162 212 50 242 175 102 110 87 222 91 177 111 221 107 104 66 13 79 11 190 250 124 244 205 5 96 53 84 33 108 12 113 245 35 69 181 220 188 207 93 182 146 218 101 106 26 143 121 62 41 187 127 123 86 141 77 249 98 159 74 226 132 195 34 103 52 183 30 225 47 105 119 31 10 55 130 166 155 22 170 99 60 16 17 1 184 64 25 92 120 147 75 9 178 191 196 39 136 126 149 238 72 204 152 49 95 230 28 115 163 8 185 133 199 236 138 19 248 54 229 142 215 117 174 219 180 122 27 89 128 214 68 243 18 4 247 94 15 168 186 145 216 211 118 200 43 208 125 63 65 231 109 36 88 112 57 153 48 61 6 3 201 165 131 156 90 169 189
46 102 82 191 69 142 201 16 66 225 179 231 178 114 203 215 244 211 206 113 7 76 220 64 137 17 34 145 33 200 12 157 235 59 63 223 132 197 138 22 190 31 151 41 19 3 109 194 241 156 98 42 232 104 13 73 198 129 11 245 249 122 86 48 230 181 239 18 131 202 77 204 166 103 143 224 25 55 242 119 26 96 189 192 65 23 216 60 43 75 165 89 238 36 236 70 30 37 152 44 4 38 214 177 187 111 128 14 40 107 112 35 199 27 134 147 29 222 154 121 95 246 153 141 163 159 105 92 170 212 233 188 51 32 162 182 124 100 185 108 1 184 221 213 72 115 10 93 83 97 49 84 78 208 176 227 160 91 116 53 106 88 125 126 237 21 135 243 120 62 196 56 80 67 28 39 205 117 2 218 54 207 118 180 173 149 144 169 161 247 50 133 101 155 81 240 6 195 229 94 130 234 186 209 68 47 71 99 74 127 61 174 79 217 158 167 20 146 219 248 8 150 15 24 168 87 226 210 175 139 45 164 148 123 193 90 85 172 250 57 183 228 5 140 52 110 9 136 171 58
116 156 82 192 44 222 27 105 89 196 185 141 4 7 51 8 48 213 221 74 198 247 122 49 85 84 10 187 22 113 60 248 111 63 137 101 153 34 168 203 26 177 245 220 146 142 189 29 236 58 46 75 19 45 227 1 118 20 165 62 87 104 47 160 15 161 56 130 94 65 155 17 91 207 72 210 124 250 37 217 88 214 123 205 140 127 53 152 144 239 11 235 148 179 237 61 12 243 197 216 106 224 129 204 107 57 133 6 151 100 81 162 2 202 226 115 173 241 147 230 190 209 79 128 208 126 175 77 109 102 23 164 154 40 68 55 95 54 244 97 232 66 212 183 70 5 103 223 233 174 157 39 67 25 218 211 41 169 138 143 167 32 24 193 194 200 191 206 16 69 131 38 238 14 166 242 234 36 150 117 42 184 180 186 35 92 201 172 240 13 43 59 176 182 110 195 52 149 93 199 219 121 80 181 163 228 71 132 188 28 112 215 119 246 64 90 96 178 31 98 73 120 114 76 231 145 30 78 134 50 125 99 21 159 18 229 3 170 171 135 225 136 9 249 83 158 33 139 108 86
205 196 30 168 214 123 45 33 58 106 40 213 15 174 56 210 28 74 223 104 22 109 145 77 152 8 95 163 120 222 38 159 43 93 26 207 239 137 90 91 129 228 185 154 146 21 101 179 234 162 250 216 171 50 13 122 190 218 62 64 5 3 125 80 151 31 215 78 115 100 116 182 231 41 247 226 240 189 1 61 70 14 186 54 113 180 178 131 238 52 175 17 89 67 36 103 73 199 193 232 59 192 221 236 140 75 114 88 107 167 142 99 126 32 94 66 201 53 169 173 23 18 187 220 245 105 55 112 25 92 51 19 139 144 156 188 181 117 86 134 243 177 97 235 132 127 230 135 242 225 48 72 69 118 224 11 111 150 128 84 183 124 176 197 65 141 227 81 20 170 198 16 248 39 68 244 161 160 27 209 249 217 184 35 155 164 44 9 4 157 87 110 98 153 202 219 24 79 136 57 29 42 212 172 165 204 147 6 34 7 200 208 82 203 206 60 138 130 143 211 83 71 108 191 194 96 241 121 229 12 237 246 63 195 85 102 158 47 166 49 10 46 148 233 2 37 119 133 149 76
77 19 56 213 58 12 146 64 184 76 91 67 197 74 141 161 195 198 221 124 7 215 201 240 168 85 176 167 35 73 231 114 26 133 27 249 22 6 157 54 49 179 104 16 172 207 210 107 150 144 55 103 132 174 23 229 33 17 232 93 30 21 139 243 244 84 136 51 242 170 5 128 248 71 129 38 127 143 241 181 75 86 41 60 193 151 122 97 209 148 15 192 212 183 66 34 80 20 178 42 165 78 29 227 120 214 171 89 116 83 57 36 102 69 88 216 100 162 233 245 137 25 39 94 59 153 62 175 82 44 113 191 99 234 187 217 31 50 173 47 32 250 160 40 9 163 11 147 246 98 108 72 106 182 223 123 13 211 149 3 87 194 101 125 112 226 48 37 189 134 235 135 8 90 52 117 81 4 219 185 222 208 53 205 95 236 169 65 63 111 61 138 10 46 228 110 224 131 239 118 115 45 190 154 152 68 206 238 220 79 204 188 196 109 119 140 177 92 247 166 43 186 96 1 24 199 203 225 18 145 121 230 156 158 202 237 155 70 14 159 142 180 218 130 200 126 105 2 28 164
134 12 168 61 44 159 222 34 225 177 92 200 113 46 208 58 78 102 75 215 186 232 94 87 27 239 194 173 50 203 4 248 209 45 55 231 90 129 95 224 67 139 163 137 128 155 237 176 127 175 145 29 198 249 6 190 42 33 189 64 157 104 66 72 56 183 153 11 39 130 144 63 201 24 100 13 111 161 26 124 48 160 141 120 227 73 83 115 57 77 32 117 126 166 197 179 170 140 220 151 165 158 143 97 211 169 188 17 162 43 174 51 219 193 146 221 235 131 230 53 112 135 62 91 136 195 233 234 37 187 40 148 30 250 105 206 14 36 59 60 213 80 9 109 89 7 178 243 207 238 49 236 152 116 65 68 212 246 216 181 21 132 180 226 185 31 247 103 184 84 107 138 20 106 70 1 202 2 5 210 41 54 122 82 217 35 228 23 199 88 86 142 38 147 114 242 205 204 79 156 214 19 101 25 149 172 28 74 93 76 154 47 229 18 244 118 52 121 69 218 245 196 10 133 85 164 123 99 171 8 96 110 81 98 108 182 22 167 71 192 16 191 240 3 15 241 150 119 125 223
47 226 158 86 103 240 120 101 213 51 119 39 197 144 76 35 164 228 179 77 133 192 3 249 173 219 10 115 176 45 99 5 19 69 186 248 112 89 184 110 18 12 222 151 185 22 121 32 25 227 208 189 90 205 235 79 21 17 61 200 207 136 42 193 70 224 163 127 116 132 145 148 180 238 113 215 191 234 85 66 9 125 80 49 114 96 211 172 40 75 30 217 1 57 104 16 95 187 153 91 142 135 146 233 246 63 60 239 53 131 231 44 168 11 175 117 247 43 73 20 183 137 181 118 74 250 124 230 34 237 6 225 203 128 229 71 83 46 242 134 223 198 204 214 64 202 155 156 111 188 31 58 122 218 196 68 84 147 33 26 177 98 88 194 13 152 72 171 106 81 56 48 78 109 195 54 166 182 161 93 178 59 212 210 62 108 102 169 15 100 2 50 236 220 139 7 41 243 23 190 87 29 14 209 170 244 67 141 160 97 206 150 201 94 65 52 92 149 165 199 36 55 24 157 129 126 162 138 221 82 232 154 27 159 37 130 167 143 140 216 174 4 123 107 8 245 105 28 38 241
228 131 224 122 184 243 9 167 137 36 65 211 170 99 96 17 68 138 3 141 198 246 35 73 203 201 202 185 6 89 207 120 27 182 188 156 176 63 206 71 104 164 241 33 44 113 98 208 60 160 149 22 123 94 88 31 250 140 133 193 247 82 103 119 213 128 191 92 61 117 49 111 29 218 54 226 145 174 179 205 139 233 57 222 108 240 166 197 37 67 215 143 142 2 75 152 183 217 42 237 64 127 195 15 62 85 144 124 69 30 162 109 80 177 171 11 239 66 194 216 135 24 116 95 34 23 126 105 100 19 134 110 168 178 20 238 232 74 16 212 204 81 223 93 53 219 52 154 165 210 186 214 77 189 41 225 172 45 46 25 10 26 55 163 32 220 132 91 83 107 59 200 130 72 112 136 161 50 242 106 38 21 221 86 58 12 147 190 150 209 231 43 187 158 229 196 79 227 148 192 230 114 97 56 1 235 70 48 40 101 249 118 13 47 78 121 159 28 51 169 248 115 84 181 236 157 7 151 173 234 90 129 153 245 8 175 5 76 180 4 125 87 146 102 39 18 244 155 14 199
173 34 164 64 189 131 97 194 85 96 123 108 154 229 28 9 150 12 50 169 56 115 243 25 166 32 27 122 21 94 201 37 107 55 232 117 29 143 186 83 213 221 73 16 155 247 126 188 142 132 124 230 116 70 48 157 250 151 141 59 93 184 206 49 156 210 214 163 207 242 162 65 118 101 99 120 198 191 14 5 90 218 19 113 8 211 112 231 135 171 160 31 129 109 236 125 172 45 80 234 147 47 170 190 195 7 35 203 241 153 71 61 177 199 92 72 152 183 187 237 91 24 89 22 4 215 38 144 39 62 222 246 193 103 205 133 137 88 66 111 84 204 145 238 175 227 1 245 223 81 138 139 149 146 216 127 167 68 209 130 176 42 41 76 33 185 158 119 60 197 148 106 10 136 74 78 208 2 228 43 100 79 75 179 23 224 51 239 114 82 77 248 196 67 17 63 86 219 95 174 26 20 161 44 3 212 244 165 36 134 46 87 168 159 178 13 54 233 110 140 58 98 235 6 200 128 217 105 18 121 30 40 15 181 52 57 102 104 225 69 249 240 182 220 226 11 192 180 53 202
219 110 129 197 163 201 212 98 104 82 202 166 93 58 86 123 218 185 233 40 214 235 55 236 38 158 45 147 204 127 142 183 54 223 125 155 170 114 175 71 100 221 131 180 41 237 23 143 179 121 47 209 39 120 153 194 141 34 167 137 165 168 193 152 226 248 238 6 70 189 157 138 64 80 25 65 74 52 182 191 66 24 156 173 85 77 96 10 18 48 69 130 75 246 208 174 196 225 109 230 124 232 78 203 5 12 154 8 53 133 62 210 13 76 21 239 103 243 140 139 112 113 79 28 198 234 181 188 148 22 35 101 99 172 20 229 161 83 247 26 27 169 205 14 178 215 4 162 231 102 118 31 145 50 84 56 136 51 211 216 151 227 240 63 91 134 190 67 43 108 242 126 42 200 217 106 95 224 1 7 44 89 115 206 16 241 128 220 199 92 15 9 32 117 177 222 186 135 33 17 73 250 187 111 46 249 122 164 149 90 213 146 87 105 116 59 3 119 132 29 30 68 88 184 72 97 60 144 207 195 19 94 245 159 11 244 171 192 150 176 81 228 107 37 36 2 57 160 61 49
16 30 198 75 250 146 239 129 200 26 205 62 29 44 81 231 42 54 61 104 182 242 151 125 178 232 230 51 244 221 15 180 47 238 214 128 43 112 176 201 39 68 103 247 225 48 89 227 220 173 19 150 59 140 102 224 193 149 41 97 133 210 167 100 135 10 64 108 77 241 98 199 215 107 56 160 156 152 168 116 101 92 94 154 106 84 114 33 35 86 67 169 166 130 157 70 123 229 95 223 12 85 170 82 204 136 186 208 181 127 158 141 161 207 65 164 142 28 216 179 153 57 211 18 155 184 45 143 87 69 189 50 8 174 25 233 3 93 66 159 236 53 165 60 7 245 144 243 192 139 58 63 172 240 24 202 234 72 23 83 196 120 6 248 188 76 147 99 126 185 132 162 31 109 71 213 20 237 124 194 131 55 36 148 1 14 91 2 117 113 27 13 110 88 49 11 90 228 115 119 4 34 219 40 183 222 235 138 218 38 137 163 17 249 105 191 171 80 209 206 5 78 32 37 177 74 73 52 79 226 21 197 118 145 46 217 246 9 22 134 212 190 187 122 121 203 111 175 96 195
67 44 213 57 26 154 68 103 11 187 117 177 139 149 24 19 56 197 233 21 72 239 173 244 32 122 81 106 105 128 214 4 8 9 70 171 101 217 36 23 61 145 120 242 182 157 16 148 203 46 30 142 27 243 14 137 176 10 33 109 15 236 194 146 158 238 248 29 210 229 18 93 75 7 240 223 163 22 165 125 192 42 50 228 76 204 180 209 80 170 169 51 161 2 198 20 186 207 168 118 241 111 13 232 53 45 60 156 152 113 208 130 188 110 230 95 97 199 193 172 31 150 3 112 79 179 155 134 90 104 144 250 247 162 47 160 71 37 92 98 25 237 220 116 249 48 245 202 17 49 41 82 73 123 55 34 212 6 108 40 191 164 211 28 206 115 43 85 138 35 235 129 226 159 151 225 183 132 12 74 147 59 91 218 141 58 83 1 126 175 221 94 69 124 140 86 181 39 38 114 196 167 190 131 5 64 143 99 87 84 100 78 201 96 200 174 107 52 195 133 63 121 227 65 222 136 119 224 184 66 246 62 166 77 219 205 127 135 102 215 231 234 216 88 54 178 89 185 153 189
126 93 201 200 146 6 161 226 31 147 207 168 62 41 149 98 72 173 71 246 17 13 193 132 176 134 227 179 244 174 170 18 43 162 63 185 33 34 30 68 112 58 206 214 116 57 23 187 157 35 233 118 7 237 65 37 85 99 235 202 69 55 61 81 79 109 165 177 127 228 184 236 160 163 222 181 16 87 2 198 40 36 91 24 171 225 217 196 180 38 167 54 224 101 125 32 105 104 88 92 248 48 73 143 234 243 82 45 209 156 195 208 83 25 230 172 113 3 131 67 144 96 142 166 74 130 188 20 75 135 89 5 191 84 28 140 133 150 250 190 9 15 141 229 39 80 242 107 119 51 240 49 194 21 139 249 103 14 70 117 122 241 213 203 4 129 247 22 86 53 215 223 205 164 78 148 42 108 60 77 183 50 47 218 26 189 145 97 216 153 178 106 29 121 56 239 59 204 1 8 245 12 44 138 151 197 128 115 19 120 124 90 221 94 66 210 231 232 155 52 111 199 182 27 11 123 100 102 152 10 95 159 219 154 136 212 158 186 114 64 211 76 238 110 192 175 169 46 220 137
171 177 98 67 14 54 123 226 204 153 117 219 80 213 2 112 12 130 221 241 70 196 5 66 149 96 148 199 214 83 169 245 29 163 38 20 104 114 152 138 246 23 189 227 165 182 47 131 139 122 110 178 127 24 53 206 164 233 121 185 34 26 161 224 21 168 181 128 228 118 19 11 190 155 192 173 133 166 230 73 82 217 97 197 154 202 71 100 210 187 10 4 229 27 225 156 162 249 125 18 37 16 218 239 88 235 237 48 223 91 188 84 51 194 89 236 55 232 56 116 243 9 94 157 65 77 216 93 99 176 142 119 41 144 147 50 49 61 124 40 175 184 7 30 111 250 140 35 146 212 170 107 211 186 242 76 134 209 6 85 151 172 193 238 72 57 191 109 31 132 222 195 13 108 74 136 8 63 62 141 120 113 36 45 200 240 58 90 33 43 143 180 207 215 39 244 201 198 115 159 92 145 15 247 78 248 81 52 87 25 103 101 46 64 179 28 102 17 150 137 95 44 105 32 174 167 68 135 160 42 59 158 220 75 69 86 183 22 231 106 79 3 208 60 126 205 129 1 234 203
87 181 59 134 199 204 114 133 217 77 15 210 121 6 179 84 239 214 54 9 16 28 186 240 184 236 194 244 226 201 109 55 164 66 157 117 250 72 92 91 105 151 10 8 125 76 33 26 219 102 170 206 248 198 104 128 23 64 98 154 99 127 93 229 167 130 110 61 5 11 129 224 220 203 68 22 150 7 82 140 209 212 152 155 223 218 144 95 169 24 57 245 122 18 38 34 222 178 175 74 207 75 44 205 185 171 112 195 193 116 191 177 162 67 221 173 20 1 3 97 56 63 50 238 88 211 188 216 142 45 58 180 101 172 153 143 19 208 85 202 96 190 31 176 135 118 25 234 29 78 232 51 60 230 81 141 136 52 123 156 79 46 13 249 94 27 49 41 138 228 80 241 42 145 158 30 187 233 90 174 159 17 108 107 2 200 146 139 148 21 39 168 103 213 137 192 246 106 237 83 147 4 73 32 131 247 100 149 43 166 70 111 89 231 53 48 227 113 120 47 69 242 189 40 163 86 161 182 126 160 36 196 71 235 35 124 165 183 65 225 215 62 197 12 37 14 132 243 115 119
102 205 106 144 141 180 77 32 225 93 131 58 167 8 13 112 47 97 68 74 78 147 175 140 76 194 152 218 163 46 48 125 219 134 90 52 195 160 20 108 196 75 250 188 133 206 242 41 166 69 53 238 28 213 21 164 60 217 70 179 35 185 159 228 157 192 95 156 33 153 101 40 190 105 109 39 208 57 80 61 193 135 128 117 14 227 139 31 17 121 6 1 178 148 15 82 209 19 24 16 235 150 240 64 23 191 182 127 26 187 88 44 220 3 81 54 146 63 50 176 111 107 137 85 248 149 244 45 123 200 42 155 170 245 177 4 201 223 199 230 51 73 71 96 9 84 234 10 38 143 18 91 122 34 183 124 249 232 168 129 197 165 29 89 174 118 22 130 151 241 116 233 11 67 222 113 65 237 30 25 7 126 204 55 104 224 99 184 203 145 120 110 138 92 202 132 181 236 79 226 72 36 216 62 5 98 103 211 246 214 221 115 229 142 239 100 161 94 162 2 27 158 198 169 171 56 247 66 43 172 207 114 136 154 189 210 173 215 59 186 231 212 83 119 12 87 37 86 49 243
103 209 166 39 211 72 90 102 247 41 234 169 11 18 111 143 163 48 97 153 19 195 10 243 239 199 154 246 177 21 126 198 178 151 119 98 131 172 138 84 217 81 57 214 94 73 212 203 186 216 165 167 17 133 114 180 134 206 220 5 200 210 173 61 189 235 136 14 86 221 88 205 22 52 238 123 118 33 124 128 100 248 104 127 115 250 59 92 78 40 2 36 191 218 96 93 63 105 193 91 13 71 8 236 145 240 108 44 110 106 137 4 249 164 60 161 159 6 74 148 54 79 196 208 29 149 242 156 135 80 182 241 49 129 113 229 37 204 219 42 144 3 34 87 32 170 43 244 56 237 89 68 120 121 231 23 213 9 176 224 62 65 125 95 233 168 202 232 12 77 76 24 31 35 158 192 116 99 1 141 175 194 187 140 26 190 67 225 58 179 227 47 66 222 207 160 185 107 27 30 25 53 174 28 215 69 181 101 15 245 112 188 75 150 85 130 51 162 109 201 82 117 46 147 139 152 197 64 157 226 16 171 228 38 20 184 132 55 155 122 223 7 50 183 45 70 230 142 146 83
45 80 119 144 31 2 147 96 12 49 214 153 189 30 176 242 79 102 169 151 146 158 170 35 69 127 129 171 157 39 67 188 209 179 44 17 203 72 8 135 206 160 159 65 149 222 200 1 106 229 164 250 26 76 4 210 110 202 232 34 20 112 236 104 223 100 140 87 197 42 52 163 55 38 138 21 123 167 226 156 62 27 43 224 108 243 235 114 139 143 205 40 212 228 190 82 118 152 33 81 54 95 133 219 89 71 185 175 37 165 92 105 128 161 154 215 75 16 97 194 28 116 221 36 125 177 207 145 99 204 93 25 103 126 9 168 201 217 178 90 74 199 3 78 246 50 24 64 241 86 85 218 227 61 53 94 180 244 120 6 166 193 233 183 137 124 238 73 136 63 192 198 101 211 196 59 77 51 208 10 248 191 14 111 237 68 48 174 216 15 11 173 182 46 148 41 5 18 117 109 240 230 155 47 56 234 98 187 32 23 247 19 249 245 239 115 60 134 172 213 225 107 13 150 7 88 142 195 83 141 22 122 162 57 66 184 131 58 186 132 130 113 29 220 181 121 70 91 231 84
243 184 98 1 18 162 28 27 132 221 9 155 90 86 131 127 227 106 245 145 198 93 78 120 49 10 164 207 38 146 138 109 217 158 107 82 89 114 108 31 188 116 70 67 239 241 58 222 60 180 228 236 50 212 52 8 95 26 122 208 160 19 167 15 133 125 172 77 119 129 204 235 128 156 193 136 141 134 112 148 216 179 113 173 62 240 97 247 53 37 20 40 25 118 151 205 56 99 225 33 210 23 17 45 149 100 200 68 69 190 105 234 101 237 150 123 11 157 85 126 13 44 115 124 211 47 178 140 249 248 57 21 199 219 177 231 22 104 72 206 147 66 166 232 61 41 246 159 83 55 91 117 6 143 238 75 121 220 94 59 183 144 168 139 74 154 63 12 161 224 195 165 209 242 14 46 29 81 42 3 54 214 196 7 194 176 102 181 73 2 16 35 191 244 169 87 39 187 171 213 48 153 4 84 152 163 192 230 185 137 5 218 142 32 202 111 182 250 34 103 175 88 189 223 135 65 170 229 43 71 51 233 226 30 110 215 24 80 130 79 186 197 64 96 92 174 201 203 36 76
37 168 47 17 9 73 126 67 129 230 122 58 104 189 239 173 7 250 54 77 1 113 204 144 76 234 94 18 130 97 196 90 118 238 72 45 3 191 180 199 215 80 132 179 246 134 221 235 220 14 232 156 131 182 102 222 171 227 219 188 111 22 42 43 228 176 31 245 53 243 146 186 150 138 125 167 33 49 225 128 112 66 177 99 34 143 141 13 61 81 166 159 32 23 16 29 163 184 237 2 86 172 127 169 78 198 145 133 69 98 82 249 218 226 157 106 5 236 136 103 160 154 211 12 140 155 120 174 183 60 21 116 35 56 27 79 88 241 248 224 231 38 57 63 50 185 93 114 147 115 25 195 206 240 51 109 10 162 151 201 242 202 124 107 70 153 55 117 148 26 139 87 233 229 71 119 83 192 44 20 68 213 158 210 214 197 170 92 178 24 108 203 41 62 52 8 89 84 36 64 95 212 194 74 75 208 19 137 244 149 205 209 135 48 6 200 96 85 181 123 207 217 247 28 15 165 110 164 30 190 46 11 161 193 40 152 216 101 223 4 39 121 175 91 59 105 142 187 100 65
114 200 234 44 57 125 92 113 250 76 162 83 88 64 145 208 222 129 34 187 14 173 35 18 239 188 91 160 122 127 46 163 77 99 60 105 219 235 135 214 137 25 229 124 128 97 90 132 1 184 39 165 199 11 192 205 94 49 81 3 59 143 87 186 183 15 40 193 54 107 185 30 174 85 120 63 197 53 131 191 69 169 45 190 179 210 116 141 37 48 55 225 181 67 4 148 110 36 115 106 71 170 159 31 50 42 70 161 10 12 231 17 196 82 218 22 38 104 194 138 215 119 86 121 68 9 147 65 133 233 154 96 80 140 136 213 223 245 230 13 126 146 246 167 66 27 144 102 101 242 16 8 248 6 211 189 238 151 58 111 98 112 23 118 33 232 204 247 89 61 56 228 221 19 216 41 240 236 95 156 32 249 139 28 220 24 175 201 43 26 171 182 117 155 172 206 237 21 164 47 134 84 224 166 20 176 195 149 226 123 7 29 93 198 103 72 227 212 153 75 2 158 178 5 152 168 177 108 244 109 243 217 78 79 74 150 202 209 62 52 241 51 180 73 130 203 157 142 207 100
68 222 212 164 111 156 21 247 218 28 228 134 141 217 51 201 216 24 200 162 87 32 13 17 127 115 89 7 132 180 99 35 80 92 45 83 207 204 203 234 172 187 49 250 123 18 86 41 219 126 197 3 133 150 237 121 190 52 66 213 23 153 149 109 19 240 88 147 208 42 168 225 46 129 22 202 144 124 11 226 196 67 157 78 179 175 188 220 53 76 163 97 81 79 70 211 246 107 31 244 25 34 227 161 48 167 104 138 74 229 96 151 112 9 232 130 36 186 243 105 205 137 241 44 71 210 33 77 233 173 56 16 110 192 91 143 231 93 139 169 90 29 103 248 152 63 58 61 176 38 30 221 215 4 8 120 54 84 206 106 101 191 14 65 245 239 85 100 43 242 235 108 193 98 184 57 116 117 37 113 223 75 114 94 159 199 47 136 178 73 27 59 214 146 122 125 183 145 1 160 142 165 6 185 195 224 177 62 131 230 95 236 181 20 174 249 69 154 10 148 166 128 39 102 140 171 55 238 50 155 15 64 119 12 2 5 82 135 198 189 60 158 72 194 40 170 26 118 209 182
130 200 134 26 101 250 177 220 168 38 205 24 158 167 53 221 128 126 225 179 217 242 6 120 160 32 136 249 86 106 97 122 207 226 229 176 174 169 70 194 146 57 182 108 198 40 4 227 107 82 104 244 235 143 96 190 228 245 206 240 197 52 78 65 13 181 34 60 195 17 137 43 159 79 100 150 163 118 80 23 21 121 62 72 187 119 58 193 89 45 7 172 84 155 238 47 73 77 93 214 157 61 36 133 156 95 39 127 22 246 102 20 135 161 145 35 216 218 180 66 110 19 153 71 15 186 239 56 203 98 2 142 109 11 91 87 202 175 166 138 208 188 18 162 116 141 140 114 131 94 210 41 63 90 196 222 103 173 171 215 247 28 199 212 192 230 125 144 49 1 184 69 8 213 223 105 152 31 5 59 83 237 178 81 68 154 241 191 115 16 185 117 37 201 148 55 243 204 44 124 211 248 139 27 149 75 151 33 67 164 236 64 3 25 46 51 9 233 132 147 74 113 123 92 48 12 54 14 111 234 219 232 170 99 224 209 129 50 231 189 10 165 42 183 29 30 76 112 88 85
197 183 45 64 191 152 29 132 96 92 203 217 182 16 9 221 213 224 34 62 124 93 142 130 100 189 164 19 4 106 186 161 77 147 176 40 220 200 162 97 171 2 169 226 71 38 151 198 178 210 146 8 184 114 31 172 50 128 228 82 30 12 136 155 122 249 84 59 76 95 75 83 111 49 39 143 149 199 68 23 190 192 5 140 134 98 180 131 3 193 168 56 88 41 17 194 145 141 205 107 37 43 144 26 202 42 80 167 248 125 215 10 242 195 55 222 207 61 54 72 117 57 247 138 32 47 209 91 219 90 153 101 27 120 67 241 85 89 36 181 99 133 129 165 51 28 60 123 173 79 35 116 58 44 126 154 81 206 25 113 15 53 52 74 245 208 118 158 160 212 211 94 188 166 1 244 218 233 185 13 6 201 104 187 238 196 33 63 109 65 48 223 229 73 174 216 119 225 20 214 46 70 22 239 11 127 78 108 175 66 177 87 121 159 237 235 103 250 24 163 227 7 139 232 243 137 105 102 179 204 150 86 170 18 231 230 246 110 21 236 115 156 157 234 135 14 148 112 240 69
195 248 63 131 18 152 17 98 146 51 200 101 36 25 74 250 94 93 83 168 50 150 90 124 81 48 156 59 120 198 97 228 61 10 73 233 139 71 133 182 201 3 107 179 237 82 219 216 192 149 80 236 44 197 7 24 175 147 126 72 188 245 96 242 223 136 210 105 143 164 161 47 8 140 33 141 148 85 244 35 151 117 38 246 49 64 157 16 69 6 23 165 229 227 40 84 113 170 58 208 62 87 57 158 220 206 181 11 111 114 222 153 106 76 89 191 55 137 75 110 118 217 234 46 199 100 173 68 86 79 162 22 187 135 154 203 159 37 77 121 112 172 21 174 221 184 185 116 119 39 88 41 13 78 42 211 28 104 34 249 171 239 60 30 240 5 247 204 27 15 209 14 180 20 70 91 12 214 144 31 54 163 238 56 232 109 122 4 207 205 166 213 32 196 241 155 53 52 1 138 65 99 186 67 45 92 29 9 134 123 132 145 177 226 66 26 169 160 19 189 218 103 231 235 167 2 224 108 178 202 176 215 102 194 190 95 125 230 193 43 225 212 243 115 127 142 128 183 130 129
61 41 170 123 91 151 72 152 184 5 142 112 135 143 105 203 111 38 196 13 37 167 51 118 64 109 169 163 177 74 141 39 211 89 75 248 162 171 79 68 175 83 191 155 164 81 73 131 15 18 192 181 78 95 50 250 126 220 86 145 140 100 225 40 230 237 161 71 54 94 205 156 122 49 57 6 129 150 85 238 212 245 183 214 4 130 96 185 190 48 241 120 186 149 19 12 134 47 104 206 108 65 58 202 168 21 226 148 110 25 10 197 70 99 125 80 16 14 243 144 8 23 221 88 82 157 194 11 133 174 42 116 166 22 132 84 178 32 127 52 29 189 234 182 139 235 55 44 224 128 136 92 180 107 173 7 239 147 138 67 20 195 232 193 90 62 117 227 34 176 247 218 77 240 35 198 124 146 213 153 59 228 204 244 210 9 158 223 172 119 200 2 165 114 201 188 98 242 187 113 26 199 249 36 103 24 207 87 33 160 233 17 76 219 179 231 66 209 154 137 217 31 222 43 216 97 115 27 93 30 53 106 63 1 69 208 3 229 246 60 215 121 56 46 28 236 45 102 159 101
193 235 117 233 1 126 76 213 66 56 238 20 28 220 81 35 184 200 60 219 124 162 25 170 172 175 249 169 186 132 179 232 21 163 114 217 13 182 157 77 146 6 46 118 91 143 17 14 5 228 243 29 129 147 84 65 103 93 87 71 188 119 160 105 222 23 177 135 108 58 156 24 218 36 131 221 101 39 92 53 150 208 178 27 171 74 234 57 52 64 239 250 214 209 68 16 236 180 133 153 128 241 61 11 145 198 41 120 37 212 246 242 47 82 98 38 104 70 45 88 197 140 111 189 141 67 99 115 109 227 59 230 206 248 30 95 54 43 33 78 237 80 18 245 63 244 22 165 79 73 44 151 202 190 191 149 4 231 127 194 144 86 48 166 116 136 183 205 211 121 161 122 201 159 167 187 226 137 210 148 224 215 139 72 107 112 34 49 152 100 223 69 110 75 207 94 134 19 8 130 83 12 50 158 176 185 85 90 204 164 7 26 181 31 240 195 97 138 142 89 247 216 155 199 203 123 154 125 15 229 40 3 173 32 10 62 196 106 113 55 9 168 225 2 42 96 192 102 51 174
150 40 218 58 141 39 191 96 76 215 123 11 105 64 101 62 72 247 89 32 235 54 171 134 198 90 14 155 196 238 33 46 162 146 249 19 82 15 70 4 214 31 193 205 208 197 119 241 79 164 91 125 192 236 73 127 30 248 222 37 78 250 51 239 229 176 104 23 179 233 52 133 204 161 118 199 120 166 178 188 81 38 158 10 113 243 8 106 206 56 149 93 177 163 174 20 242 216 131 95 117 97 137 228 49 157 18 114 9 55 59 2 69 184 201 21 41 48 209 115 28 61 74 170 94 88 151 173 44 181 132 1 139 246 75 143 169 138 230 116 86 237 122 128 167 77 130 200 147 53 87 109 85 194 103 232 213 35 12 240 221 3 26 190 71 63 154 245 99 42 140 129 25 83 68 108 225 182 195 34 110 207 22 172 224 60 168 152 36 98 142 231 210 102 111 47 45 136 145 121 50 92 186 57 66 80 219 5 43 159 156 187 202 6 144 148 135 27 17 67 189 211 153 234 220 112 29 244 126 203 24 223 13 212 185 226 100 7 165 217 160 84 175 65 183 124 107 227 180 16
62 239 210 231 67 165 177 139 161 223 193 135 150 164 121 106 218 197 43 226 19 117 101 75 133 211 77 39 100 125 178 118 85 202 1 23 113 9 219 65 110 22 88 126 143 32 194 40 12 138 5 122 103 84 56 141 10 27 201 124 250 42 189 82 234 166 132 73 59 17 57 144 24 151 153 108 221 107 192 163 98 60 120 246 244 170 74 222 58 55 158 61 208 229 38 66 173 21 115 72 116 160 167 36 54 242 11 26 44 29 142 181 63 119 4 209 174 112 68 248 37 227 183 41 187 95 172 7 179 232 212 228 131 86 78 217 214 168 155 104 200 238 33 129 162 156 80 91 30 236 83 93 6 245 90 249 97 31 205 134 92 233 130 140 169 46 35 13 213 243 216 14 109 64 224 2 51 204 241 171 154 49 247 50 137 191 53 199 128 180 99 196 81 89 237 147 203 220 186 190 198 157 240 105 230 215 175 195 176 69 159 15 152 47 96 184 149 188 18 28 94 52 111 48 114 206 185 146 136 225 207 20 16 102 182 76 34 79 123 71 3 145 235 148 8 87 70 25 127 45
84 200 42 228 189 239 88 241 96 20 61 231 55 156 240 113 213 185 72 18 128 101 57 246 166 24 129 71 216 2 124 162 249 248 131 138 3 247 70 5 80 29 89 177 143 234 46 23 102 51 155 4 90 37 150 167 62 157 109 104 82 194 220 198 160 41 16 182 222 7 58 111 245 120 133 43 224 77 145 25 217 19 49 69 201 215 148 127 22 50 225 47 142 125 44 9 31 17 208 39 95 197 204 183 230 149 209 79 126 33 66 171 169 1 210 123 8 73 74 196 235 48 132 106 103 107 161 6 40 11 175 59 199 232 78 64 159 67 114 97 99 85 164 45 153 152 92 141 32 221 140 135 178 15 195 181 250 53 238 226 219 207 87 184 105 192 94 218 26 191 75 223 68 118 158 13 229 112 14 100 212 34 10 154 173 179 98 81 242 38 56 203 170 211 137 172 237 35 151 63 136 188 115 165 119 93 202 27 205 65 21 214 233 86 186 110 121 60 146 236 163 83 36 130 206 52 168 139 117 187 174 76 122 180 134 108 243 193 28 12 116 147 54 190 144 176 244 91 30 227
242 68 81 200 11 45 240 101 64 159 119 109 191 70 241 138 219 88 155 26 55 143 94 50 4 16 124 186 249 213 163 245 17 142 41 130 147 24 47 44 243 214 165 206 160 148 174 135 114 67 172 18 169 190 84 87 30 23 54 42 28 182 221 141 157 128 233 248 6 62 106 215 224 122 181 65 9 244 167 76 83 20 185 1 31 66 175 225 36 171 133 105 118 223 162 192 95 193 188 178 13 40 125 51 91 37 209 79 228 104 39 197 60 205 123 102 152 32 170 236 93 92 196 154 210 246 212 72 158 129 131 207 63 195 134 74 231 49 201 3 58 166 127 12 177 100 103 149 218 216 220 86 232 180 217 111 139 2 235 189 156 199 73 250 144 57 121 14 176 140 29 203 8 226 145 15 227 234 43 71 35 69 85 230 237 229 115 19 173 53 153 116 208 110 77 238 151 38 107 46 146 222 22 112 108 78 10 120 239 96 90 187 82 75 247 25 27 80 132 168 34 97 202 5 194 7 117 179 52 204 198 99 211 137 61 98 89 161 126 184 136 21 56 59 150 48 113 33 183 164
42 17 110 97 9 32 156 213 167 195 149 197 115 135 204 238 220 74 196 243 222 26 245 72 123 19 7 189 207 250 4 128 12 57 179 3 6 10 14 36 25 15 52 221 174 141 218 107 201 121 162 157 176 1 33 120 177 64 34 2 113 100 206 61 63 227 203 211 83 124 154 60 165 202 148 138 51 152 35 232 125 82 183 160 226 219 225 117 150 95 48 44 199 230 228 79 37 114 246 13 240 23 59 91 137 50 47 105 76 55 29 62 140 182 192 41 172 27 81 139 163 187 87 28 170 236 224 96 155 229 235 80 119 84 11 43 53 216 248 134 109 171 31 67 98 73 205 108 146 133 142 145 89 166 234 161 175 181 178 103 164 56 159 93 241 184 198 209 24 78 153 127 39 180 169 58 101 210 118 8 151 111 38 200 21 69 158 214 215 5 46 92 223 16 186 185 194 86 77 233 99 129 242 130 212 116 122 22 168 249 217 126 247 75 104 18 68 88 193 45 85 71 106 112 173 132 54 40 231 66 90 65 131 94 49 20 191 143 239 208 70 188 190 102 237 244 30 136 144 147
63 136 52 234 120 119 213 105 241 192 98 3 139 132 134 238 65 32 157 159 21 162 244 195 8 243 124 53 62 99 169 83 193 6 31 41 4 23 11 240 155 36 200 88 46 42 223 245 12 203 199 205 135 29 115 72 44 148 69 182 152 1 187 2 156 183 232 102 15 81 27 66 19 59 181 106 34 222 214 172 113 180 20 137 170 108 161 140 109 123 111 64 10 164 186 39 5 26 191 194 87 58 208 92 114 45 221 212 43 68 216 82 101 131 14 146 28 30 219 127 100 197 198 224 33 128 37 79 141 228 167 93 17 188 145 225 103 237 110 47 57 235 163 107 89 246 202 144 249 142 126 76 174 143 184 86 77 40 117 25 56 38 74 196 125 227 61 122 230 121 226 218 9 210 90 201 175 7 178 67 239 147 250 217 130 116 97 80 215 84 94 190 248 242 165 70 160 85 18 236 229 13 233 204 104 54 60 71 51 209 50 220 207 179 96 177 166 133 16 73 149 78 24 153 129 138 55 206 112 150 176 151 168 189 118 211 231 247 35 91 171 49 154 75 173 158 22 185 95 48
46 160 107 22 244 20 84 109 173 201 133 171 213 40 235 79 96 129 103 5 182 78 179 19 38 149 64 33 141 246 25 18 243 75 194 197 166 97 186 123 239 99 67 82 14 211 49 226 152 122 117 60 143 206 238 48 28 24 52 112 219 50 156 249 21 204 111 227 2 210 47 126 23 232 51 15 178 199 89 225 30 234 71 85 7 92 175 151 36 77 11 44 155 61 138 188 37 137 135 128 167 108 101 116 153 113 212 158 57 181 236 224 72 229 165 177 66 248 190 195 95 168 214 3 54 215 148 139 150 146 216 203 53 223 12 98 104 172 81 115 119 144 121 68 45 132 161 202 93 34 140 241 187 102 26 184 105 130 176 91 106 70 180 174 10 120 136 100 42 73 80 142 124 217 13 62 207 6 87 231 4 17 170 159 27 58 29 228 127 76 43 56 35 94 193 233 157 86 221 69 90 240 41 114 205 196 145 32 237 88 222 16 8 59 247 110 163 131 245 200 198 134 118 147 192 218 250 154 164 63 1 65 9 39 185 162 125 74 169 55 220 230 189 83 209 208 242 31 183 191
100 2 242 20 74 162 167 194 126 158 45 235 204 115 196 151 141 6 39 50 152 58 84 176 102 236 169 52 247 150 97 89 70 231 87 54 175 134 66 246 129 145 203 181 244 77 205 40 121 38 26 174 63 187 160 24 130 200 233 124 146 213 214 153 114 225 165 208 218 171 209 49 228 19 249 80 59 113 68 32 56 106 245 143 82 93 135 37 99 25 11 92 238 144 5 79 170 22 147 156 105 157 179 88 183 72 202 3 42 173 197 109 53 163 71 118 7 41 161 248 221 8 212 61 117 240 237 15 131 149 250 91 83 28 85 46 43 112 94 78 69 57 215 60 108 234 177 13 155 210 67 9 201 232 211 116 120 217 188 172 239 76 139 193 48 27 182 226 44 222 198 96 55 62 164 64 132 81 51 243 241 17 154 184 190 18 95 220 207 128 159 36 119 111 137 166 31 178 29 133 140 30 122 191 10 16 90 110 75 180 138 219 98 192 1 227 223 136 123 199 47 216 148 206 125 86 195 14 230 127 101 12 103 23 168 189 107 185 224 35 142 21 229 33 186 65 34 104 4 73
238 246 29 182 35 164 222 115 185 141 6 42 151 189 240 33 13 32 235 63 40 170 175 101 241 122 66 27 31 87 77 17 215 244 110 45 166 28 157 176 197 43 174 9 217 83 186 237 118 177 133 190 79 97 34 242 212 127 201 109 65 16 206 39 7 23 113 230 178 30 227 136 193 67 226 64 129 62 94 231 70 198 228 12 96 126 74 224 120 25 184 248 24 114 100 154 214 85 191 245 173 208 211 155 21 47 41 71 56 149 159 103 88 107 91 145 181 131 3 165 38 84 180 234 144 48 232 194 2 139 218 195 117 22 55 152 220 202 239 54 205 143 119 4 68 147 250 82 11 37 210 10 140 142 168 111 199 76 124 183 61 213 78 249 243 5 20 156 188 106 102 187 81 137 225 167 72 50 204 8 209 221 80 89 36 86 172 69 200 52 123 104 192 99 138 163 1 116 75 59 44 219 233 112 14 223 132 216 58 92 51 53 93 128 135 236 153 26 148 57 161 146 162 229 108 169 171 60 150 125 121 247 15 105 95 98 134 179 158 18 19 160 73 130 196 90 49 203 207 46
31 36 109 220 138 91 86 198 230 65 234 173 241 93 237 12 90 141 112 92 30 122 69 233 38 160 35 23 229 33 176 221 22 147 132 146 118 169 178 48 226 60 82 205 165 228 183 6 224 40 217 113 154 70 54 37 167 215 196 157 75 100 115 44 130 42 250 191 171 190 181 179 177 200 49 218 102 62 235 110 17 58 211 162 106 68 151 123 180 223 2 128 8 10 52 192 41 29 1 95 187 19 161 98 80 153 104 26 4 105 142 134 172 67 168 245 236 197 117 9 119 71 15 159 202 247 239 47 11 87 222 24 216 131 5 148 116 144 77 13 55 73 188 16 238 246 158 28 244 227 120 63 88 46 242 231 74 149 83 145 204 121 32 150 243 139 14 97 199 137 136 7 20 129 76 232 170 59 194 125 155 101 219 50 135 214 127 174 21 212 156 3 57 182 225 27 72 53 163 164 18 185 111 152 103 126 107 96 133 207 249 201 39 193 94 240 51 189 56 34 195 45 186 114 209 175 64 84 143 99 248 89 140 66 184 108 25 79 208 61 85 78 166 210 43 203 81 213 206 124
66 125 62 218 134 240 140 205 79 67 22 74 133 92 196 237 119 69 27 235 206 188 48 123 44 219 146 115 32 244 36 6 49 181 242 222 143 127 130 169 37 144 30 54 63 150 120 82 8 170 13 183 64 201 28 99 214 184 180 215 86 7 70 112 163 231 56 128 65 141 108 106 68 152 116 216 113 182 173 45 202 5 2 16 25 248 164 230 43 194 148 232 166 124 189 53 73 38 129 208 95 39 72 58 132 224 85 174 9 3 175 220 190 249 4 111 241 186 229 137 94 197 75 138 91 87 60 226 233 52 103 35 51 107 210 236 55 93 77 234 151 34 83 76 11 156 192 100 172 21 176 17 24 145 239 207 171 57 158 177 167 157 42 78 162 31 81 149 102 161 117 247 104 71 195 131 227 96 154 178 110 179 155 223 90 18 101 135 26 142 98 191 15 80 84 168 12 20 187 136 199 88 211 105 212 29 122 114 59 221 23 118 97 50 121 193 89 33 61 159 126 40 245 46 243 47 203 228 109 185 139 213 209 225 153 198 41 217 1 204 10 160 238 246 147 250 165 200 14 19
235 226 181 44 236 98 79 70 133 86 100 71 11 166 150 245 214 159 172 196 232 23 37 74 136 231 176 93 184 77 173 91 88 78 96 191 28 190 194 160 90 102 138 121 233 179 208 155 168 244 227 128 115 201 107 183 140 151 58 207 29 66 167 92 154 212 219 13 47 4 69 158 65 43 119 57 1 203 20 242 182 186 195 175 106 240 145 60 192 224 132 237 188 126 116 53 200 5 30 156 99 118 161 2 63 220 130 139 15 217 228 51 46 35 32 42 147 229 185 64 76 197 129 34 243 204 110 123 114 120 109 177 55 61 68 171 62 36 108 157 17 111 33 149 49 104 45 239 127 24 21 10 170 187 112 95 209 199 178 221 7 134 148 122 26 67 135 230 163 215 153 246 189 81 234 16 54 205 48 169 22 198 25 213 14 83 9 50 84 6 38 210 72 211 73 105 131 40 202 117 249 174 18 89 59 216 94 113 3 75 225 85 146 152 241 162 31 39 19 82 165 142 41 12 247 52 27 144 223 180 143 137 80 8 248 193 218 101 56 206 238 97 222 250 125 124 103 141 87 164
74 189 152 28 81 72 122 248 196 250 243 119 60 211 111 24 198 174 44 48 188 128 200 2 172 230 209 32 3 55 38 238 220 182 242 63 45 194 14 205 226 11 133 142 153 177 161 49 234 151 42 104 158 201 15 109 34 112 129 115 231 154 106 160 30 124 114 79 10 233 92 155 91 26 21 113 225 232 214 249 137 141 145 136 171 224 47 97 110 95 179 176 149 75 195 222 5 56 245 118 12 36 170 58 221 70 80 4 53 167 66 216 82 159 192 157 134 8 163 73 228 88 126 139 146 120 191 19 168 35 219 197 71 236 150 207 244 178 62 138 215 46 169 29 6 247 164 78 102 31 239 7 83 23 65 76 105 67 22 135 131 43 52 186 237 89 94 69 108 98 180 140 50 40 90 85 57 107 61 199 173 20 202 183 166 193 218 68 100 127 99 210 84 37 1 184 212 123 175 241 156 93 235 54 206 144 148 86 227 162 165 117 96 132 204 16 208 130 203 190 181 246 121 9 41 143 64 187 77 33 18 116 101 125 87 240 39 103 229 147 217 213 13 223 59 51 185 25 17 27
242 131 177 140 161 214 195 114 216 173 196 115 230 52 19 222 71 137 83 9 208 128 169 201 171 147 79 219 14 234 223 157 49 183 184 241 248 163 46 133 246 80 245 37 172 158 106 193 29 60 57 124 28 31 62 47 202 221 149 36 21 30 215 15 109 91 48 125 233 25 40 105 243 96 232 113 142 144 72 224 82 112 92 102 138 189 5 101 225 32 136 10 41 239 55 1 22 116 66 175 86 67 194 103 205 238 178 6 24 42 68 100 107 54 190 188 179 231 168 181 64 104 228 174 78 151 134 93 185 108 85 249 240 39 87 237 98 88 198 84 13 229 43 200 197 164 191 95 187 220 56 121 7 143 44 203 236 129 8 159 250 34 148 122 120 170 4 117 90 119 176 135 167 110 26 111 217 156 247 162 235 153 18 75 38 199 166 146 218 152 74 209 244 11 73 123 227 206 59 81 99 226 126 12 35 17 212 69 65 58 45 23 51 63 186 27 127 20 76 77 213 3 160 70 180 16 192 89 130 207 94 145 139 154 132 97 211 33 210 204 53 2 141 165 61 182 118 50 150 155
237 18 151 75 154 91 20 2 63 166 157 140 138 228 242 105 9 14 232 142 96 215 248 48 243 128 219 139 240 107 80 117 224 188 99 156 19 227 29 182 119 65 45 12 135 81 27 97 152 134 68 109 87 246 37 82 194 103 149 8 50 1 170 25 187 13 17 212 193 207 200 89 32 106 197 218 95 230 67 185 222 247 125 205 36 238 28 211 79 57 83 52 174 77 73 40 186 245 70 155 203 143 10 223 250 43 100 171 130 110 133 189 23 58 214 158 66 184 64 175 42 94 225 145 136 71 239 30 233 124 122 173 172 49 213 249 120 195 217 165 72 74 177 11 244 53 115 236 210 60 190 84 90 54 234 111 34 129 112 235 137 199 231 69 92 46 33 62 226 35 180 113 55 76 183 51 114 178 221 56 24 15 116 153 208 26 144 4 104 102 21 78 196 86 127 5 198 59 132 44 220 39 38 169 61 147 159 192 121 146 126 216 3 229 41 118 179 167 160 241 31 101 47 123 88 93 150 16 148 141 7 85 6 164 176 191 163 108 201 162 131 22 181 202 209 168 204 161 206 98
181 10 165 140 207 50 222 116 60 213 73 164 93 90 108 5 191 71 124 16 173 64 19 42 137 158 15 250 82 62 214 53 160 145 155 129 37 175 66 76 154 142 58 38 45 190 172 135 152 92 243 47 211 100 123 162 242 63 149 209 8 94 104 115 212 134 195 128 184 247 103 113 77 49 199 18 148 216 220 169 225 119 136 105 210 188 55 182 126 241 13 30 34 110 127 79 202 112 230 244 65 35 57 161 21 232 197 74 179 17 132 217 146 70 177 205 59 249 118 107 193 133 23 106 88 159 40 75 52 67 227 43 68 7 6 167 121 144 186 138 33 157 3 48 153 2 11 171 85 218 102 178 174 83 231 4 69 51 29 78 14 98 176 46 139 233 114 180 248 147 198 20 56 44 72 41 246 208 151 109 12 221 189 201 24 61 185 89 39 223 168 226 54 200 125 215 36 237 235 170 26 28 117 203 156 224 194 84 228 99 196 25 236 87 166 245 91 120 238 183 239 9 101 81 122 219 163 97 22 96 130 27 206 1 95 131 204 111 229 187 234 192 32 80 141 143 86 31 150 240
174 54 13 106 44 69 100 38 47 94 73 231 154 123 195 241 16 66 87 39 134 155 58 223 226 57 170 19 164 120 12 88 161 9 135 132 118 24 60 217 22 80 67 183 214 142 176 246 235 96 114 42 243 153 2 230 124 216 171 110 222 20 219 240 185 130 56 187 233 205 160 64 116 112 109 211 238 139 40 81 141 15 111 129 229 193 5 85 7 242 224 86 4 70 108 136 218 72 25 234 148 194 27 140 103 159 131 177 201 188 150 34 144 79 250 101 239 227 248 212 162 225 203 213 17 10 89 125 102 68 166 178 204 29 137 75 21 228 175 104 122 107 77 82 30 14 152 74 18 61 180 172 200 168 146 196 157 197 158 99 215 1 45 37 182 83 232 121 221 55 190 49 71 236 62 179 35 127 173 191 119 249 43 165 245 169 156 208 53 76 145 147 207 63 11 149 113 3 32 117 95 151 105 52 184 138 65 126 247 97 128 199 6 28 143 92 192 210 90 78 8 163 31 93 115 198 41 206 33 59 189 237 181 48 51 186 23 202 220 36 84 244 26 46 167 91 98 209 133 50
5 177 206 121 61 3 243 104 224 174 64 247 11 213 125 102 115 201 186 166 218 229 223 83 136 29 230 90 146 17 220 97 179 19 237 246 173 75 157 94 118 48 134 169 54 140 236 200 207 15 69 59 58 43 158 176 171 152 144 27 92 233 32 191 210 182 161 24 235 156 167 112 198 238 13 215 147 139 37 245 232 195 66 4 56 107 40 196 9 145 52 244 135 74 114 89 51 187 96 184 242 228 165 227 205 183 12 45 209 239 119 31 131 55 122 103 194 111 202 101 137 87 188 226 221 1 204 6 155 216 22 231 42 240 116 211 81 127 95 67 149 126 138 78 249 28 172 99 57 53 128 20 130 21 222 68 98 72 85 84 26 148 197 154 16 241 219 163 160 192 77 105 70 76 132 80 113 25 63 79 2 250 234 65 34 82 71 142 214 170 38 50 168 159 193 110 47 62 117 208 44 225 14 124 248 185 143 109 7 203 133 189 150 153 106 8 108 199 217 164 30 212 33 120 88 141 23 41 100 39 190 73 35 180 123 18 129 60 36 49 91 151 46 178 175 86 181 93 10 162
208 142 238 120 59 235 226 31 158 188 82 100 237 85 88 220 74 62 60 48 33 56 94 225 140 195 108 51 84 236 173 27 14 95 52 118 107 65 187 186 154 122 92 161 126 110 19 241 199 86 131 44 176 149 81 63 183 90 80 215 166 203 91 121 61 47 194 212 68 30 239 198 111 21 246 233 49 109 32 129 96 119 125 162 160 196 163 115 132 189 150 181 217 139 2 58 18 70 117 6 103 83 222 227 37 164 16 247 5 216 53 73 178 89 175 193 159 28 123 243 167 137 240 184 75 229 46 204 213 29 197 231 124 182 234 112 77 224 99 244 147 9 57 105 71 248 250 114 211 172 97 146 134 12 35 39 218 38 135 207 64 179 1 69 42 8 228 93 138 165 230 206 180 25 24 249 36 169 157 209 148 190 232 34 26 41 202 106 143 55 141 185 156 168 177 43 174 171 127 50 223 101 192 128 155 98 40 242 10 11 200 4 20 45 210 205 13 151 7 102 136 144 113 79 23 78 219 130 15 201 214 152 76 153 3 221 67 191 145 66 22 54 116 17 170 87 72 133 245 104
196 73 24 35 135 130 76 121 44 243 106 147 13 21 131 140 115 46 71 11 78 155 144 43 224 4 193 190 227 98 58 168 247 119 86 104 75 8 38 53 97 77 188 45 113 214 40 61 210 146 204 29 93 34 7 242 9 246 84 82 158 159 241 127 59 215 221 167 48 105 187 211 66 197 145 107 151 37 72 136 206 236 230 139 2 205 239 27 152 95 175 207 124 109 233 229 250 137 36 33 219 89 142 192 56 102 32 201 248 19 57 166 10 195 141 55 200 114 194 228 245 203 80 170 69 181 74 51 157 180 42 14 161 235 156 49 91 25 63 182 185 65 92 154 231 1 122 116 237 249 64 174 87 178 68 79 223 198 212 184 189 129 149 213 226 186 238 110 5 99 96 47 153 208 199 217 164 22 163 39 134 176 222 173 234 62 118 133 85 143 101 202 88 183 23 169 172 16 18 15 220 54 112 165 179 117 177 232 126 28 240 30 120 111 123 52 209 160 162 128 83 26 31 225 41 12 90 3 50 94 17 132 148 81 100 150 67 108 70 244 216 20 6 60 125 191 218 171 103 138
17 39 59 197 85 107 44 174 76 182 87 108 143 46 245 110 126 125 204 146 234 95 1 115 147 219 156 142 247 102 13 186 33 50 79 148 101 43 179 55 25 208 159 42 230 231 222 151 2 19 18 74 196 103 237 127 80 105 199 29 149 209 106 111 53 109 228 249 66 89 218 145 166 185 178 165 56 68 41 23 104 73 160 235 176 86 134 69 117 189 243 244 61 119 49 37 77 144 221 170 24 118 216 45 15 139 9 94 213 81 99 207 215 248 246 75 5 201 190 16 83 168 212 180 82 47 64 57 198 200 38 162 153 223 226 152 154 128 161 123 35 241 65 232 70 211 239 30 8 14 100 4 203 227 91 36 175 191 195 97 131 52 238 51 26 78 11 60 236 140 121 188 164 112 67 225 71 84 205 172 233 217 163 48 169 72 34 202 193 22 171 157 181 7 173 155 3 88 242 40 98 194 250 132 10 116 27 12 31 187 220 150 192 138 206 114 167 158 177 135 62 183 137 21 129 90 124 120 28 130 224 113 136 122 63 20 133 210 54 141 93 32 58 240 229 96 6 214 184 92
242 26 234 231 95 199 249 170 190 123 141 180 30 24 120 67 11 148 244 200 12 167 245 206 7 33 171 233 19 49 169 116 43 237 111 189 84 42 106 246 137 35 174 215 64 178 192 223 44 218 96 241 250 25 152 79 162 229 22 38 83 77 86 97 135 211 175 236 124 117 114 39 23 34 222 14 46 191 193 82 47 205 158 102 125 119 164 41 74 126 71 216 87 142 88 156 53 100 197 59 163 136 20 55 89 201 129 28 217 132 2 104 29 60 176 227 143 185 9 4 94 72 145 138 173 131 204 225 103 208 128 150 63 155 57 235 68 112 172 213 10 110 107 3 130 168 16 75 90 1 66 50 109 91 238 115 210 240 8 127 37 5 99 133 188 139 159 243 48 56 13 98 6 228 209 198 161 93 166 151 230 21 108 247 219 147 207 153 179 51 80 121 194 144 92 221 239 226 160 181 182 27 220 157 195 69 248 154 73 140 70 31 76 78 203 101 232 212 15 65 61 196 81 214 146 85 224 183 149 52 186 165 134 40 177 202 18 187 17 58 62 113 36 54 118 122 32 105 184 45
208 46 225 60 26 215 4 157 229 82 49 115 122 69 63 237 56 118 199 45 213 101 142 249 219 11 50 23 87 150 48 221 66 241 226 205 90 17 121 78 75 128 233 139 159 51 35 158 210 200 24 88 22 13 120 61 98 77 108 29 107 161 135 100 204 33 223 144 36 85 180 84 147 155 230 39 54 129 175 227 186 42 43 110 244 185 21 145 209 214 7 14 218 117 9 153 183 190 232 151 240 152 156 168 189 113 250 134 173 67 89 47 123 164 92 96 1 86 109 234 3 111 163 112 16 162 58 32 211 79 62 15 81 166 94 170 243 182 202 149 217 71 224 169 181 138 197 27 124 228 131 187 160 28 37 191 201 132 179 53 34 127 125 80 68 40 184 146 216 20 246 141 59 12 231 154 64 116 5 126 91 41 137 73 83 236 174 10 212 242 57 206 220 55 238 167 165 203 105 119 97 70 177 95 143 102 192 114 207 188 18 136 74 178 193 65 194 248 6 245 8 198 72 171 222 239 76 130 25 30 104 31 99 2 133 19 38 93 44 195 172 140 176 235 52 247 106 148 196 103
158 128 76 65 241 50 142 3 145 146 221 163 1 72 144 116 191 84 94 218 77 12 34 33 16 132 171 167 174 157 113 46 108 135 199 160 66 178 2 225 51 186 175 103 177 110 61 179 182 152 207 244 243 245 130 129 238 27 137 208 7 14 242 164 237 140 235 203 32 4 117 31 48 112 52 193 35 227 166 141 121 67 115 36 75 139 234 150 194 169 29 122 187 99 18 214 181 176 91 83 153 247 123 125 232 96 131 56 107 127 118 196 45 23 78 198 239 222 100 136 41 58 8 224 120 151 231 89 226 206 210 204 215 197 22 59 148 62 159 147 188 30 217 81 138 219 236 21 93 180 154 15 205 213 71 25 209 233 240 42 55 170 133 40 87 13 64 24 143 111 92 10 192 161 220 168 248 97 38 201 6 98 73 162 5 60 212 39 195 202 79 102 109 11 172 63 250 17 249 49 134 230 70 88 37 95 106 104 105 44 82 165 229 54 149 101 126 114 90 200 74 173 124 185 190 223 80 119 228 189 26 28 184 19 155 85 9 86 43 69 183 216 53 156 47 20 246 57 68 211
92 176 234 196 114 194 74 125 128 226 127 97 183 105 250 30 103 93 87 204 119 106 188 78 161 178 8 113 7 95 84 235 145 110 130 217 239 43 193 88 243 14 190 237 47 200 63 26 126 124 34 192 66 152 12 244 76 48 52 24 96 49 81 94 65 40 224 18 155 210 151 229 171 187 129 220 132 206 241 153 223 228 54 17 222 133 175 79 191 55 58 185 135 70 91 214 64 100 39 173 59 83 169 22 219 172 50 136 42 216 104 140 35 211 10 209 3 101 195 120 6 227 32 38 77 36 159 108 186 141 249 215 158 246 116 37 177 167 233 137 85 165 174 73 122 61 163 208 182 16 90 27 221 68 28 218 156 82 197 80 23 5 46 181 212 56 109 139 112 9 134 203 138 13 238 71 201 131 202 31 102 20 21 41 154 242 62 146 53 121 149 205 75 240 99 44 180 198 107 19 29 199 148 4 166 86 245 213 236 11 98 118 45 2 147 143 117 60 111 170 189 157 67 51 72 248 184 207 144 89 33 150 179 25 247 160 162 57 115 231 230 225 164 1 123 232 69 168 142 15
131 105 112 152 190 93 44 120 109 183 113 238 110 38 126 202 189 163 151 182 234 7 181 80 193 27 139 235 143 133 66 96 216 37 42 191 228 5 197 1 144 217 242 70 227 184 241 136 134 222 240 61 132 81 32 123 33 69 117 85 203 198 239 223 201 2 196 220 56 162 221 53 91 138 247 224 204 212 188 119 24 128 11 233 99 98 122 145 125 208 23 118 6 111 170 177 94 21 249 106 57 34 62 58 18 95 150 52 71 121 114 102 8 68 195 130 156 200 4 3 29 149 211 244 176 141 232 72 186 180 25 48 87 12 63 173 205 187 157 229 124 77 115 248 84 13 30 172 75 169 43 28 65 218 36 245 49 10 168 210 165 154 214 74 142 175 19 171 209 129 82 194 40 88 161 155 164 127 41 250 55 206 158 179 39 100 50 215 14 76 231 67 147 140 167 237 31 192 35 17 101 16 104 97 166 207 73 108 20 213 26 219 92 15 103 51 90 116 153 226 135 178 9 146 107 89 86 137 78 22 174 47 160 185 64 46 83 243 148 236 79 159 45 230 54 199 246 225 59 60
164 134 183 4 121 83 6 17 200 144 202 171 237 26 160 213 54 135 168 161 120 143 1 42 210 155 123 220 122 109 65 29 98 234 231 49 238 179 100 104 119 190 199 181 142 63 159 75 127 204 243 219 88 79 239 67 248 145 112 141 28 153 147 74 52 117 175 31 125 163 206 69 87 182 233 157 203 166 56 27 126 187 30 82 96 207 33 245 221 172 81 108 140 92 76 186 9 14 5 78 124 80 118 35 236 72 23 209 241 86 116 39 151 111 12 150 196 85 170 93 44 132 244 131 38 20 152 138 73 229 77 192 191 226 50 211 214 37 71 8 158 59 232 95 247 227 102 197 149 249 215 139 66 2 115 165 15 250 178 174 169 242 136 36 194 46 195 148 223 107 208 167 53 13 68 240 47 184 84 16 21 110 193 218 113 222 70 51 32 224 105 162 106 48 146 217 18 24 22 43 55 129 3 91 180 230 201 7 185 198 10 58 173 176 228 101 45 57 41 11 97 40 133 137 216 205 99 90 225 235 19 60 128 89 34 154 62 25 188 246 130 189 156 114 103 212 61 64 94 177
39 71 57 36 184 194 96 210 128 31 87 100 33 218 244 174 41 246 156 56 112 234 147 227 152 195 89 122 217 187 78 231 69 226 46 207 3 173 129 202 14 64 62 2 49 203 47 249 250 165 242 54 199 111 178 98 28 188 79 196 113 61 133 121 58 247 169 27 13 48 138 37 70 40 153 59 1 75 214 7 131 159 15 123 181 177 179 18 141 10 136 88 235 93 201 145 11 117 77 168 163 26 91 108 219 106 99 139 110 53 223 119 171 9 225 63 236 206 101 51 144 130 189 170 161 84 94 142 229 114 115 30 192 120 76 157 176 35 45 103 239 166 137 230 19 16 215 212 143 204 209 72 86 228 124 191 154 190 17 140 200 22 55 34 208 221 172 135 241 24 150 213 238 233 125 243 29 44 105 67 222 245 85 205 42 224 83 151 32 197 109 66 20 240 80 12 102 162 158 82 43 60 21 5 92 127 180 107 160 38 248 186 167 6 73 50 175 68 116 52 8 4 183 193 95 74 198 90 237 216 65 211 232 97 23 220 25 118 164 146 104 148 126 149 185 81 182 134 132 155
150 159 27 209 205 72 94 198 23 204 17 249 21 73 213 2 101 5 82 246 220 173 52 10 84 145 152 9 196 50 165 212 225 4 99 28 176 190 36 83 45 233 211 248 236 112 208 181 54 69 191 244 238 78 142 136 227 206 245 79 20 214 75 70 147 37 115 109 61 207 19 68 223 119 210 239 250 47 22 240 71 103 193 201 188 178 138 216 169 105 179 146 132 234 157 153 184 185 35 51 171 222 86 6 57 77 170 1 100 139 48 194 43 113 62 219 110 167 226 41 148 44 114 107 87 116 174 111 24 135 168 180 67 60 231 127 66 18 12 56 192 15 189 144 243 65 104 55 80 13 90 160 197 38 202 46 96 124 122 117 133 141 164 228 195 7 126 49 154 59 108 134 8 232 221 166 81 120 29 102 203 32 172 123 230 187 97 58 30 143 199 26 137 98 85 200 88 89 175 235 39 158 229 3 156 130 118 163 63 183 215 74 93 11 42 125 76 217 92 16 224 162 247 40 95 33 186 106 64 131 161 129 182 121 218 177 241 151 25 31 242 128 155 149 34 91 140 237 53 14
189 161 243 133 122 146 194 137 170 172 223 77 186 88 131 171 110 126 138 197 210 115 190 31 108 130 7 111 211 55 18 144 29 41 104 124 175 74 220 68 150 132 9 181 79 19 48 234 156 231 17 82 140 129 213 78 238 232 81 69 83 32 195 153 148 226 221 21 199 26 65 176 180 114 30 123 27 96 247 90 155 40 157 160 64 139 217 239 87 236 47 92 149 127 54 209 28 58 151 20 241 182 73 165 245 76 22 37 8 119 191 4 248 229 173 23 70 2 67 85 99 57 121 39 116 97 71 158 204 1 202 24 169 183 60 142 203 178 120 235 45 56 98 163 168 237 164 53 193 230 134 208 46 86 136 14 16 145 128 167 198 6 101 93 72 141 225 244 159 42 215 75 107 52 135 84 162 100 33 63 154 105 196 118 102 218 219 59 25 94 95 103 188 15 250 201 207 3 192 34 246 249 185 152 143 174 227 125 36 222 112 179 66 214 187 113 212 117 233 5 224 147 216 91 206 106 177 200 51 11 12 184 205 13 89 38 240 242 49 62 35 61 228 50 10 166 80 109 43 44
233 77 181 241 101 235 163 58 205 174 123 155 70 39 145 109 165 7 35 8 182 111 88 157 64 245 183 40 147 110 185 189 159 154 1 49 95 15 217 120 121 80 135 23 227 85 124 179 62 162 138 112 38 246 146 167 212 97 209 206 213 30 140 68 164 143 69 79 118 249 60 119 236 153 228 240 129 93 127 46 63 141 113 106 94 75 74 6 148 184 208 152 244 37 229 103 9 191 24 72 57 196 202 237 220 18 204 99 102 158 33 216 89 84 96 86 224 203 54 149 3 36 98 20 177 67 187 192 31 248 215 4 188 107 100 50 32 11 172 180 232 226 53 21 82 56 122 134 214 198 117 87 132 43 160 116 114 207 105 59 55 230 128 199 42 90 61 161 13 12 108 171 136 242 26 243 194 41 65 190 19 218 231 104 225 34 28 200 83 5 210 223 45 169 10 17 137 91 14 126 234 193 173 178 150 166 51 142 201 44 92 195 73 168 29 211 238 71 222 219 250 2 115 130 144 151 48 52 81 247 221 78 76 170 197 239 25 156 176 133 175 131 186 27 47 22 66 139 16 125
193 74 243 38 196 178 69 42 165 212 63 217 153 15 93 86 79 36 198 30 194 2 80 131 56 225 144 72 110 176 43 22 174 157 6 26 192 166 250 60 146 46 111 136 228 83 64 137 70 226 151 126 11 17 142 201 134 122 231 242 99 62 28 50 152 164 90 49 29 232 45 117 233 177 186 213 163 91 235 32 222 77 58 96 162 168 23 44 12 105 5 139 52 20 173 145 206 180 150 118 169 239 221 241 31 236 125 88 115 3 84 161 187 97 10 247 181 81 179 95 85 244 248 68 104 87 184 133 120 37 159 175 124 207 182 25 246 218 128 112 94 160 123 18 185 200 53 98 223 129 103 107 48 202 73 191 195 249 220 155 167 132 82 211 130 188 102 189 114 57 210 227 7 41 208 229 219 119 154 214 216 203 158 245 156 148 27 13 75 170 230 171 54 67 78 106 197 113 71 116 209 205 127 19 47 59 61 39 108 238 16 204 40 240 143 76 89 237 147 140 101 34 24 109 224 215 135 65 9 190 33 138 1 234 183 66 4 172 8 51 100 35 55 14 92 21 121 141 199 149
136 176 161 38 10 111 156 230 202 61 185 14 228 190 143 226 214 47 203 37 245 110 209 92 42 211 184 124 140 240 148 182 52 73 160 64 141 155 46 35 76 89 189 93 66 107 172 216 114 126 129 186 1 159 109 77 225 206 116 71 105 45 219 11 41 99 187 82 7 26 200 242 6 95 250 67 207 118 196 169 83 44 154 237 165 23 28 17 15 197 21 33 179 57 151 236 180 25 80 97 198 231 74 123 168 36 32 247 50 4 125 58 65 106 131 120 137 158 157 223 183 139 72 55 62 152 193 243 127 91 213 210 54 56 96 248 239 60 122 150 8 128 244 208 224 121 163 103 174 40 177 173 12 229 18 170 220 5 43 138 133 215 188 246 153 13 101 204 181 69 79 48 164 63 24 113 75 68 162 227 134 16 100 98 149 234 2 178 49 86 19 249 192 112 39 117 232 115 201 218 166 205 221 9 59 81 222 102 85 171 51 94 175 146 88 145 142 119 241 29 199 31 135 70 212 235 147 78 191 87 130 20 194 217 27 90 108 167 3 195 104 34 238 22 53 30 144 132 233 84
54 184 127 162 56 123 22 107 132 218 15 139 125 37 204 63 29 11 195 79 148 155 110 99 47 219 105 228 20 197 23 232 108 70 45 58 240 182 241 161 213 97 206 181 168 166 104 86 146 50 211 152 137 111 30 92 21 225 41 158 147 196 62 96 34 227 124 247 94 194 35 223 93 231 91 129 214 189 16 32 87 156 199 115 88 150 24 106 73 89 163 203 76 6 215 239 126 5 28 44 131 198 207 138 245 51 221 212 188 1 177 193 164 130 53 192 175 66 210 220 171 236 167 77 246 90 222 98 157 217 143 102 135 72 52 243 187 116 178 226 95 242 205 209 26 224 48 18 118 38 74 13 19 191 190 85 68 183 237 2 80 75 142 235 186 238 100 109 119 248 145 180 202 113 39 40 71 151 14 17 136 46 81 82 67 173 65 10 112 140 84 208 60 114 33 234 233 159 9 43 59 244 185 55 7 27 31 122 49 249 8 61 229 149 160 250 64 117 120 144 153 201 12 128 133 200 3 141 179 154 172 134 176 230 103 174 36 69 121 170 165 101 78 57 25 216 4 42 169 83
237 209 30 247 169 93 130 39 199 111 49 29 60 2 238 80 19 6 34 218 32 158 23 211 241 200 152 46 143 71 14 20 18 204 66 21 10 167 141 157 96 239 4 213 67 177 113 50 74 229 166 79 164 52 207 120 119 64 24 63 44 81 112 78 87 94 173 83 95 148 162 206 62 242 133 117 54 40 144 7 26 76 221 145 129 151 188 70 58 137 27 210 170 205 231 182 107 35 122 53 134 16 116 135 61 114 142 136 99 159 98 104 154 47 168 109 140 97 45 240 153 198 56 124 186 175 226 3 150 156 123 228 147 59 82 220 149 91 189 160 131 38 195 179 110 105 201 249 230 219 250 88 37 90 246 86 190 222 101 180 234 202 236 216 13 92 192 65 25 22 5 196 57 208 43 181 165 245 89 187 9 146 102 183 84 214 193 161 85 42 100 138 73 41 28 8 232 55 132 172 69 15 163 191 227 212 233 127 223 17 174 194 139 115 1 118 217 51 248 48 225 203 108 121 197 128 171 77 36 243 224 184 215 31 235 125 178 155 68 185 176 11 12 72 75 106 103 244 33 126
134 229 100 21 115 38 37 224 128 93 149 201 190 154 218 221 125 106 153 19 113 24 195 28 147 40 91 227 66 171 62 222 48 20 86 121 240 126 176 237 173 36 76 139 49 68 180 30 59 67 249 87 157 14 238 18 27 56 146 80 167 123 41 170 241 42 69 168 239 207 51 108 96 79 137 242 150 144 47 233 138 212 172 143 11 127 145 130 177 246 61 78 54 104 244 156 181 148 53 214 31 151 213 102 193 232 110 186 230 191 202 74 97 206 33 72 211 174 235 131 215 50 248 178 142 32 12 164 226 45 90 105 225 15 82 1 217 6 122 60 216 183 35 250 65 209 118 165 152 135 141 101 166 43 185 114 192 116 189 205 223 198 159 95 8 136 179 140 236 34 29 103 243 231 55 92 208 3 112 161 83 2 219 84 204 200 63 196 64 26 188 9 7 194 99 52 175 199 203 245 77 187 44 16 17 197 132 4 22 155 158 81 57 220 39 163 210 184 13 85 160 133 111 169 228 58 70 71 182 119 89 73 129 107 75 23 124 234 117 46 25 94 10 247 5 162 88 109 120 98
116 36 210 66 62 12 30 17 98 24 250 178 92 197 85 43 180 161 107 51 203 26 1 175 158 134 221 72 248 214 46 84 109 117 38 128 242 229 164 182 160 146 8 133 153 104 222 45 14 131 34 103 53 186 65 154 190 106 56 144 3 18 151 140 13 234 97 137 147 71 220 187 126 165 39 95 241 167 20 162 204 150 4 145 93 172 121 232 174 35 243 108 74 217 112 183 64 207 124 82 215 79 60 21 156 211 37 163 209 99 236 122 176 7 87 105 245 115 67 49 5 227 202 166 42 194 130 83 198 22 100 48 233 25 61 149 157 195 249 78 148 239 224 123 196 68 33 199 86 11 155 173 50 138 23 142 208 89 181 114 247 47 179 69 32 10 129 31 141 70 230 136 152 125 189 44 29 168 28 139 171 237 113 73 225 185 119 226 238 81 192 191 101 55 52 90 235 102 159 135 216 96 6 16 177 246 19 213 205 111 40 143 127 110 193 200 206 212 201 118 223 94 219 9 91 120 58 240 184 76 77 80 15 59 218 63 54 88 231 57 228 132 27 244 2 188 75 41 170 169
247 233 24 203 249 181 200 55 53 105 120 160 156 42 162 21 71 177 5 34 133 226 136 54 68 30 72 13 141 144 23 114 196 173 63 44 8 43 174 130 180 137 222 75 15 2 97 110 83 246 215 46 167 1 170 204 74 140 192 66 231 154 61 99 95 241 202 119 207 219 93 213 28 22 182 50 129 134 12 116 157 70 9 117 171 56 210 143 127 123 113 67 151 40 236 190 59 161 47 17 243 147 89 189 77 187 239 176 242 122 178 7 94 20 69 153 217 106 57 19 224 166 220 62 165 25 4 237 98 158 76 227 27 206 35 84 101 38 73 126 33 107 150 82 225 193 91 135 188 145 152 125 6 49 198 212 31 104 60 88 81 155 10 214 58 230 221 185 201 103 199 245 184 146 205 244 36 197 211 195 65 37 142 191 111 118 52 32 183 168 100 250 51 232 131 164 16 48 128 87 79 179 3 121 218 223 96 102 18 78 148 109 194 139 172 108 132 14 29 235 240 229 149 238 124 39 169 112 186 45 216 234 11 92 85 175 248 41 64 228 208 86 209 90 26 80 115 159 163 138
92 51 156 48 43 109 185 77 99 13 163 182 239 112 123 183 49 240 96 129 205 83 191 122 105 37 81 38 217 230 235 216 170 207 106 181 174 68 134 146 193 5 166 184 201 133 16 42 67 103 214 1 58 126 107 187 119 111 153 160 158 237 176 203 199 247 167 164 125 202 212 55 131 188 116 177 102 80 39 62 115 221 64 98 93 15 200 121 89 213 150 157 108 218 9 155 189 61 63 72 70 86 246 238 148 152 223 69 54 66 168 47 244 162 17 7 78 135 20 236 127 14 25 165 232 46 45 147 79 224 117 180 248 6 197 186 124 26 233 206 250 22 52 56 220 210 219 161 91 130 228 50 30 104 3 194 10 241 76 175 211 90 114 132 35 178 94 82 71 243 159 196 234 226 19 34 154 138 169 190 18 100 53 145 33 231 44 4 171 141 75 84 229 245 120 139 179 24 204 41 110 8 149 95 143 215 118 192 136 151 23 195 209 27 113 2 225 88 208 57 32 73 222 101 87 242 36 144 11 28 74 59 40 97 65 140 21 137 29 172 128 31 227 85 142 249 198 12 60 173
68 20 13 211 64 165 230 216 146 30 100 89 159 166 102 7 103 143 249 18 205 81 139 134 38 133 24 202 5 79 122 228 244 15 196 43 184 248 107 128 193 25 245 53 120 232 210 234 157 231 167 240 97 71 162 161 19 75 178 140 121 208 250 10 154 125 155 90 105 74 55 83 88 246 147 213 197 108 119 6 49 84 169 58 72 200 101 77 203 131 236 175 45 207 180 198 124 33 99 194 87 212 63 127 182 67 225 70 150 113 135 189 51 56 11 117 36 23 181 9 27 65 37 217 86 188 106 172 153 168 218 92 95 137 76 60 69 156 191 132 223 32 40 201 221 35 28 219 148 130 239 224 39 29 48 227 8 126 93 91 78 31 110 96 160 98 190 247 144 152 50 141 54 226 204 170 52 229 118 177 112 16 195 222 138 82 111 3 17 142 61 220 129 215 114 85 104 109 158 151 34 116 44 209 174 59 80 22 235 214 21 14 47 42 237 242 41 187 199 179 171 183 145 233 176 4 62 26 206 123 149 241 173 73 1 57 46 164 136 94 66 186 115 192 163 2 243 238 185 12
104 37 28 165 109 187 116 149 73 50 236 203 112 106 128 11 63 21 24 140 216 54 14 62 159 160 72 248 142 193 131 66 8 93 19 42 4 141 31 139 100 175 16 12 179 166 119 174 189 78 121 227 95 89 215 65 115 162 44 136 219 171 6 91 26 94 230 186 169 110 182 56 52 225 55 154 117 114 132 82 170 84 5 30 172 40 102 60 133 241 53 224 156 199 167 243 192 45 83 245 36 233 155 69 207 29 96 217 57 153 67 237 2 247 51 134 74 150 235 88 228 213 173 208 58 7 86 190 34 239 244 210 135 191 123 33 202 92 147 148 80 177 35 125 20 59 144 105 120 41 61 240 39 221 10 180 168 238 198 143 27 184 138 234 231 64 232 18 68 211 242 157 129 3 25 71 17 1 47 196 111 98 249 137 205 70 97 76 101 46 22 158 107 126 81 146 201 87 194 222 48 49 130 85 214 220 176 151 108 99 15 164 185 183 103 223 188 226 23 206 118 195 122 161 79 163 178 152 212 124 113 145 204 250 9 127 77 43 200 181 75 38 246 13 218 229 197 209 90 32
51 73 112 86 84 182 226 240 220 244 149 17 85 24 170 98 29 101 65 204 27 82 6 202 208 54 55 30 153 110 117 147 196 207 15 212 197 52 223 166 122 247 191 25 224 95 103 100 225 160 35 150 140 235 87 233 171 60 135 8 192 67 201 22 10 158 152 161 12 18 20 80 144 104 157 249 241 216 43 70 127 92 78 250 203 222 190 168 34 39 14 38 116 36 64 11 102 37 174 163 176 72 44 125 124 56 189 232 181 183 199 93 106 167 139 63 173 76 213 68 184 195 228 148 91 47 40 121 154 50 186 57 227 96 59 66 134 19 9 2 237 217 146 113 155 133 142 75 175 211 81 77 185 7 219 33 108 111 234 194 58 126 138 119 28 49 169 159 74 141 115 242 16 42 105 46 69 248 188 172 32 99 107 130 209 178 164 41 120 97 94 245 210 1 90 13 230 136 239 143 71 5 123 177 21 61 114 128 151 62 156 129 179 193 31 83 215 229 45 132 48 243 187 137 198 236 26 131 23 4 79 165 238 109 205 180 246 214 118 231 145 206 88 221 200 53 89 3 218 162
147 51 220 221 154 27 87 6 233 237 125 100 246 213 165 229 47 145 162 82 158 1 211 127 115 108 131 186 232 55 149 43 33 136 69 53 110 156 77 78 7 72 21 223 29 102 238 163 8 201 148 25 188 161 178 212 64 99 28 140 184 10 132 19 120 203 157 159 98 128 243 124 173 36 114 61 93 48 247 112 40 15 109 199 31 129 70 193 228 189 180 30 181 192 38 209 44 214 84 11 130 171 26 106 50 24 42 135 35 231 103 113 175 217 185 222 9 155 71 134 139 244 54 16 83 57 116 86 59 74 94 194 137 230 49 208 239 143 176 182 91 166 63 121 62 153 183 3 14 117 151 172 58 202 187 170 107 85 133 241 80 13 79 245 4 81 144 65 179 215 73 210 249 207 104 20 225 122 224 39 138 248 32 168 119 89 75 123 111 60 118 5 205 198 235 126 195 250 96 206 227 169 216 146 177 97 219 200 234 23 105 142 218 46 191 12 204 22 160 45 18 2 242 174 67 197 152 164 34 150 90 95 226 37 92 240 41 88 66 167 196 52 141 68 56 190 101 236 76 17
193 141 68 214 171 191 196 86 25 170 236 168 115 34 185 162 37 120 80 134 187 202 205 56 124 27 23 224 100 92 169 107 194 230 249 122 60 57 213 45 242 237 216 209 147 149 221 112 114 89 22 250 240 111 133 116 50 204 227 104 128 8 20 152 212 166 2 235 229 136 21 226 190 11 118 220 186 6 31 126 150 88 247 140 110 81 189 3 66 54 87 12 203 177 125 106 77 172 1 238 160 94 52 153 145 135 195 132 41 85 75 40 146 55 228 73 157 218 138 183 17 29 130 49 71 28 9 79 197 13 143 181 188 243 176 91 38 74 90 47 219 62 33 173 36 233 69 70 78 139 137 174 59 97 208 82 108 244 223 180 103 129 43 163 24 156 206 127 44 83 14 175 7 234 142 58 105 184 16 64 164 18 148 215 232 15 182 19 42 4 10 239 241 102 76 96 159 245 5 30 179 222 210 198 48 109 158 26 248 165 211 99 161 113 231 51 201 39 207 72 192 151 84 93 200 117 32 246 225 67 65 144 46 121 61 95 123 178 53 154 131 119 167 35 63 217 155 101 199 98
240 115 25 176 152 74 29 34 175 206 247 174 124 151 191 249 33 199 117 129 131 195 7 20 167 235 121 134 18 170 73 14 49 5 217 84 194 165 181 220 16 133 142 88 101 246 22 183 47 85 222 149 32 141 230 112 37 111 238 211 58 210 114 28 130 52 154 41 95 45 96 229 237 24 180 182 136 40 135 132 12 60 188 185 13 50 224 234 106 207 223 56 15 51 215 208 31 163 138 75 4 63 173 3 205 189 62 162 186 65 103 99 6 17 146 200 179 61 125 164 64 213 216 53 93 232 168 197 97 9 126 10 171 26 11 225 161 143 242 147 81 113 228 2 150 201 157 54 1 166 66 68 122 243 8 78 153 239 72 82 39 231 169 204 70 202 76 107 209 248 116 105 100 91 94 218 55 30 119 144 44 89 104 42 128 184 109 69 178 59 148 36 172 233 108 92 245 139 145 190 23 127 98 160 244 123 67 102 71 221 118 43 140 158 203 83 120 27 21 227 196 214 226 87 86 198 35 80 241 46 110 177 19 156 219 155 77 187 212 236 159 137 79 57 192 250 48 90 193 38
243 177 43 81 2 249 80 174 88 32 18 121 77 169 107 202 117 214 148 176 139 100 91 241 225 227 164 134 97 192 45 105 118 185 33 200 12 114 167 59 54 67 224 143 119 150 223 204 203 188 171 108 19 124 145 3 222 86 103 239 190 84 231 128 8 147 48 26 137 141 234 109 217 248 182 198 22 5 28 96 123 184 129 72 16 56 235 29 98 21 163 236 162 127 64 42 94 17 175 168 142 47 68 14 49 232 4 51 53 75 229 52 195 160 159 154 90 149 165 69 116 82 250 179 10 183 61 194 34 46 226 87 172 197 189 83 93 242 233 113 181 60 146 158 166 70 115 102 99 151 205 237 25 178 41 126 36 161 112 78 206 216 65 218 20 133 220 38 44 138 63 1 27 209 74 221 130 152 9 245 89 136 207 193 40 39 140 156 144 191 215 122 13 187 228 238 7 173 31 73 201 85 125 111 230 212 170 79 155 58 196 153 132 24 208 131 186 30 23 120 71 244 104 110 6 50 62 76 213 210 66 180 135 57 106 92 101 211 240 37 246 15 199 157 35 55 11 247 219 95
22 96 157 34 62 19 121 130 161 108 218 197 183 4 180 12 211 74 143 164 35 17 127 10 137 52 92 188 232 57 147 131 58 239 60 125 215 144 223 196 202 124 53 139 119 182 138 97 75 104 5 78 16 238 171 72 61 50 14 38 226 24 229 3 249 240 51 120 6 175 107 65 28 166 83 59 26 162 106 115 158 234 152 189 231 40 134 90 204 181 1 79 117 129 247 225 205 209 118 122 235 208 63 25 136 172 46 43 165 151 242 214 160 21 212 45 201 85 153 33 141 68 42 169 170 140 23 207 237 220 89 13 250 174 37 91 245 213 236 49 54 222 194 109 8 154 11 187 29 155 192 36 71 7 167 217 198 150 128 146 186 116 173 190 20 98 80 228 15 47 30 105 248 39 69 77 133 41 2 9 93 82 243 163 206 185 70 159 221 76 95 110 112 184 31 149 56 227 87 94 114 32 195 200 88 179 168 99 219 64 44 101 216 148 246 203 102 135 178 103 191 73 66 67 113 199 230 55 81 111 241 18 145 142 84 48 244 123 156 210 224 86 27 233 176 100 177 132 126 193
239 163 134 131 84 7 46 85 36 42 211 196 173 238 189 118 12 61 113 242 164 241 124 86 182 60 220 240 151 64 40 24 146 115 82 226 69 52 246 97 110 33 89 47 96 66 231 55 104 2 137 181 186 28 67 120 170 127 38 221 99 5 136 249 70 37 111 72 62 141 228 132 166 8 145 201 92 6 169 25 57 224 210 87 88 172 223 106 214 108 74 174 235 153 31 133 219 27 198 206 180 188 94 232 208 165 207 152 114 117 177 195 103 22 41 178 148 192 81 49 227 75 50 43 155 116 167 100 125 244 234 247 1 149 185 95 90 183 150 162 161 236 71 191 128 218 10 76 56 194 212 20 121 176 29 68 35 245 51 107 197 14 168 156 30 175 190 179 250 217 83 80 233 91 202 230 32 9 78 157 204 16 199 18 13 193 98 184 154 54 44 59 215 102 21 158 216 11 58 48 34 203 160 3 79 205 93 119 222 101 73 171 135 229 45 139 140 53 77 105 213 15 17 138 19 142 248 126 123 109 147 209 65 243 122 39 187 144 200 159 129 237 225 112 4 26 130 143 23 63
203 19 99 214 102 68 46 242 249 21 82 222 64 118 107 70 29 126 91 4 202 217 250 179 55 12 95 226 30 32 58 171 51 9 44 223 67 231 153 191 28 157 144 158 134 117 175 94 193 85 45 185 36 83 76 86 190 35 106 122 125 205 121 137 148 93 159 176 174 246 1 84 56 219 24 184 104 79 88 154 233 10 90 211 69 20 14 43 129 81 192 187 131 166 11 13 136 73 177 116 180 53 149 201 61 173 165 128 113 139 49 135 234 27 112 60 40 78 248 247 22 186 150 33 103 75 3 133 62 110 151 115 17 229 232 114 164 97 138 57 142 167 16 161 34 39 42 120 77 18 241 72 109 71 96 146 80 143 92 172 130 26 182 197 170 195 240 181 48 216 8 215 7 245 6 162 74 123 198 147 168 224 155 160 227 220 210 194 100 41 218 23 235 15 54 124 156 163 63 152 206 199 178 196 169 243 236 140 52 225 108 183 145 213 209 37 207 87 2 244 228 212 65 189 141 98 66 230 31 38 127 239 238 101 25 89 221 119 5 47 50 204 132 111 105 200 188 208 59 237
216 148 240 166 221 137 163 214 146 71 80 151 74 50 15 196 168 57 114 243 76 62 107 125 183 81 213 239 111 115 126 96 194 34 156 220 162 226 133 174 181 199 49 75 238 208 16 120 70 190 87 144 112 69 10 217 66 19 242 169 145 53 93 192 25 248 230 222 22 27 227 2 37 3 249 101 198 229 138 29 39 236 202 108 54 150 102 5 134 68 28 247 83 122 188 65 40 24 212 109 9 77 179 161 186 21 177 123 30 241 228 106 72 147 56 20 193 124 132 79 52 51 131 130 23 225 201 121 180 32 219 129 157 218 223 55 116 4 35 195 117 128 210 44 78 244 84 234 176 118 205 110 61 245 203 11 26 97 215 209 178 100 170 187 94 207 152 139 184 172 58 98 127 173 232 191 105 104 160 164 224 45 7 204 136 8 165 31 82 237 59 167 135 158 155 13 189 18 92 142 1 154 246 235 38 119 88 86 211 113 36 47 67 90 17 153 171 233 103 250 85 89 43 182 91 159 141 14 48 231 206 46 33 200 185 63 99 41 140 143 6 42 64 60 95 197 149 12 73 175
168 123 229 49 4 181 195 162 226 148 75 45 193 144 182 176 65 126 198 22 190 5 147 199 247 165 117 170 90 12 104 219 21 208 74 43 202 111 156 230 76 236 178 56 191 225 66 189 101 207 42 223 38 120 242 61 114 41 37 85 98 204 57 91 154 52 84 150 109 161 97 19 50 246 48 172 23 1 17 39 245 173 63 222 210 60 179 11 96 128 209 86 129 137 8 169 100 77 112 240 7 73 107 82 29 153 79 167 188 138 228 248 203 105 127 184 158 187 44 164 160 186 234 67 130 215 72 171 108 241 250 14 142 205 177 54 131 89 212 151 78 220 237 132 58 59 81 15 232 31 99 206 116 25 115 136 175 214 92 10 140 249 64 145 93 30 51 166 68 20 53 213 33 34 32 201 155 40 9 221 183 152 218 95 18 28 196 149 200 159 238 235 2 216 121 180 35 197 118 110 102 233 69 103 27 143 16 47 194 185 135 139 125 71 157 80 239 113 26 244 88 174 231 46 62 55 6 13 243 70 211 36 163 94 124 119 134 227 217 122 133 141 106 146 3 83 224 87 192 24
77 79 136 12 48 181 29 204 221 153 26 246 179 124 6 233 62 146 109 59 234 78 47 151 210 215 61 76 229 134 123 172 54 138 1 225 211 130 208 205 189 22 57 137 87 139 226 8 217 193 35 64 97 45 75 52 194 58 125 162 101 85 232 90 230 50 66 244 222 157 249 67 240 119 140 120 98 31 116 55 247 110 152 72 115 143 195 69 142 80 60 158 239 133 46 250 243 224 147 175 213 167 201 9 235 74 16 128 122 17 196 38 163 156 183 141 203 161 19 14 103 173 70 81 212 73 36 176 202 231 170 238 104 209 245 96 114 188 32 33 207 206 71 107 44 28 93 99 42 197 126 180 220 95 13 237 214 3 111 7 236 23 4 68 150 241 199 10 248 127 223 144 185 25 160 177 159 39 40 63 192 198 100 174 242 5 182 219 21 216 164 49 43 2 82 84 108 121 227 86 129 56 94 228 30 106 166 88 37 155 83 154 191 15 11 145 168 51 18 89 186 218 65 91 190 165 178 92 20 102 118 171 24 113 149 148 200 34 41 53 105 27 184 169 117 112 132 135 131 187
133 220 67 232 63 149 90 97 172 40 184 68 132 144 95 124 138 197 139 236 157 105 196 49 32 34 207 1 27 130 225 227 94 186 93 7 87 219 122 137 223 86 11 218 108 25 174 188 8 228 187 241 151 110 96 36 158 115 113 91 141 116 111 101 82 12 193 156 177 224 194 30 80 106 112 37 100 180 176 213 244 195 239 200 237 173 117 179 120 230 64 154 190 70 48 60 240 18 76 163 140 79 167 81 69 6 56 221 3 191 50 45 114 209 43 107 165 159 168 247 103 249 28 10 38 243 83 250 44 89 153 5 210 125 20 14 136 205 75 71 53 55 16 238 203 134 169 41 242 26 215 246 78 234 77 123 229 211 181 226 119 39 178 57 74 92 182 150 164 147 102 128 21 47 121 175 72 35 171 58 88 59 222 109 233 152 162 217 2 118 73 33 235 13 145 160 127 29 208 192 15 166 146 17 4 142 148 54 84 206 52 126 61 46 183 42 248 199 189 104 231 65 22 62 51 131 214 216 202 245 129 161 212 99 135 66 170 204 24 31 155 23 143 19 198 201 98 185 85 9
245 67 210 87 48 57 31 203 113 61 139 142 176 50 230 164 84 187 13 155 94 47 68 215 36 71 81 178 16 28 186 22 82 180 174 5 45 161 116 223 162 7 25 212 218 249 30 134 190 12 157 188 214 15 250 159 209 216 151 175 226 70 247 60 198 167 240 73 211 232 153 132 98 120 96 234 193 145 241 149 123 182 137 165 228 63 144 35 173 195 118 202 79 158 222 105 85 131 208 83 219 86 119 169 33 237 196 77 8 236 100 224 107 24 4 9 109 238 200 184 110 89 121 37 179 133 136 246 38 206 23 39 201 122 160 156 40 27 154 29 199 220 242 244 143 62 64 58 171 117 65 55 194 1 99 141 78 26 239 66 111 197 93 204 19 166 217 148 106 125 233 10 147 170 102 189 14 185 181 21 177 69 221 95 225 248 11 80 43 227 104 18 75 20 129 213 152 91 56 243 183 103 127 74 235 88 34 124 3 168 108 41 229 128 231 146 192 90 126 101 112 46 6 32 53 207 205 163 76 150 51 138 191 44 140 59 72 2 130 42 54 135 17 114 92 115 172 97 49 52
52 25 240 12 107 101 65 213 237 239 223 82 69 178 180 24 27 67 2 53 183 7 153 118 88 76 154 74 228 124 14 115 23 42 37 134 222 206 245 165 81 132 215 139 143 181 78 199 43 6 94 184 156 129 210 131 229 141 233 66 219 64 54 112 45 35 201 244 104 189 194 203 248 86 19 108 144 80 193 63 163 148 70 49 166 17 96 1 133 39 185 172 4 161 238 150 44 221 246 170 211 142 34 97 9 207 60 128 234 113 230 40 21 200 167 173 15 73 98 232 242 225 217 83 95 126 48 209 3 175 204 190 231 103 114 20 250 10 224 91 208 186 117 41 218 249 236 243 177 5 99 72 28 61 241 84 157 195 227 79 62 168 106 110 58 147 174 169 119 202 226 135 164 47 89 18 137 100 87 182 149 127 192 197 46 136 16 146 158 33 55 179 152 123 176 29 26 188 196 120 30 212 151 68 187 162 71 220 50 92 191 198 216 121 59 160 32 130 38 171 116 90 155 57 36 93 8 77 235 102 138 111 159 140 51 122 145 85 56 75 214 31 247 13 109 205 105 125 22 11
71 82 205 21 194 103 83 135 34 218 130 97 117 228 244 249 92 147 153 159 223 61 12 220 39 145 208 17 11 146 177 95 57 232 111 90 185 99 114 191 245 16 179 121 64 138 128 52 136 149 210 165 24 88 3 206 74 230 70 158 196 115 239 108 94 48 2 142 118 226 81 215 225 43 169 96 30 33 106 152 193 204 63 78 98 67 227 109 190 93 22 112 123 127 47 1 219 171 133 56 237 75 89 5 7 55 150 125 192 102 163 214 186 155 154 72 44 58 126 119 201 105 101 65 212 222 32 40 85 238 51 6 184 236 73 195 31 166 27 137 172 248 161 122 59 211 60 243 139 231 68 182 10 229 23 110 37 49 79 14 36 202 173 53 13 240 189 200 124 247 131 162 221 197 224 76 100 8 129 180 187 168 234 41 170 209 178 213 217 198 91 250 181 45 80 141 151 216 167 35 140 77 203 62 120 84 188 104 143 175 144 113 38 176 28 241 4 15 235 132 69 25 87 26 116 134 148 164 18 20 207 42 156 242 19 233 9 160 66 46 183 86 157 246 29 174 54 50 107 199
242 71 34 224 158 191 5 8 201 7 47 83 156 70 67 186 172 123 129 64 147 204 29 60 119 97 174 222 205 45 166 56 117 250 63 52 168 40 102 213 137 122 13 211 106 44 43 192 79 203 15 245 196 113 246 175 195 231 241 202 107 160 233 180 25 18 142 27 82 200 126 51 218 239 128 19 183 197 66 232 235 87 37 212 2 179 194 31 176 14 154 42 9 33 220 169 98 238 227 69 131 62 78 247 130 135 38 162 229 84 100 65 132 228 115 120 48 30 99 93 80 112 155 10 11 53 49 39 20 73 3 185 50 136 209 153 125 219 236 163 96 23 165 146 36 140 54 221 149 101 32 86 41 244 61 133 240 57 198 189 74 88 184 234 89 167 4 151 161 206 16 216 17 58 28 24 35 214 138 76 26 77 171 187 230 72 104 225 150 59 177 110 127 103 46 208 164 114 121 217 139 108 1 118 190 81 109 215 170 124 182 152 193 95 94 12 173 199 223 148 111 22 91 90 143 145 207 141 178 159 85 181 105 6 157 92 248 134 116 144 249 237 188 75 210 55 226 243 68 21
40 125 55 41 134 189 247 46 122 166 97 69 230 143 110 233 101 226 187 67 93 159 70 140 63 2 246 10 52 164 211 118 153 186 236 188 248 200 244 127 24 213 26 205 107 180 241 3 91 175 106 249 224 13 103 7 195 242 191 27 250 123 53 17 77 208 150 72 207 99 172 234 19 23 74 133 112 193 169 202 185 81 111 216 120 192 18 146 116 197 184 151 145 245 5 11 1 176 148 178 158 237 49 16 126 240 124 139 60 206 90 32 35 88 105 171 190 204 37 177 136 80 144 44 167 65 82 57 21 215 22 174 59 135 170 179 218 73 161 85 162 113 30 36 56 71 181 232 64 156 29 95 38 221 89 154 238 217 92 31 149 239 129 39 121 4 34 155 42 142 68 50 160 96 220 163 66 235 243 102 223 209 54 51 47 210 61 137 114 62 183 228 104 198 214 231 20 201 173 222 108 128 229 48 86 109 33 199 94 83 87 212 138 75 165 79 9 219 100 15 58 168 43 203 225 132 8 117 141 152 12 147 115 84 28 45 98 130 194 25 6 14 182 227 78 157 196 76 119 131
38 227 185 121 221 237 133 142 108 166 135 28 109 82 231 115 77 73 192 233 174 50 218 164 86 222 114 90 125 196 154 37 199 35 47 98 145 71 44 42 168 177 2 206 102 5 248 36 58 119 65 158 144 159 110 4 13 130 136 132 120 152 172 143 202 9 225 75 157 89 15 191 112 34 204 148 33 27 250 207 32 239 249 186 162 49 29 117 129 176 26 95 10 64 92 43 46 106 244 31 243 30 96 170 40 61 16 7 67 81 55 1 224 242 72 197 6 116 74 84 78 198 63 8 236 205 14 56 184 223 200 51 178 179 151 24 70 18 150 240 41 99 11 22 208 213 212 175 232 105 230 19 215 124 48 141 122 53 101 235 153 52 12 194 45 107 190 66 23 229 238 187 201 131 161 128 171 134 21 80 60 138 156 123 220 97 118 195 149 169 103 219 209 127 17 39 62 241 147 167 188 111 203 20 79 104 57 137 247 183 68 234 69 173 182 189 91 87 140 113 214 83 155 139 246 88 59 216 210 3 226 211 146 245 126 160 163 228 217 25 100 93 180 193 76 181 165 85 54 94
219 250 144 182 90 184 77 178 47 148 33 225 120 49 3 136 64 100 85 18 131 66 162 196 212 65 247 188 234 57 239 185 94 93 194 86 20 79 246 9 21 42 179 202 156 89 159 230 104 248 39 111 218 204 7 220 84 187 12 213 26 67 54 153 226 161 228 150 69 107 147 224 245 110 59 173 221 62 181 41 16 151 23 25 125 87 143 48 63 98 206 128 217 91 116 114 68 175 198 130 31 82 81 76 193 53 132 15 229 92 40 238 133 160 235 242 170 34 249 115 190 152 237 80 243 50 186 127 176 183 164 8 58 240 200 4 139 236 163 70 19 168 209 43 32 117 11 61 97 45 171 13 1 122 195 155 146 166 174 102 109 99 215 227 75 211 71 177 17 129 106 167 46 10 244 241 232 135 201 216 37 55 157 83 214 14 154 192 126 208 88 44 158 165 140 74 2 72 124 24 169 189 207 35 78 191 197 51 203 222 141 103 121 119 6 105 113 29 56 108 28 73 205 60 149 145 22 96 5 233 134 112 223 199 118 137 36 101 27 30 138 172 123 231 142 180 210 38 95 52
89 193 79 54 223 56 171 13 64 124 213 20 36 130 144 99 224 132 169 158 46 93 240 8 159 147 141 185 155 200 59 86 2 88 214 77 164 197 137 57 211 100 97 49 73 172 230 121 162 96 229 221 42 233 201 187 70 160 236 48 110 95 80 191 69 175 92 84 118 85 37 157 129 10 179 184 202 61 60 23 120 112 76 30 204 241 188 136 174 168 206 67 114 55 238 143 133 41 165 150 248 145 232 25 139 94 50 181 14 183 4 12 81 26 103 154 102 135 3 180 34 148 205 58 39 51 113 82 235 65 231 194 227 161 111 35 17 152 140 28 151 40 196 166 44 243 244 115 9 225 78 87 234 163 83 72 182 106 116 7 91 212 27 216 43 190 239 208 66 198 178 117 105 32 126 74 134 246 38 47 217 131 215 195 128 29 142 15 33 21 63 125 149 207 11 90 19 153 228 210 177 53 170 138 247 75 245 237 226 192 173 108 222 242 219 203 122 119 107 31 127 101 146 199 62 186 18 250 24 68 98 249 52 156 176 22 189 104 220 6 1 5 123 167 218 71 209 45 16 109
239 86 37 216 202 80 177 241 103 156 78 124 205 56 17 33 139 14 145 43 55 93 53 2 223 66 153 200 164 160 8 162 94 65 144 69 214 30 114 249 237 64 245 235 102 15 44 190 115 27 201 125 178 106 231 243 232 96 181 220 149 207 248 184 10 250 130 90 107 40 24 70 77 38 137 173 19 165 240 100 196 233 29 1 140 198 206 59 123 84 121 143 169 72 163 218 5 16 91 174 211 195 60 54 209 225 152 20 210 185 133 85 132 242 67 75 97 41 222 119 110 112 127 193 73 155 45 191 146 71 81 197 234 148 76 25 128 95 167 168 46 57 118 62 183 104 188 228 52 158 217 180 203 105 122 6 87 58 113 34 92 138 126 208 229 221 150 116 175 68 83 142 226 99 244 63 79 11 161 204 18 219 187 159 82 74 32 170 48 182 157 12 108 131 9 230 129 31 212 39 246 23 98 236 4 109 171 28 179 42 22 136 215 120 88 117 238 35 247 7 47 189 147 101 135 224 49 89 192 61 51 36 213 141 50 186 166 199 26 3 21 154 111 172 194 227 13 151 134 176
80 69 6 2 100 187 163 13 136 98 188 139 55 36 91 189 50 242 125 192 176 208 33 23 171 177 97 32 215 191 204 122 85 37 113 238 117 19 25 225 45 193 4 128 14 231 134 77 106 110 185 135 229 228 179 233 199 150 174 10 205 7 197 154 18 121 114 200 161 146 149 83 53 46 21 131 198 165 140 9 207 68 158 155 151 96 218 81 17 182 166 111 90 241 129 48 248 147 196 203 245 65 73 49 99 236 162 70 156 212 105 181 43 24 175 127 82 201 61 221 237 27 226 3 243 67 28 20 120 167 107 138 244 130 247 190 173 132 160 143 102 168 84 206 184 164 220 5 22 180 11 145 16 39 209 56 75 178 38 213 109 78 30 240 52 183 42 124 157 172 152 95 235 104 76 112 211 249 217 224 47 41 62 216 186 141 137 86 57 35 123 169 71 64 58 126 153 194 103 133 94 222 26 119 63 116 54 89 51 214 93 12 234 210 79 195 66 59 148 227 170 159 74 8 29 219 250 44 118 60 88 34 144 232 31 230 202 115 108 142 1 92 40 72 15 101 239 87 246 223
114 39 96 81 28 78 98 154 8 109 112 233 204 21 157 147 132 193 211 33 69 170 64 67 83 122 107 194 89 130 38 50 135 247 47 11 145 61 151 16 10 238 62 51 120 80 184 63 229 150 37 71 232 65 111 77 73 34 1 85 117 20 139 118 167 248 129 181 60 126 68 95 32 148 97 234 94 82 199 240 53 143 7 149 200 66 198 189 76 141 70 244 174 231 207 144 205 124 188 104 220 43 226 250 31 13 202 52 106 223 203 185 45 5 153 102 219 175 215 191 178 146 224 136 101 163 23 90 242 158 201 72 105 115 2 187 24 173 12 84 87 108 155 3 54 216 235 183 15 179 246 6 171 25 221 213 209 44 30 195 18 239 182 48 162 186 166 241 152 121 210 227 79 249 22 245 55 161 127 228 119 176 197 19 56 113 125 165 59 156 103 40 99 160 168 169 133 236 17 192 100 36 206 86 123 134 230 196 57 164 128 177 46 58 217 26 225 29 42 88 35 137 9 222 212 142 243 75 208 218 110 172 237 214 159 180 74 116 49 91 138 14 190 140 4 92 131 93 41 27
250 100 225 232 146 178 72 86 24 120 152 8 241 52 108 41 124 114 155 34 163 168 164 45 88 182 159 76 53 235 196 177 214 105 104 185 63 29 1 158 211 209 173 94 210 84 85 98 37 244 44 67 166 99 151 200 195 202 81 82 180 92 4 21 188 240 89 172 171 229 190 73 51 56 36 35 192 14 174 31 77 161 30 60 47 176 139 71 75 228 233 137 207 183 187 226 221 219 140 90 80 213 170 184 224 206 59 143 106 131 121 119 118 39 25 40 236 112 2 83 160 128 62 113 249 144 142 48 130 165 134 20 102 132 49 78 122 129 175 208 197 116 16 125 204 194 237 50 189 215 136 198 42 74 58 246 97 33 57 242 230 43 101 15 115 223 95 239 218 10 12 27 17 186 162 220 234 179 69 70 138 117 248 199 66 157 110 141 150 11 169 3 148 19 217 22 243 9 156 54 87 68 127 38 147 32 28 13 93 61 91 6 111 55 79 238 247 205 133 231 107 96 5 7 123 103 222 26 64 212 201 227 193 65 153 203 126 181 135 46 167 149 216 154 23 18 145 109 245 191
192 248 201 140 43 68 127 157 54 217 28 175 97 208 163 11 132 229 82 155 30 48 24 170 220 101 151 66 123 51 161 158 25 90 203 108 211 56 8 150 39 120 174 122 133 1 166 200 159 212 234 231 125 205 178 10 216 162 55 190 128 218 198 245 60 74 131 196 177 21 53 237 65 95 99 186 12 114 238 168 110 181 160 58 219 187 107 228 145 81 241 250 194 19 230 247 50 83 207 91 173 6 249 70 41 59 149 197 45 167 210 4 17 117 5 156 225 227 136 180 89 57 106 146 233 16 135 113 14 191 20 75 37 223 239 9 189 34 185 69 49 202 179 87 38 242 62 112 182 40 235 76 79 103 221 61 109 85 224 72 121 36 148 31 153 32 115 71 116 236 137 42 134 22 240 13 209 139 184 169 84 164 98 29 104 129 130 244 47 78 63 15 188 222 88 176 243 142 195 33 214 18 73 96 27 67 165 118 46 35 100 102 23 226 213 26 105 172 64 3 124 232 111 92 86 144 119 141 2 199 7 215 143 44 206 52 193 171 126 93 246 183 94 138 77 80 152 204 154 147
20 101 58 142 203 233 164 194 125 103 131 240 3 216 60 190 63 226 10 40 228 139 27 175 13 56 65 205 119 49 130 43 19 176 150 127 193 246 42 79 140 95 15 6 67 117 174 161 92 37 181 236 207 128 47 134 208 192 36 17 169 180 96 222 237 7 32 22 215 224 99 59 8 48 184 122 234 100 185 41 78 77 187 159 147 25 113 104 144 62 158 107 244 57 82 115 69 165 146 73 50 153 68 31 235 250 55 52 88 210 97 136 160 219 214 84 121 12 229 112 145 70 34 156 239 80 123 71 61 102 223 90 14 105 54 86 5 143 46 200 248 29 110 173 212 247 75 171 232 213 195 4 94 135 162 191 230 118 157 129 197 133 149 23 114 44 33 204 218 221 51 64 132 209 28 168 202 72 199 81 238 53 38 178 179 188 138 66 21 242 245 45 39 189 83 109 126 198 26 152 1 211 249 227 16 120 155 163 196 116 231 201 106 2 151 220 108 186 85 111 137 9 124 154 183 166 30 177 93 167 24 98 87 182 148 35 11 172 170 206 76 91 243 217 225 141 18 241 74 89
223 26 104 162 214 107 3 149 201 182 35 126 163 250 109 156 118 134 59 244 172 75 71 195 154 20 230 180 50 204 231 196 188 51 208 143 68 37 40 190 206 113 168 233 234 15 39 82 10 43 135 127 132 123 30 148 198 102 31 207 169 72 144 237 79 226 28 215 117 60 49 203 56 22 98 187 165 170 221 8 9 249 41 177 23 24 80 192 46 42 243 186 45 151 142 69 7 111 150 219 47 245 158 229 225 14 93 18 133 218 97 90 238 129 184 16 116 125 202 146 91 171 87 34 212 100 120 99 178 32 136 179 92 106 124 205 57 64 2 176 131 77 27 239 139 235 174 216 185 114 21 128 44 29 70 96 33 224 173 58 84 94 6 55 119 140 11 12 48 147 78 145 246 73 227 86 240 166 54 160 74 108 228 53 152 63 95 61 232 38 199 17 36 67 241 242 122 101 200 164 141 181 66 191 183 4 247 213 105 175 157 248 62 19 210 121 236 155 159 88 194 161 209 25 153 5 220 130 222 83 13 137 85 189 217 76 65 115 197 110 138 112 167 211 1 89 193 81 103 52
65 36 94 85 232 2 82 61 159 96 8 221 81 126 150 90 146 42 167 15 87 180 234 239 137 69 18 153 9 99 45 23 189 199 179 171 105 249 164 58 190 46 242 109 139 76 162 14 113 184 100 93 213 131 245 204 12 175 22 222 237 129 49 84 138 89 169 67 225 216 226 240 223 134 219 33 56 102 53 196 205 193 60 195 238 118 19 103 151 197 57 5 181 95 218 140 107 228 91 54 220 106 154 77 178 207 124 201 157 121 203 50 88 71 135 92 172 32 173 75 98 128 143 17 147 163 114 21 200 206 202 224 192 73 1 122 130 117 231 194 145 29 4 86 3 38 41 166 185 55 115 212 227 97 63 165 34 174 108 110 111 112 43 250 39 47 44 136 141 149 214 191 177 6 26 215 80 144 243 152 183 236 168 208 211 35 142 148 25 247 20 123 48 233 244 37 66 161 158 83 101 74 229 182 30 64 59 217 40 155 24 209 16 160 78 13 116 52 186 246 127 119 62 68 11 235 120 188 170 104 7 133 187 27 31 125 70 210 79 248 198 28 241 132 230 10 72 51 176 156
195 117 64 160 78 53 242 10 108 124 126 83 63 150 76 46 203 68 221 97 14 200 149 125 60 168 127 22 118 147 49 115 129 62 243 79 51 171 226 189 183 165 220 3 94 69 31 135 121 70 23 211 35 105 4 114 112 180 146 59 122 132 120 210 89 159 88 245 145 207 36 197 91 44 133 144 236 72 71 224 34 208 142 240 237 12 102 202 55 141 54 190 229 101 47 182 227 181 11 151 137 41 198 29 204 158 20 247 175 209 1 139 119 96 173 111 61 136 45 19 206 161 18 205 148 170 95 212 201 5 219 103 178 177 40 116 48 155 191 234 30 77 9 28 21 66 249 8 225 58 13 153 233 74 230 167 244 172 43 93 248 38 6 192 228 154 156 37 164 56 188 33 246 238 80 106 110 232 81 169 184 213 199 73 217 223 235 27 193 134 99 185 39 107 222 24 140 123 92 143 128 75 7 194 130 162 52 239 84 113 85 87 17 179 214 2 131 163 166 104 196 100 215 15 65 187 16 218 86 50 25 57 138 216 32 82 241 250 98 42 186 176 90 231 26 152 157 67 174 109
208 163 211 121 112 143 67 200 204 166 199 238 18 237 57 72 97 207 40 91 73 77 214 63 188 25 47 172 65 195 151 132 29 243 231 32 198 225 46 71 8 144 34 88 93 28 146 11 131 215 48 247 7 75 85 159 53 12 116 161 242 68 217 125 23 109 223 81 245 124 180 103 89 111 248 84 133 42 9 123 244 150 110 173 158 138 119 201 51 100 82 37 213 229 95 196 182 50 102 171 87 24 157 148 79 226 164 16 236 122 167 108 174 240 140 35 20 190 135 165 113 185 19 86 78 186 176 30 33 194 120 250 80 227 145 169 177 221 128 187 39 235 36 203 220 41 60 52 218 58 168 141 134 162 241 129 62 222 246 56 90 147 5 153 17 189 83 178 98 160 66 137 139 2 181 234 76 230 191 152 192 69 228 21 205 114 49 61 232 126 249 216 149 117 219 233 197 104 107 64 115 212 99 175 10 27 183 94 210 6 193 202 55 154 31 26 156 136 38 13 209 106 127 118 44 224 15 142 206 96 45 14 59 239 3 101 54 70 170 92 130 22 105 184 74 4 155 1 43 179
165 236 99 97 61 123 196 233 115 73 184 201 245 148 87 205 177 88 240 31 160 194 64 249 144 130 188 105 169 128 210 48 154 25 220 248 223 155 163 135 38 16 142 122 185 213 211 69 90 166 34 45 121 152 86 43 157 125 18 103 129 193 102 46 171 202 110 104 189 19 95 134 9 138 174 222 92 33 71 107 39 47 203 63 112 13 96 250 32 56 117 101 207 29 147 111 109 146 84 120 74 140 139 206 161 195 66 137 3 60 234 217 150 167 239 35 55 127 106 12 2 149 80 79 170 158 162 182 132 27 67 100 50 151 118 51 59 17 208 93 36 228 159 124 30 114 242 83 62 49 4 232 238 221 11 173 230 76 219 24 52 168 186 141 153 179 192 215 81 176 156 72 21 225 85 5 89 143 183 6 199 197 214 78 241 20 68 187 10 37 229 164 108 244 247 191 75 131 180 226 58 22 28 82 70 237 227 216 113 235 14 15 200 7 53 145 246 224 57 212 54 77 1 44 8 218 231 91 26 181 243 116 119 178 172 40 98 175 41 65 204 94 133 136 23 198 42 126 190 209
148 111 54 245 172 72 62 82 93 6 138 63 109 188 46 207 81 36 247 96 103 91 154 130 14 44 26 220 68 84 79 165 201 101 9 73 160 210 97 186 29 25 56 136 89 231 11 40 119 176 174 48 15 53 18 95 16 211 137 184 42 129 145 1 216 135 205 65 218 178 133 71 226 193 98 244 149 230 115 241 83 249 80 50 37 213 206 234 90 224 228 4 227 8 195 198 113 112 122 92 105 183 225 51 19 152 139 78 55 28 166 35 156 223 116 209 61 126 39 27 173 110 67 104 212 38 170 168 167 185 197 20 202 114 85 208 134 143 66 47 238 179 144 146 131 141 229 235 162 203 236 12 45 33 94 233 191 128 106 24 200 69 182 107 214 118 222 246 158 215 164 75 169 163 199 127 180 190 58 243 187 159 76 189 5 30 250 175 237 239 41 155 23 88 181 34 121 117 70 17 242 57 7 177 140 64 221 43 232 100 161 240 150 151 2 204 108 31 32 21 125 194 171 99 22 132 124 59 192 52 13 3 86 147 60 10 49 123 120 196 74 219 157 87 102 217 248 142 77 153
11 45 177 242 51 13 93 159 150 147 22 100 58 171 195 115 95 166 175 3 62 76 136 65 16 160 70 157 135 120 174 121 30 236 144 124 151 69 15 79 183 200 55 224 139 114 142 56 96 20 87 101 241 240 50 237 8 202 184 207 194 36 57 107 156 44 7 203 231 122 72 164 165 14 59 173 53 17 29 196 118 155 168 180 186 34 218 111 68 191 137 206 41 54 250 85 78 105 2 129 25 113 134 219 227 133 188 39 77 232 204 86 27 176 192 80 154 99 108 181 153 140 246 92 189 245 64 40 249 109 138 248 49 75 225 239 10 247 18 229 230 61 52 84 32 23 172 97 226 102 128 71 223 37 12 212 205 66 131 228 233 26 103 31 21 234 119 162 152 126 238 116 106 141 123 112 24 60 38 81 146 215 82 148 209 67 190 46 43 211 90 110 213 222 125 6 117 163 19 170 94 182 216 158 149 185 42 89 104 221 1 132 130 198 169 35 210 243 235 5 145 74 83 161 201 73 208 178 47 98 9 48 63 220 88 244 143 197 127 33 167 217 179 193 199 28 91 214 187 4
1 123 35 99 180 83 15 165 66 225 130 9 8 159 193 87 128 174 186 147 58 107 140 208 143 106 5 177 173 243 51 238 201 135 94 73 172 245 120 36 20 224 116 18 14 228 240 61 67 182 219 111 53 142 40 98 230 32 198 221 76 239 82 213 157 166 16 197 179 26 84 71 60 47 229 139 133 154 55 112 42 95 242 28 102 235 250 132 27 155 151 86 75 19 64 178 113 39 124 126 205 78 119 153 77 93 80 125 103 97 134 104 145 210 170 88 190 2 189 56 217 138 127 90 12 233 212 25 23 175 131 38 72 117 244 164 161 149 187 62 121 158 69 79 226 68 160 199 234 7 54 183 223 30 222 231 21 115 146 215 248 176 237 10 236 216 96 50 150 171 85 74 89 188 211 241 48 156 196 167 3 192 168 202 11 34 114 105 22 184 17 137 144 169 203 148 206 49 122 207 232 45 100 136 101 70 118 44 227 162 108 209 33 109 129 91 4 195 214 43 6 249 59 141 24 220 92 65 29 194 110 191 52 246 181 218 46 185 31 204 63 57 247 200 152 41 13 163 81 37
110 236 86 225 29 202 106 113 140 56 17 69 96 168 73 240 39 198 25 244 14 50 104 78 4 249 32 237 209 247 170 158 193 38 229 121 208 162 180 51 150 159 156 192 116 72 205 219 74 26 89 54 132 66 246 212 44 176 59 199 235 172 127 10 231 99 88 175 1 194 224 33 111 216 129 81 152 12 163 226 76 230 3 53 128 20 112 80 153 241 15 190 11 149 227 77 210 83 102 37 115 137 92 122 65 125 61 5 218 145 101 178 242 188 213 151 169 200 141 143 87 7 71 139 248 186 95 68 160 185 8 13 136 47 82 238 100 120 108 232 18 42 245 22 123 203 9 234 119 16 85 27 130 144 124 243 157 207 30 98 19 155 55 197 79 52 187 173 211 2 43 6 133 49 126 214 67 64 109 189 28 250 177 215 174 183 118 90 23 75 63 154 217 220 181 84 166 206 182 171 62 57 164 135 46 146 195 24 105 40 191 179 60 41 131 48 103 45 233 201 161 221 138 91 21 117 147 35 93 134 165 34 167 107 114 70 184 223 31 204 36 228 196 97 222 239 94 58 142 148
89 174 190 159 23 180 211 120 173 183 160 224 48 240 8 33 45 227 11 116 191 4 75 225 237 198 214 196 151 1 129 84 131 60 156 193 118 165 78 133 226 221 244 9 130 217 164 207 68 31 30 69 144 232 108 25 83 143 32 22 203 82 167 62 19 102 76 34 176 37 128 148 39 126 127 197 142 107 212 67 153 147 195 152 187 93 179 29 17 63 139 57 79 146 94 236 71 181 249 178 104 136 145 88 50 122 200 205 125 109 185 188 100 105 150 162 41 85 7 230 77 246 15 6 168 64 72 42 21 250 97 243 234 223 86 235 80 35 121 158 49 59 91 115 231 184 210 27 213 242 222 40 44 10 140 20 201 166 70 12 117 53 98 56 5 114 124 101 103 123 111 135 189 2 73 134 157 215 43 46 54 220 247 47 172 208 141 61 137 92 209 245 13 155 149 58 206 132 202 14 241 169 99 52 38 239 170 106 113 192 177 182 24 51 28 18 36 175 138 163 81 74 119 96 229 199 87 65 55 238 154 66 171 216 3 218 95 112 26 204 194 248 186 161 233 228 16 219 110 90
53 76 174 102 114 79 186 201 222 214 62 226 147 28 126 197 82 149 144 188 64 231 106 206 250 119 247 181 124 123 111 86 164 71 218 108 110 192 34 129 23 44 35 121 4 172 238 125 161 116 33 234 204 14 5 13 90 38 29 248 113 237 100 96 152 75 135 235 246 219 139 127 63 249 143 146 195 18 232 203 150 163 179 103 242 48 183 205 207 162 1 52 176 213 155 42 189 91 138 93 92 24 142 157 241 68 225 20 177 130 57 180 200 141 59 170 22 215 145 66 228 89 45 148 184 187 133 240 73 67 12 7 47 11 173 117 70 210 120 97 19 51 84 115 167 94 98 109 118 190 151 61 194 104 224 65 78 166 39 99 229 32 175 131 37 27 69 55 209 182 16 239 140 21 178 74 15 49 193 6 107 41 156 208 43 169 54 236 223 159 122 10 3 60 101 198 160 243 158 105 128 221 9 245 191 30 185 137 26 227 88 202 77 171 165 216 233 50 2 211 199 220 31 196 25 132 58 95 85 244 136 217 80 56 87 40 17 230 8 72 81 46 168 83 212 36 154 112 153 134
196 108 84 186 88 240 82 20 19 98 229 249 15 29 58 17 87 165 245 122 130 23 136 90 1 129 175 160 213 177 36 236 239 212 188 18 234 159 225 195 145 71 106 179 8 150 14 39 227 27 25 200 35 166 141 190 3 125 226 215 232 121 56 103 45 250 118 70 100 119 50 21 197 51 95 73 157 151 94 223 199 202 205 161 69 99 135 189 104 83 59 38 235 86 230 37 174 154 120 248 61 184 143 126 57 208 115 146 187 247 224 237 22 16 68 132 180 93 53 32 2 33 191 12 13 34 40 67 152 149 105 110 9 216 198 128 231 89 228 52 148 31 219 217 113 158 92 30 173 109 178 24 44 77 5 123 65 81 194 137 102 203 66 63 207 4 162 114 62 54 101 155 60 246 127 111 41 170 140 124 233 238 139 244 46 171 222 72 169 131 64 117 193 133 214 156 183 28 243 242 80 209 7 74 96 116 47 204 76 206 26 211 192 153 201 172 79 138 134 91 6 164 112 97 163 43 55 11 210 78 176 49 85 48 221 147 181 167 218 182 142 144 220 168 42 107 10 75 185 241
201 146 79 75 65 6 145 170 168 177 182 161 180 225 104 213 188 39 128 103 88 205 216 62 106 68 234 112 38 121 181 2 12 34 172 96 114 92 13 238 167 67 94 10 215 60 224 222 91 110 178 233 226 165 105 151 30 248 90 208 64 247 56 101 37 81 1 228 241 176 200 111 25 191 17 174 20 14 184 42 59 36 144 138 245 15 84 154 209 4 127 21 132 150 119 52 195 31 185 18 136 50 196 47 198 239 148 210 155 5 143 135 32 89 193 129 164 159 192 219 100 19 63 190 41 76 204 116 108 206 212 113 87 82 149 211 3 236 73 7 134 197 179 160 242 158 163 217 141 22 66 153 157 232 24 162 246 29 137 26 57 99 229 221 107 223 118 125 78 93 126 54 142 86 214 23 139 44 156 120 249 194 61 140 70 71 218 166 244 11 102 123 45 8 109 46 43 55 133 175 115 250 173 53 49 203 28 220 124 58 169 33 117 51 171 35 97 16 186 95 9 98 122 231 85 202 237 243 147 72 230 187 48 27 131 83 207 189 77 240 130 40 183 69 80 235 227 199 74 152
215 80 210 182 84 61 63 35 5 72 24 130 200 230 22 145 4 167 238 231 119 120 243 199 170 90 189 87 140 6 75 197 123 8 51 23 203 56 88 248 208 242 228 239 202 71 186 59 42 229 235 107 49 211 118 68 44 176 124 45 190 39 77 227 66 234 117 106 192 30 184 14 166 113 27 157 172 129 20 160 105 55 28 159 9 178 169 82 17 249 31 191 34 101 217 225 218 69 185 67 163 70 195 91 214 128 41 223 138 152 158 149 89 137 245 78 3 104 47 65 177 148 112 32 131 179 244 19 150 52 111 18 81 141 151 13 206 237 144 134 132 213 212 7 183 98 127 2 21 83 102 205 156 12 173 10 146 73 220 100 240 48 164 165 136 103 181 193 85 109 62 143 188 99 135 16 92 25 224 196 174 38 96 114 60 108 250 147 94 222 50 171 207 121 246 46 154 43 209 162 86 74 219 133 232 221 97 115 226 198 153 180 76 79 53 216 139 54 125 126 241 116 142 95 155 122 247 36 40 110 161 33 201 175 187 64 11 204 236 93 194 57 58 29 37 1 15 233 168 26
119 167 227 199 77 73 234 134 193 127 64 212 91 93 144 184 111 61 42 107 10 147 173 34 59 238 109 214 47 120 181 39 123 99 40 32 213 231 152 164 92 82 50 158 217 206 249 237 1 98 3 250 118 159 133 146 4 239 28 241 52 16 58 69 36 44 185 33 176 110 21 55 186 45 201 229 121 244 6 215 157 172 170 72 150 101 84 125 169 60 136 202 19 112 37 224 53 96 62 29 90 171 232 204 7 65 106 221 41 143 165 177 208 129 233 200 210 83 228 94 31 156 26 242 74 117 187 11 13 160 243 80 126 2 195 175 23 24 180 245 151 113 114 145 115 68 75 197 191 27 178 205 161 105 48 248 139 57 38 102 85 87 220 137 70 166 141 219 67 223 182 122 95 86 148 128 51 240 35 100 63 20 198 230 247 18 236 207 179 132 189 188 153 89 66 216 235 79 138 124 190 196 131 194 130 209 149 25 97 154 78 116 168 183 140 222 56 142 8 226 30 103 71 81 5 17 22 192 135 15 76 88 211 54 14 9 203 174 104 225 12 246 163 43 155 218 108 46 162 49
128 243 211 125 156 11 118 222 37 43 56 213 13 234 27 68 108 207 149 34 119 187 204 74 44 66 52 160 23 221 237 198 210 238 41 188 9 54 129 173 32 55 109 63 49 216 45 70 176 239 116 40 48 247 94 29 151 127 165 189 148 163 53 142 5 59 120 47 214 217 97 46 185 225 110 75 232 240 4 65 206 223 140 10 67 26 88 201 132 168 111 218 153 85 12 193 203 172 136 250 17 87 227 78 186 195 72 235 15 20 83 178 91 162 117 139 159 112 103 130 114 241 230 92 100 95 104 113 22 93 158 220 124 249 126 14 205 36 96 164 202 7 154 150 33 177 61 89 246 152 30 144 236 6 161 215 233 123 133 145 209 141 2 166 73 76 18 102 191 167 224 60 106 24 19 244 134 90 146 170 196 169 25 135 81 190 51 171 138 175 38 84 1 3 64 199 174 200 79 80 155 192 42 208 143 242 115 181 137 183 147 28 98 228 248 231 8 184 107 131 57 229 121 179 86 16 245 226 212 62 194 31 122 101 50 39 69 77 71 82 180 219 105 197 35 157 58 21 182 99
4 248 140 223 188 34 99 123 240 3 182 100 150 139 126 162 51 247 219 179 199 184 197 173 132 134 101 156 17 178 207 227 75 54 246 154 152 64 13 73 43 103 243 157 191 74 108 19 120 171 245 213 204 98 20 9 61 200 206 176 106 93 11 55 127 122 12 141 76 129 2 167 105 16 26 112 239 158 193 236 212 111 209 198 82 195 56 169 41 228 78 95 30 119 62 48 144 165 21 46 52 18 153 163 205 133 230 216 84 70 39 6 32 224 172 53 5 69 85 143 217 25 128 23 218 116 8 187 35 94 33 89 102 86 22 130 37 57 59 65 109 117 192 202 142 31 177 183 124 131 104 79 210 149 211 250 214 155 114 235 10 145 161 174 92 232 36 137 47 28 63 24 50 242 60 151 40 220 14 72 225 81 80 147 91 38 87 237 203 241 170 115 185 27 88 249 138 71 194 222 44 164 148 233 166 231 67 226 83 135 42 180 1 208 58 190 181 175 96 77 45 146 186 49 201 7 196 113 97 234 221 118 229 136 125 160 66 238 15 168 90 29 110 107 121 244 68 189 159 215
146 45 71 112 107 116 100 47 126 177 91 24 74 69 207 139 117 82 97 224 159 86 239 94 41 72 44 27 79 141 246 169 37 64 219 84 89 228 140 43 40 192 182 185 218 17 51 12 49 249 56 204 149 131 96 147 83 87 58 232 85 32 165 176 104 26 244 197 157 67 172 231 135 201 153 20 220 237 202 124 166 118 221 34 55 54 108 127 184 65 121 247 200 129 76 248 173 99 105 186 187 241 4 38 214 93 119 25 103 174 225 211 101 46 217 193 230 238 208 18 111 152 128 10 102 233 68 143 81 145 77 14 234 161 170 9 240 110 168 73 154 189 158 88 138 39 125 137 19 63 188 133 144 53 31 194 209 167 66 95 163 33 155 62 1 150 29 57 106 227 148 242 196 75 80 199 30 7 134 180 216 205 90 15 120 114 92 183 42 61 162 59 210 213 23 132 98 13 6 70 245 190 8 60 2 113 223 243 11 171 160 136 48 175 52 236 22 5 122 3 212 164 195 35 151 130 198 215 226 142 229 36 222 235 115 179 206 191 203 50 250 16 178 123 181 109 28 156 21 78
173 109 185 37 20 149 50 174 99 150 209 17 230 233 19 113 231 30 240 67 119 138 91 79 13 112 204 28 135 71 54 62 89 172 77 122 180 94 141 159 90 155 160 213 132 161 171 170 1 96 179 6 130 72 212 221 116 5 58 203 10 115 47 194 219 139 4 93 200 68 134 199 57 202 56 198 169 12 111 16 181 104 36 40 246 44 154 218 85 205 248 34 250 64 193 63 186 87 164 196 195 229 31 175 24 182 118 223 188 148 238 178 52 215 76 210 192 153 49 234 217 74 249 146 228 129 9 244 86 8 117 208 61 51 95 26 187 11 168 21 2 101 42 97 191 22 201 158 190 55 84 207 83 43 211 105 25 216 98 114 151 184 108 237 106 167 235 32 157 152 33 82 92 243 220 48 125 80 81 177 128 145 15 69 242 60 226 59 232 183 225 88 38 41 189 144 133 156 236 73 65 120 162 176 3 100 147 7 53 46 197 137 127 166 27 45 245 70 241 78 247 35 121 107 142 227 224 18 66 165 102 123 126 131 23 14 110 136 103 140 222 214 143 239 206 39 124 163 29 75
58 109 197 56 177 141 164 236 224 245 81 26 228 209 153 196 19 151 163 55 41 171 158 85 168 210 99 131 111 101 100 187 202 162 46 112 213 225 22 13 243 134 155 244 229 69 63 21 174 121 148 160 247 75 216 73 222 179 246 66 96 147 78 11 221 97 104 208 123 205 231 79 154 135 15 182 219 145 6 8 226 156 84 71 142 193 129 204 127 117 12 89 103 36 43 242 165 102 175 107 18 27 128 133 172 70 132 48 250 178 35 239 53 34 180 105 32 80 5 30 188 203 87 146 52 211 206 61 29 50 230 40 108 118 33 249 144 122 186 176 74 126 185 220 92 152 167 49 20 161 60 94 106 39 47 170 194 191 137 195 201 72 184 25 143 38 223 114 240 119 212 150 215 9 16 98 14 124 232 54 28 23 166 17 10 190 173 183 67 234 157 120 24 130 199 248 169 198 82 3 139 65 113 77 95 115 140 93 125 235 149 62 200 181 214 90 192 237 238 233 64 45 227 2 138 218 86 110 44 83 42 51 1 59 116 241 57 159 68 207 136 4 7 91 217 37 31 189 88 76
47 149 217 29 111 144 154 248 245 40 5 68 204 206 137 129 125 219 213 19 32 130 114 105 72 207 83 57 3 216 74 119 39 247 188 193 132 8 196 183 131 249 202 81 52 28 127 142 195 182 147 93 113 18 45 91 102 221 31 223 112 152 6 167 95 55 71 124 120 179 134 84 229 27 12 41 243 33 58 212 205 161 224 186 194 176 67 237 133 233 153 36 87 42 201 59 240 198 110 108 203 173 227 49 50 138 146 7 38 228 2 77 164 65 56 75 69 85 60 140 106 1 16 155 136 244 99 100 34 156 98 37 234 128 89 117 4 96 170 73 104 15 189 185 80 11 181 220 171 150 109 35 79 222 61 148 143 239 22 141 14 24 238 175 197 10 159 199 235 23 101 232 92 107 246 214 241 9 115 190 178 135 210 236 163 157 78 139 151 20 225 226 44 158 46 90 26 209 160 145 200 13 97 208 30 121 122 48 64 17 70 54 51 116 191 53 82 180 94 177 66 126 162 62 88 25 242 165 63 230 103 250 118 218 192 123 169 184 174 172 231 187 166 215 86 76 168 43 21 211
173 201 199 155 110 127 231 133 18 27 85 14 115 51 70 223 216 80 72 244 90 23 10 194 152 124 206 108 170 95 71 17 198 83 25 240 151 77 78 200 100 2 190 29 211 153 89 40 88 5 149 227 154 175 91 176 225 135 178 185 97 215 105 122 32 9 46 33 61 164 130 237 163 217 249 142 123 165 147 82 189 117 36 47 224 81 75 129 26 59 248 242 197 222 84 207 92 213 52 128 50 179 141 204 107 161 55 112 243 166 69 96 131 8 137 157 28 60 103 205 1 191 186 31 150 169 93 34 162 45 138 160 15 171 24 245 79 76 114 180 228 58 99 139 48 246 221 144 188 125 143 41 67 239 39 119 177 13 234 203 113 229 140 172 65 156 53 21 11 37 49 241 116 94 66 19 57 238 214 192 230 30 43 235 102 35 118 4 219 73 6 209 193 247 218 132 64 134 56 109 210 183 86 196 136 181 87 168 195 54 42 148 167 44 208 104 145 20 7 236 250 12 63 101 3 202 182 226 174 121 126 120 111 98 38 212 62 106 184 159 68 146 187 232 22 233 16 74 158 220
144 114 61 37 200 244 227 133 134 170 90 194 109 49 30 5 138 35 18 162 222 19 71 66 12 249 84 237 126 221 127 97 190 80 106 14 230 113 226 31 242 131 51 246 32 160 107 96 150 248 8 211 64 184 43 103 22 145 110 139 146 94 155 219 217 240 48 62 98 220 216 41 180 123 16 2 117 250 165 55 147 27 213 39 203 36 93 135 234 218 182 125 177 140 108 9 50 6 73 142 59 209 224 205 198 151 118 136 206 21 100 188 60 119 52 75 173 45 130 176 245 47 210 79 185 171 247 111 232 86 243 20 24 235 181 46 183 223 128 195 77 168 204 42 11 236 122 17 129 208 28 225 228 10 215 191 7 101 58 23 192 112 26 40 89 158 169 38 163 154 69 15 83 74 44 4 33 189 121 238 202 56 175 233 156 148 99 116 143 95 57 193 34 207 67 201 187 68 229 166 179 115 76 164 186 87 29 120 3 91 81 54 153 241 132 161 92 82 212 78 231 105 149 152 174 159 239 102 178 13 172 141 65 199 167 137 88 214 53 72 124 63 196 85 1 104 197 157 70 25
168 95 222 139 107 142 110 24 176 213 225 19 93 22 147 218 120 206 130 29 190 61 172 88 42 164 57 25 6 111 167 219 48 211 160 233 80 117 27 135 5 127 133 47 123 247 16 236 179 113 177 119 108 185 59 243 116 195 131 85 157 240 140 138 49 10 208 97 186 34 54 194 215 18 92 17 137 31 52 134 158 20 209 91 1 37 36 245 98 100 102 152 69 4 171 136 199 242 40 228 154 165 238 96 187 227 86 68 13 125 101 246 235 163 229 109 217 161 181 114 63 11 99 76 46 105 55 106 84 249 129 83 169 15 28 155 23 21 210 145 44 216 60 39 43 162 188 189 250 35 141 81 144 56 143 67 112 64 12 82 94 65 198 146 78 51 231 244 70 30 178 8 205 156 182 248 118 223 128 166 79 196 71 193 90 170 53 237 62 89 204 72 192 153 38 75 212 200 2 201 175 224 32 239 214 115 197 221 148 50 7 173 132 207 232 149 73 103 150 33 26 202 58 174 3 226 183 14 234 203 122 87 184 121 104 126 77 230 74 241 180 66 220 45 151 9 124 41 191 159
190 4 44 162 85 207 216 212 122 235 14 142 41 149 182 219 136 29 89 211 188 234 243 39 95 73 109 111 103 124 174 237 86 38 51 83 114 186 8 195 45 168 56 165 239 11 132 20 59 93 75 49 94 52 198 19 64 202 121 201 169 66 113 236 204 110 99 18 177 1 133 97 105 120 27 68 115 153 12 65 192 40 167 76 37 130 118 119 161 217 140 33 232 145 164 242 28 135 36 227 147 129 57 233 24 154 139 131 180 185 166 226 178 104 134 125 116 47 78 23 128 92 50 10 205 143 88 6 58 80 123 108 228 17 222 179 214 170 15 213 2 32 221 152 87 55 69 7 197 96 196 16 127 72 3 42 187 184 79 199 146 117 248 67 13 159 218 223 244 209 100 225 71 74 77 106 203 31 90 160 249 54 194 157 26 193 61 34 200 82 156 5 60 43 206 189 107 171 250 25 62 224 70 241 151 183 81 84 175 22 240 35 176 191 220 231 48 148 137 181 208 210 173 158 141 112 144 230 155 21 172 102 247 150 9 163 245 101 238 126 63 46 91 229 30 138 53 215 98 246
106 78 124 126 103 55 157 58 218 90 196 59 137 182 192 127 163 205 178 136 208 188 191 229 149 14 177 240 133 155 99 245 159 24 200 128 102 85 184 246 114 201 195 46 198 217 235 250 129 6 47 4 45 210 35 214 57 220 154 224 81 233 199 30 89 164 145 142 67 179 167 112 39 242 170 33 75 147 212 213 62 77 51 66 156 189 1 108 10 61 43 5 132 144 48 49 172 232 175 87 25 131 9 239 122 162 248 65 13 158 209 202 176 63 7 15 92 52 83 236 29 183 34 80 74 148 36 173 215 40 150 98 227 19 76 139 151 244 152 247 234 221 193 186 105 20 32 219 249 56 190 110 165 109 73 37 82 64 11 68 26 153 204 222 117 95 243 119 203 93 50 3 130 12 134 166 146 88 174 169 27 86 168 121 138 231 22 69 228 141 160 143 28 53 120 41 71 79 16 44 18 237 116 23 125 96 225 31 171 54 216 107 230 42 115 187 226 72 97 111 104 211 238 180 17 207 140 70 60 2 91 21 38 206 197 123 101 161 185 223 241 84 181 100 194 113 118 94 8 135
111 26 146 164 148 105 157 182 226 167 52 59 149 222 89 181 156 248 40 15 14 21 56 3 114 130 99 176 172 194 76 80 140 58 87 143 67 64 219 25 184 136 19 211 238 246 53 223 17 188 240 197 207 243 185 218 96 213 147 33 202 108 128 104 134 233 79 228 216 195 34 23 220 141 110 73 135 70 131 71 217 199 24 127 84 51 237 68 6 231 171 125 210 132 120 144 29 163 31 153 203 44 192 46 10 27 42 2 174 28 86 54 12 244 124 168 161 39 165 236 177 225 22 20 239 92 151 175 221 45 204 249 57 209 41 189 169 126 36 106 227 98 74 205 35 102 66 242 190 81 234 187 201 100 245 49 113 160 215 247 91 112 137 107 224 48 152 178 82 206 183 154 170 101 93 5 229 103 75 119 63 230 118 55 47 115 60 166 180 122 173 159 38 85 83 235 250 179 212 7 72 158 9 78 133 88 186 123 232 198 8 11 94 77 142 16 208 214 138 4 109 30 1 200 50 191 90 65 241 97 129 116 193 32 162 139 196 150 13 117 145 61 155 69 43 95 121 62 37 18
111 131 63 103 86 77 247 211 30 73 34 44 238 51 206 94 112 82 245 39 143 228 223 41 27 225 221 249 116 166 5 15 124 168 209 70 242 107 45 3 38 64 160 239 159 115 42 35 149 20 196 141 18 210 205 236 14 172 92 78 37 75 79 106 188 129 84 135 174 90 23 88 199 81 43 187 147 128 244 195 95 177 150 180 164 123 12 193 80 104 56 170 71 229 190 185 191 4 207 122 67 222 60 65 181 139 220 10 227 76 7 24 219 192 21 55 85 49 119 126 17 16 243 204 250 8 176 9 22 108 72 13 197 200 50 2 183 134 162 156 184 28 137 118 98 101 19 161 52 179 158 246 113 214 232 59 171 175 127 109 26 165 213 102 217 231 31 53 203 97 25 248 167 99 138 136 89 146 57 182 132 66 114 201 224 226 189 100 233 130 62 154 48 54 202 69 208 105 96 152 153 93 241 110 83 151 74 133 47 218 121 36 87 237 46 144 33 32 178 125 145 212 240 155 157 140 6 61 173 186 29 235 234 163 230 1 120 148 58 198 40 215 68 117 169 216 142 91 194 11
191 39 238 54 101 153 157 47 105 174 20 182 113 40 23 239 45 60 11 168 44 106 221 87 33 82 203 193 27 250 31 55 42 178 200 192 104 122 18 247 186 98 188 216 94 162 30 164 107 3 194 151 210 29 217 156 133 61 184 125 172 51 121 169 37 35 147 93 36 72 117 123 16 76 198 46 140 137 173 88 189 81 226 119 24 32 96 245 86 17 129 231 116 166 7 163 161 64 28 149 58 219 78 232 246 179 158 205 38 185 236 175 85 202 5 6 218 131 49 56 196 190 73 142 12 213 146 75 19 127 89 128 234 59 130 22 177 150 110 8 48 63 103 197 80 118 143 159 34 77 1 141 241 112 204 227 4 224 249 53 26 180 52 229 207 135 206 212 90 237 79 160 214 187 126 228 15 225 115 65 155 208 244 124 211 120 139 134 111 242 230 74 84 69 62 95 152 145 167 170 83 10 25 223 235 2 222 138 165 43 99 154 233 171 195 108 215 136 240 71 199 21 132 248 109 92 57 181 66 209 176 183 102 220 97 114 67 100 14 41 68 70 50 91 243 9 201 13 148 144
18 127 86 19 68 93 12 184 131 97 154 114 189 208 137 209 25 193 144 239 5 133 199 190 142 61 219 183 196 181 108 238 56 211 123 60 95 170 185 165 113 160 101 173 15 198 82 70 168 52 145 201 225 134 51 147 62 40 231 223 64 58 197 228 125 39 152 242 191 218 235 202 17 172 57 88 107 53 241 76 126 136 121 236 138 50 100 83 31 130 206 36 122 117 37 8 155 3 151 102 249 119 27 34 98 158 187 195 6 244 207 120 166 10 49 140 81 63 171 248 104 89 159 4 204 132 141 42 45 200 9 84 192 179 163 99 112 28 66 72 85 188 149 153 14 210 29 94 105 157 48 250 232 44 35 217 2 139 54 79 21 59 77 146 78 186 91 129 24 177 30 87 143 212 247 11 135 47 162 194 23 115 71 178 237 167 38 164 13 240 75 205 220 233 7 128 222 67 90 229 46 216 234 26 92 243 32 74 150 80 1 73 41 246 103 214 226 180 176 203 161 124 116 43 169 65 215 69 245 213 182 55 33 20 224 109 175 221 106 156 227 148 118 230 110 111 22 174 16 96
151 55 159 133 1 148 212 250 194 32 154 26 136 120 108 114 153 139 137 56 34 213 105 204 241 38 209 216 242 61 100 47 198 83 96 129 78 174 168 16 28 228 187 138 149 97 167 91 88 130 112 81 106 224 25 193 227 146 169 103 72 11 155 197 113 63 230 121 145 223 161 35 127 82 166 94 54 233 196 109 190 92 238 48 221 110 207 66 62 158 222 220 150 191 53 183 180 211 101 75 203 245 162 123 141 85 42 52 5 104 249 12 206 122 147 200 163 231 58 175 235 93 57 172 202 181 171 144 170 111 201 73 156 77 51 219 31 99 225 95 210 79 8 140 178 214 40 195 179 80 157 50 132 44 236 2 30 24 126 131 64 247 186 134 124 29 152 164 89 14 6 9 102 244 39 46 188 17 33 189 128 41 177 59 98 86 15 7 218 116 45 76 143 176 160 205 90 117 65 185 239 182 37 70 217 107 84 60 173 67 68 232 36 135 118 22 13 229 234 21 69 49 87 226 208 18 4 27 23 125 71 20 43 142 215 199 74 19 243 184 192 246 115 3 240 237 10 248 119 165
91 217 195 43 167 158 151 84 229 123 230 56 113 169 138 95 20 146 181 244 7 189 205 22 156 193 9 77 231 54 142 201 211 177 202 237 236 183 119 186 243 17 27 168 188 173 110 65 87 154 224 203 145 137 18 216 197 75 204 131 23 106 163 83 208 212 199 94 174 234 8 57 40 46 226 184 31 187 39 53 218 4 112 179 45 96 32 97 19 228 249 102 235 125 70 153 74 232 144 157 71 52 133 149 239 198 250 107 225 89 223 139 50 180 55 103 25 111 28 73 215 245 3 122 78 240 10 175 150 164 104 29 59 66 98 1 15 72 141 34 38 61 5 148 155 92 16 109 196 209 68 136 88 48 100 30 126 117 124 60 80 166 105 176 64 238 24 11 128 114 219 220 171 116 152 26 58 207 143 182 6 213 35 12 21 159 108 44 194 160 33 85 13 191 147 99 246 206 200 115 248 81 41 134 190 222 227 130 86 132 90 241 49 63 165 221 37 178 192 42 170 118 140 14 62 161 162 76 120 233 247 121 67 47 129 2 242 36 101 69 51 135 127 93 210 214 79 185 82 172
218 157 122 76 243 156 20 201 216 96 127 189 229 239 110 95 175 82 21 202 200 233 17 63 240 4 31 192 146 55 232 142 220 114 32 187 18 223 7 33 234 140 186 204 135 123 68 19 77 81 72 172 69 185 219 159 6 97 191 241 121 129 231 155 180 212 160 171 162 215 85 236 224 207 246 2 182 70 22 176 198 112 247 46 183 52 208 90 36 148 50 174 45 249 98 165 111 53 144 1 139 74 214 211 178 125 163 237 93 225 132 206 230 193 51 15 71 106 137 131 150 40 238 38 242 210 23 49 190 149 101 3 136 30 138 124 48 169 73 105 92 108 56 29 28 118 42 120 199 99 65 194 61 67 9 24 79 226 11 66 57 235 213 179 227 13 47 154 83 100 177 5 109 43 167 94 60 80 102 78 222 12 184 161 151 86 87 113 104 203 145 188 143 166 103 158 228 26 196 197 54 58 250 170 209 134 27 141 119 62 164 8 14 217 34 205 64 91 88 152 75 37 248 244 59 126 245 10 107 117 128 44 195 25 181 168 221 39 16 84 116 89 133 173 41 153 115 35 147 130
174 42 135 173 150 208 39 196 10 69 236 219 148 3 189 214 244 116 149 130 104 101 243 152 164 102 92 147 160 145 99 27 6 163 180 129 122 146 200 73 192 54 40 212 61 33 191 16 225 60 204 217 107 82 93 71 1 24 198 18 138 118 57 25 183 241 89 112 26 201 213 142 215 85 36 8 84 96 153 68 43 247 37 124 108 34 143 232 144 187 47 63 62 125 123 228 132 19 95 109 28 185 22 249 209 165 141 13 166 83 49 169 86 170 5 136 226 32 103 238 246 193 207 14 235 9 140 31 172 155 67 237 211 171 178 58 231 242 17 121 119 224 199 184 210 106 221 15 216 90 188 156 186 240 203 52 78 66 190 181 98 177 53 134 59 12 77 2 4 167 88 111 205 117 133 139 105 161 154 41 114 76 168 223 202 159 248 74 230 23 194 162 179 29 234 51 56 245 182 206 72 127 176 94 151 120 158 64 48 35 218 100 80 227 11 45 46 75 87 233 70 239 65 44 115 175 157 91 81 137 20 55 30 229 38 220 131 50 110 126 113 250 197 97 21 7 128 222 79 195
64 108 98 127 227 48 86 50 162 16 176 190 17 95 78 21 171 47 221 237 44 72 87 168 144 184 9 45 37 167 80 157 244 139 180 121 205 238 150 10 236 103 7 56 13 40 66 61 208 118 125 202 203 22 226 42 137 216 51 177 88 220 169 20 198 212 215 241 218 245 119 161 96 115 32 152 194 24 6 160 250 142 213 129 211 200 27 3 106 146 91 143 35 26 153 92 179 93 28 65 209 74 148 60 165 19 36 81 154 159 68 82 233 185 52 131 14 43 1 145 5 79 31 117 249 70 172 112 191 181 204 62 173 232 29 223 101 84 135 151 33 214 90 38 201 58 107 163 130 77 122 248 186 132 105 197 147 120 207 123 234 113 97 49 243 67 109 136 71 2 210 196 242 110 247 141 124 231 18 195 85 155 76 53 222 4 11 229 199 140 224 30 187 100 182 164 133 8 206 156 69 57 46 174 63 149 59 99 25 23 235 230 54 192 138 75 39 94 225 158 228 170 219 114 175 188 102 178 166 12 116 104 34 239 240 83 128 111 55 246 73 183 15 189 193 217 126 89 134 41
245 250 102 77 99 83 233 20 158 161 90 64 185 68 145 247 131 62 10 87 72 124 69 136 71 205 95 42 116 24 187 73 19 213 137 163 40 154 199 109 242 149 232 75 156 189 204 234 150 179 218 54 82 162 215 98 96 127 4 197 37 61 5 164 173 104 166 129 70 79 201 43 174 7 80 38 249 74 55 159 227 180 216 117 225 48 25 177 94 231 91 230 209 168 193 212 85 28 171 157 6 160 188 219 229 130 153 244 223 46 39 140 103 66 146 243 221 2 134 93 123 125 34 165 142 101 114 192 56 84 139 207 190 45 222 175 67 50 240 144 155 21 133 16 211 237 224 151 76 105 119 184 88 100 60 143 176 126 118 198 53 115 217 194 147 241 23 195 81 63 15 8 210 122 148 52 239 226 59 35 33 203 1 78 47 178 12 214 51 49 238 141 228 182 57 22 14 30 9 135 27 29 110 18 36 120 107 138 167 113 170 152 97 202 181 65 31 186 106 89 236 246 200 86 191 32 44 58 111 132 41 3 206 92 169 13 17 220 172 26 208 112 183 128 196 248 235 121 108 11
60 171 200 87 22 15 245 204 25 155 118 134 160 221 216 57 68 186 23 159 129 91 104 45 76 6 210 4 70 207 157 31 123 40 117 13 236 166 145 32 205 130 17 226 35 147 62 133 19 108 55 140 41 224 74 168 21 122 8 202 163 48 152 101 215 100 136 44 79 82 33 231 220 248 54 20 72 2 141 240 176 153 109 28 56 219 175 89 26 177 58 116 170 235 223 99 126 227 217 37 144 94 137 5 84 250 189 113 61 148 115 243 3 230 172 229 212 131 180 191 12 183 98 50 232 234 222 192 124 86 125 165 43 38 63 36 103 1 233 179 143 120 42 71 228 203 135 47 193 156 249 46 9 83 107 214 106 27 93 11 77 7 92 67 242 65 16 97 127 208 69 241 225 85 201 158 114 247 73 182 174 198 199 197 150 105 111 196 30 195 81 102 59 90 52 34 39 24 95 194 128 80 14 218 112 167 238 173 154 239 169 213 211 18 146 51 206 188 66 110 78 142 64 139 190 132 237 178 209 164 161 184 119 185 53 246 75 151 10 181 187 162 88 121 29 138 96 244 49 149
195 145 244 151 146 4 85 50 40 55 243 162 206 123 80 184 213 205 222 47 27 21 201 114 225 94 163 73 160 219 33 230 117 226 171 30 45 59 156 52 98 121 183 54 204 190 86 238 67 176 232 61 91 92 83 202 44 189 161 109 68 211 212 20 227 237 102 39 6 132 210 116 159 128 250 187 57 196 8 221 81 96 166 75 46 130 18 10 249 217 241 84 5 139 62 53 208 71 93 14 154 242 169 192 134 31 118 103 74 247 100 143 108 142 246 178 133 158 101 197 216 193 38 17 153 42 149 36 87 136 172 198 228 174 32 105 157 90 26 64 11 107 240 97 29 22 186 179 147 13 235 113 2 70 89 111 58 191 88 43 7 245 180 138 150 60 200 19 144 1 181 9 127 15 170 3 41 99 173 141 140 131 209 112 231 95 239 129 120 218 175 49 24 16 35 119 177 51 168 194 135 188 164 106 77 76 224 65 215 207 78 126 110 220 229 28 122 56 182 82 236 155 63 165 234 115 214 125 124 34 185 72 199 104 37 248 12 23 69 152 223 79 203 167 137 148 48 233 25 66
145 127 247 21 117 91 128 81 115 59 209 119 86 80 46 202 75 231 187 49 51 133 200 7 173 242 234 174 64 210 211 134 149 111 225 89 185 42 114 164 99 154 132 222 141 139 148 216 178 28 223 140 250 106 103 15 23 33 100 213 125 102 183 198 26 175 58 87 215 193 245 5 27 65 6 228 205 184 32 3 57 73 60 8 41 34 88 179 19 203 82 116 189 1 20 112 85 206 152 52 157 229 37 169 227 126 155 25 192 241 153 204 40 168 104 109 137 146 35 124 176 158 61 201 110 66 36 162 218 197 221 107 180 167 212 79 194 147 159 122 78 77 54 92 29 232 76 219 18 101 74 214 118 22 165 13 120 2 53 207 14 220 244 84 105 224 31 98 113 142 55 95 230 4 97 70 45 177 170 24 131 190 199 12 129 130 240 181 68 96 38 156 150 236 239 143 71 83 243 44 136 151 10 69 94 226 172 163 39 50 9 108 188 121 238 217 208 248 90 237 196 16 67 249 235 17 186 166 123 56 233 43 47 191 48 30 246 182 135 93 63 72 11 195 144 62 171 161 160 138
107 111 96 178 155 194 74 242 174 176 128 126 236 130 246 195 123 78 149 204 88 114 76 70 35 59 247 60 207 53 31 1 186 203 244 90 93 13 40 198 67 87 45 147 110 239 72 81 180 150 127 73 101 3 27 92 23 24 134 211 97 50 25 106 216 2 102 189 36 116 145 224 249 61 42 235 94 218 136 98 55 56 162 227 131 163 167 151 17 220 54 183 135 10 28 119 117 190 152 38 64 12 185 161 33 225 200 86 84 120 26 229 140 157 232 206 85 44 100 113 75 209 29 46 129 109 57 187 153 160 158 215 79 219 170 121 139 80 138 238 20 99 115 16 9 182 51 243 188 41 5 146 7 132 19 226 168 137 15 108 212 197 191 231 148 32 165 177 49 210 142 193 112 34 65 230 202 105 104 77 71 89 223 240 156 181 221 125 159 141 169 154 184 11 103 124 237 8 166 199 196 175 248 14 234 39 179 241 48 66 22 62 228 47 171 21 30 68 164 69 37 144 173 217 192 52 205 250 83 118 233 95 133 43 82 208 214 172 201 63 143 58 91 213 6 122 222 4 18 245
205 98 197 4 21 157 155 187 211 17 203 242 48 142 97 118 95 55 28 18 135 200 121 173 15 59 248 208 132 238 47 114 22 93 192 204 229 61 116 37 181 119 91 40 8 153 128 146 6 7 9 100 241 70 177 172 221 115 230 196 101 165 44 168 81 158 42 232 143 131 163 84 233 202 13 151 34 72 219 206 178 218 235 3 111 149 249 222 213 159 194 193 161 176 220 23 31 96 136 244 10 89 57 162 129 76 2 66 65 215 122 186 144 243 179 64 88 138 201 14 46 45 94 156 24 240 75 227 207 170 185 247 209 104 239 110 160 125 53 130 73 224 124 26 87 85 174 50 35 78 183 166 236 67 58 36 127 80 216 147 20 231 108 188 90 51 237 134 225 12 217 86 126 25 133 71 191 102 214 120 117 123 27 30 106 190 16 41 223 69 154 148 39 92 139 140 198 1 245 212 107 246 32 54 77 195 63 152 113 184 109 83 68 11 164 99 234 19 112 175 250 74 62 137 60 43 171 228 52 29 5 105 169 226 145 141 210 189 49 182 33 103 180 167 82 38 199 56 79 150
25 171 115 113 30 243 225 170 31 185 46 204 200 158 13 144 76 58 32 104 55 34 106 160 250 153 49 48 52 120 235 22 130 156 150 215 155 20 192 163 134 157 79 19 112 110 248 14 166 190 87 114 39 12 103 242 64 237 91 29 62 6 7 23 78 228 72 149 224 124 186 89 209 214 234 43 193 50 97 3 123 189 125 141 201 212 231 208 173 197 111 180 98 84 217 24 42 244 28 199 187 60 229 194 99 131 210 219 66 5 127 232 70 90 59 178 95 108 17 211 81 86 69 133 151 77 8 136 146 15 218 147 33 152 4 167 226 241 198 63 227 40 128 206 83 116 57 143 38 221 85 196 135 174 145 37 222 65 172 88 239 129 162 142 195 191 207 159 179 238 96 184 230 245 73 44 71 182 107 220 223 75 181 154 67 213 41 177 122 68 165 56 216 102 246 240 137 236 203 175 205 247 118 16 139 183 27 36 109 121 202 233 119 80 51 26 18 10 164 100 9 176 74 53 1 188 140 54 138 21 82 117 94 47 93 35 132 92 105 61 161 45 101 148 11 126 169 168 249 2
60 154 223 107 186 61 176 16 200 13 75 201 147 57 114 155 185 231 73 67 134 230 233 1 68 249 14 27 218 48 36 119 184 11 182 89 191 25 209 198 139 40 39 20 123 216 151 234 47 113 136 148 30 91 246 197 44 224 177 179 31 92 72 2 35 41 65 34 188 69 229 28 210 203 85 248 160 109 110 166 50 169 116 171 219 152 221 175 54 126 173 190 29 5 32 111 146 58 142 241 79 100 161 102 129 163 125 170 82 238 9 217 140 247 43 105 8 101 42 74 86 165 12 133 18 213 87 71 77 212 96 128 215 222 178 112 7 4 242 115 80 21 193 19 167 94 207 51 204 243 49 235 120 98 214 156 124 153 17 59 97 149 104 62 55 245 99 150 118 141 159 33 81 84 226 64 157 76 180 130 106 26 240 208 196 103 90 195 63 78 239 172 45 232 138 24 93 225 137 127 53 205 6 88 181 22 38 236 121 144 56 70 108 206 199 66 220 10 122 162 202 46 83 168 3 52 158 174 244 37 211 15 132 189 192 23 95 164 237 145 183 117 131 227 194 187 143 135 228 250
80 205 147 10 58 226 229 109 158 78 12 128 3 206 228 246 142 215 11 224 124 85 1 148 30 179 168 59 115 52 185 38 175 133 97 153 60 234 167 154 101 84 219 247 222 16 121 83 99 145 150 70 180 202 209 156 13 208 91 86 37 55 9 7 98 25 182 241 165 118 216 157 108 126 149 111 113 203 95 57 18 245 195 144 141 20 207 107 225 76 96 72 127 230 232 176 21 103 75 218 112 36 65 89 164 116 8 82 155 23 200 181 131 35 40 220 15 132 212 5 73 193 235 69 94 244 130 102 62 46 28 50 66 250 227 217 122 22 120 196 223 249 24 54 106 173 194 45 139 171 63 199 31 151 159 32 240 90 188 39 61 41 201 134 64 135 192 191 117 27 77 190 233 210 49 2 138 163 143 183 161 197 17 56 14 53 34 177 198 170 231 214 119 71 88 184 29 48 204 211 105 79 152 140 166 100 162 174 243 213 129 42 87 136 178 239 160 248 93 187 146 6 110 67 92 186 43 125 189 74 123 238 47 68 137 26 4 242 236 104 114 169 221 44 237 33 51 172 19 81
193 30 187 230 117 100 179 211 4 60 189 173 225 113 151 168 190 132 108 82 109 7 244 77 137 56 62 14 58 9 3 41 249 195 92 39 55 232 247 11 36 246 13 148 33 185 130 70 166 24 146 174 126 227 51 112 63 175 204 64 241 52 76 217 131 20 164 224 156 50 26 79 5 206 199 124 116 93 53 158 90 197 35 233 57 94 2 162 186 226 59 8 147 214 145 133 139 119 229 12 72 47 136 61 85 172 106 144 169 238 177 160 248 208 237 27 154 153 176 45 102 181 150 25 67 111 97 86 110 54 242 235 80 21 103 101 205 184 123 240 165 250 69 183 152 171 138 95 207 19 182 239 66 149 120 200 96 121 216 78 196 23 127 22 198 49 210 17 220 129 104 122 34 81 88 107 68 223 75 37 31 157 188 159 161 99 29 48 28 87 163 201 84 118 65 18 194 191 46 219 125 105 44 140 180 128 234 178 10 170 167 32 142 74 16 141 115 38 1 114 209 143 228 42 192 218 89 134 73 202 245 15 155 135 215 221 98 83 231 203 212 243 40 213 236 91 222 6 43 71
242 122 100 2 230 215 10 144 36 112 187 132 222 250 174 159 243 23 45 96 103 67 107 58 68 172 106 170 86 163 135 223 139 241 51 236 153 117 114 162 124 14 177 99 9 6 202 180 29 190 209 204 152 81 25 207 217 150 74 57 197 38 121 17 95 84 192 201 104 72 105 203 79 186 131 88 71 235 40 97 200 19 91 228 206 113 27 125 21 12 98 108 47 15 247 82 28 116 44 93 80 239 183 69 92 22 148 219 143 129 234 128 102 191 238 115 168 30 188 35 41 32 245 212 137 33 229 178 37 8 213 167 156 142 85 16 165 249 111 90 130 75 199 56 18 50 237 160 158 53 13 123 195 147 224 227 136 31 110 141 83 39 185 155 43 193 119 157 1 221 173 77 78 61 20 211 189 154 244 208 198 232 3 55 54 24 76 226 127 220 7 149 164 48 145 218 109 171 133 175 5 87 120 166 184 4 231 73 225 138 64 11 205 70 214 210 94 42 151 34 134 182 179 181 26 101 126 62 65 60 66 196 169 246 49 59 46 89 240 140 233 63 161 176 118 194 52 146 248 216
194 6 60 186 105 36 128 94 99 93 22 43 40 10 63 86 126 141 56 130 131 216 88 235 201 30 145 234 33 244 55 8 195 183 108 208 152 23 229 115 71 226 236 125 135 239 190 41 178 134 191 209 196 26 2 228 57 185 124 110 211 165 16 58 32 222 79 159 179 127 132 98 102 155 139 52 82 89 198 164 193 64 104 17 230 21 218 25 20 237 200 249 53 163 13 161 46 162 176 143 217 7 169 149 38 11 31 147 85 172 84 119 122 44 133 96 83 227 210 220 240 189 81 112 39 73 153 175 215 243 129 170 59 91 221 18 50 181 137 177 154 107 140 68 113 184 120 62 205 247 77 148 76 151 27 144 171 206 160 219 233 67 4 156 45 37 75 241 246 90 92 3 207 69 14 61 242 5 142 214 72 49 225 106 54 202 117 35 136 203 158 213 166 199 146 97 180 114 65 182 123 167 111 248 47 15 48 187 19 28 157 150 34 109 232 29 66 250 204 212 78 138 118 223 245 192 70 224 116 174 188 100 51 95 80 173 101 12 197 9 24 74 168 231 1 121 103 87 238 42
69 2 210 224 4 237 229 111 60 185 232 234 176 97 213 36 82 98 168 93 148 94 208 37 131 30 23 184 77 248 247 124 236 157 146 85 108 136 160 119 117 113 31 89 80 138 150 219 235 70 66 55 57 217 45 193 87 239 86 222 132 182 135 158 6 227 42 116 123 189 67 104 49 205 144 118 74 139 44 11 96 63 15 7 246 174 102 154 91 52 245 215 206 29 3 84 100 5 191 128 103 244 109 79 112 75 56 68 19 34 140 90 127 14 51 99 62 180 216 178 134 195 243 198 183 181 101 43 209 107 187 177 95 71 159 197 121 214 211 249 161 38 204 17 27 24 192 64 114 32 35 115 226 212 220 231 167 25 48 218 76 18 240 164 33 13 72 207 122 88 22 83 9 16 110 155 228 126 129 105 200 233 238 201 153 230 175 142 172 190 47 169 58 1 151 40 137 39 21 170 188 78 147 145 133 120 26 8 241 194 65 156 125 165 53 202 28 223 166 162 92 171 199 149 41 130 173 196 12 221 106 54 163 186 81 152 225 73 46 203 61 59 20 242 141 10 50 143 179 250
72 186 59 145 154 30 35 105 43 49 228 197 42 22 24 11 230 27 159 151 126 15 112 171 209 79 64 152 36 116 53 226 74 206 98 170 129 247 132 250 96 26 146 217 13 86 34 139 68 203 87 211 157 241 109 88 123 134 172 44 192 216 239 198 175 183 233 41 191 142 125 147 58 54 155 38 244 95 113 3 143 210 115 200 29 78 165 7 235 93 195 5 111 196 167 69 249 51 6 121 90 50 120 163 218 128 182 149 67 46 164 178 106 135 213 61 199 103 107 168 92 48 248 12 237 153 240 66 52 169 221 101 81 207 21 214 56 124 104 14 202 222 130 156 162 204 20 4 8 80 179 97 108 9 138 75 63 76 234 91 242 82 110 17 89 219 236 33 118 1 194 2 176 174 227 60 180 225 150 65 185 18 133 208 190 23 160 212 215 45 220 140 177 32 148 119 127 181 158 122 39 141 10 144 100 77 189 99 84 102 201 37 188 224 31 94 187 166 161 19 229 246 25 243 193 71 184 232 117 85 136 47 16 40 231 55 114 137 205 131 73 83 223 173 70 238 62 245 28 57
69 64 107 212 247 32 191 184 95 24 63 81 3 53 218 8 109 143 33 119 72 209 13 85 139 106 91 71 232 11 157 12 114 175 112 73 182 229 92 235 243 93 245 198 203 89 104 86 244 132 122 140 207 45 233 134 186 98 179 94 18 57 124 4 126 7 34 96 180 35 188 241 29 145 77 67 52 128 15 142 41 170 146 211 59 21 249 192 219 166 181 108 152 74 22 202 196 190 130 40 246 151 14 120 28 217 215 58 20 111 223 200 44 25 236 178 228 100 26 83 158 133 239 47 127 227 1 141 205 161 103 185 137 121 242 176 78 76 46 187 65 160 204 10 153 5 80 110 90 214 156 194 66 70 199 220 169 43 56 172 2 216 38 54 131 231 48 88 195 210 97 79 208 99 87 117 221 165 150 159 17 148 6 173 201 84 197 168 174 16 118 154 138 167 164 149 27 50 240 68 82 234 23 102 9 144 62 155 75 113 116 19 42 55 163 30 250 129 36 101 31 49 248 162 237 213 147 226 135 177 238 60 222 37 206 125 105 123 51 136 115 61 183 189 171 225 230 224 193 39
250 24 139 201 136 243 3 99 130 148 224 51 216 170 141 67 54 76 104 182 48 85 106 70 60 126 100 247 81 59 117 158 90 195 169 115 17 128 225 157 175 155 2 89 44 8 211 233 205 202 14 226 135 88 219 144 10 91 95 187 221 191 21 222 162 209 20 112 179 200 1 193 213 62 30 82 29 11 63 176 83 239 121 34 186 208 64 47 204 23 235 37 38 97 124 123 166 69 103 249 194 181 32 172 178 188 114 57 229 98 198 184 230 145 171 236 154 77 215 149 31 42 242 22 66 192 105 237 43 173 110 189 151 108 207 102 36 234 80 116 71 4 203 41 133 26 241 87 134 46 119 245 45 16 227 127 25 163 96 177 248 168 40 93 19 113 72 232 165 86 122 94 6 180 49 111 68 159 238 53 27 161 240 75 74 138 190 84 13 160 58 125 199 92 132 65 217 153 183 131 147 167 7 137 223 5 18 9 101 185 79 206 61 12 231 15 164 28 146 197 196 220 78 73 246 129 212 39 56 152 107 214 35 50 210 156 52 143 218 228 244 142 109 33 174 120 140 55 118 150
53 249 80 120 18 55 161 150 23 65 216 76 8 134 88 98 187 245 236 115 105 75 146 154 221 54 39 231 153 122 83 46 148 220 246 157 5 127 138 224 189 201 59 93 244 208 130 226 149 225 147 132 181 116 137 36 77 11 62 82 131 180 211 29 72 47 109 243 121 90 207 113 27 107 101 144 63 223 91 19 177 24 188 151 96 210 250 10 199 239 7 97 186 176 89 156 48 217 204 16 50 139 169 21 195 51 17 198 34 52 103 172 30 99 9 168 104 165 42 6 40 200 78 4 28 71 159 175 190 126 61 197 229 160 136 212 133 87 205 203 112 173 37 68 102 128 237 248 162 194 86 15 247 191 92 33 164 43 41 241 135 193 95 20 171 214 155 38 158 183 182 163 235 100 123 185 242 25 125 31 178 227 141 44 118 58 67 32 202 196 140 69 219 238 166 57 232 228 26 167 49 152 3 230 114 117 213 111 145 12 66 170 64 129 184 2 192 73 13 215 108 85 1 81 119 94 143 14 70 209 124 22 234 79 110 35 174 84 60 45 222 106 240 142 206 233 218 56 74 179
186 165 31 83 7 26 161 30 234 119 214 102 61 169 74 47 140 38 49 141 205 89 249 242 226 37 172 104 35 25 16 122 91 76 72 146 121 23 182 179 93 173 194 96 94 192 136 171 20 204 12 52 80 19 64 152 142 46 27 149 185 250 21 209 150 82 164 200 78 9 187 216 134 239 8 53 238 223 92 130 199 1 101 69 143 160 32 43 63 13 10 151 219 128 125 79 202 144 218 148 156 170 56 180 113 132 39 153 155 62 225 176 11 224 105 246 235 97 138 220 87 114 159 120 217 108 103 44 157 85 154 221 36 6 68 203 3 54 84 24 124 198 111 196 162 210 232 222 98 4 233 243 45 231 22 131 168 33 212 81 189 112 208 229 73 206 174 90 95 67 17 166 41 177 211 100 5 48 65 18 14 34 127 77 227 58 88 60 129 2 178 228 106 29 75 15 158 167 190 126 51 117 70 230 86 59 197 123 183 213 184 240 28 139 215 163 42 118 137 248 237 40 55 135 195 201 71 236 245 66 207 115 109 241 181 191 244 175 145 50 193 147 57 107 188 116 99 133 110 247
143 5 186 219 161 233 153 48 64 23 62 207 27 14 148 226 138 154 54 68 173 117 218 134 6 8 115 167 80 73 223 9 183 84 4 166 19 162 86 44 127 77 10 83 28 76 107 169 149 128 47 145 220 36 33 93 136 193 102 184 40 43 160 111 2 130 156 176 90 60 243 231 250 157 179 95 201 34 53 51 61 225 172 237 168 55 246 120 146 39 18 174 232 46 191 158 42 7 222 180 210 241 114 182 175 230 214 123 69 13 100 177 206 30 235 106 199 129 152 194 116 22 248 118 178 72 155 63 189 139 164 249 32 141 45 234 94 67 37 41 215 50 135 190 70 71 56 165 200 159 85 15 52 142 204 171 101 238 192 91 196 150 227 75 104 126 244 245 96 89 131 203 188 88 49 87 25 99 74 108 216 212 105 21 170 82 217 97 197 181 121 140 119 147 3 195 163 59 16 205 38 187 79 125 78 103 81 112 124 24 122 242 209 228 211 113 109 208 26 57 35 239 65 20 29 198 221 151 31 58 66 144 247 137 12 185 213 92 133 11 229 240 224 98 202 132 1 17 110 236
204 180 108 61 129 207 182 54 219 243 183 126 46 166 65 23 141 51 146 220 89 8 172 193 206 31 149 27 22 152 227 37 144 113 24 246 137 98 53 160 63 7 102 235 85 34 58 187 211 114 67 69 40 20 178 200 50 170 87 95 105 244 71 240 228 120 49 213 121 57 151 179 52 229 139 92 233 118 12 226 103 196 245 25 107 138 94 59 79 234 125 124 111 164 97 201 241 84 181 6 21 68 216 122 29 28 176 123 225 39 205 5 11 133 214 217 2 135 239 82 198 104 41 66 132 188 165 48 109 197 30 202 14 237 195 112 194 15 9 81 159 177 184 209 131 86 249 18 147 115 158 90 83 75 96 221 33 10 127 231 88 13 19 168 224 76 208 203 3 117 161 169 100 162 250 101 218 212 153 77 74 150 130 136 174 4 192 38 232 73 26 199 128 148 99 93 32 173 36 175 70 35 163 157 56 155 42 242 236 142 17 72 191 186 190 44 145 64 154 215 134 222 80 247 230 248 55 43 116 171 223 167 185 60 1 143 189 238 16 156 91 110 78 119 47 106 140 45 210 62
182 101 52 91 181 15 230 156 142 180 94 186 45 2 17 89 228 18 238 39 55 64 176 144 199 47 218 8 188 160 60 95 112 187 81 126 93 25 223 59 77 175 194 1 212 116 5 231 184 174 192 119 34 236 87 141 219 61 92 208 201 147 122 191 127 193 85 247 165 148 157 44 118 240 166 66 54 149 53 121 80 123 29 69 43 71 244 109 227 114 37 237 221 171 28 4 68 12 110 173 128 217 10 224 248 90 49 40 249 197 76 70 106 139 56 57 178 35 129 242 204 134 205 38 183 154 246 162 207 102 78 177 145 51 131 225 153 36 99 42 30 196 62 24 137 100 161 195 22 14 108 107 189 125 41 50 67 63 103 83 98 31 19 58 7 150 179 96 151 130 124 88 46 170 232 26 220 120 250 235 104 23 113 164 138 229 27 33 152 209 169 243 245 216 146 74 6 82 213 222 72 84 167 210 48 105 136 65 158 75 16 13 203 21 20 140 111 202 115 214 9 97 234 190 11 200 206 135 185 168 239 133 163 226 73 172 155 233 159 143 215 132 198 211 86 3 79 117 32 241
57 116 109 98 1 156 7 49 63 215 19 32 155 97 244 119 10 112 248 245 115 111 37 195 114 165 191 93 207 13 172 65 234 55 157 125 177 198 246 51 232 39 6 102 59 204 180 210 166 167 76 202 62 118 170 133 206 151 143 241 96 92 44 87 71 80 25 82 46 66 179 161 132 190 70 216 79 58 33 83 61 67 196 100 122 219 16 247 223 162 69 107 28 20 228 41 153 48 75 225 243 34 160 24 136 117 240 201 56 124 26 31 150 40 108 187 220 231 73 27 208 110 121 159 8 192 139 126 214 237 47 53 113 142 104 52 168 236 158 242 43 91 181 68 21 174 154 140 94 45 148 178 128 189 14 203 2 200 23 78 211 145 15 144 135 146 9 99 185 197 169 141 230 138 249 95 103 35 123 72 18 163 188 149 238 5 86 29 164 50 205 171 17 173 137 60 193 130 81 194 186 229 90 127 106 3 11 84 209 42 74 199 38 64 221 183 182 184 176 131 54 88 89 250 134 222 235 175 239 77 226 30 22 227 120 212 218 4 105 233 147 224 152 213 101 217 85 129 36 12
60 127 186 117 79 11 160 78 198 118 179 178 40 122 126 191 62 38 35 47 152 150 104 206 138 184 201 51 125 134 29 105 72 193 230 54 31 128 214 164 110 200 153 212 210 211 84 52 177 59 224 100 23 181 116 48 101 55 226 180 97 58 67 147 235 241 5 167 69 107 170 7 173 77 144 244 49 90 245 43 6 92 99 13 109 17 174 208 136 27 141 53 133 34 146 33 41 9 221 93 163 229 12 216 124 158 70 148 149 103 16 123 25 162 14 156 188 114 222 89 137 227 169 203 231 225 88 113 199 238 87 250 130 15 81 61 217 96 234 37 74 240 21 28 228 36 182 42 132 189 20 4 1 95 242 24 183 119 237 45 75 197 135 22 131 19 111 165 194 223 2 86 209 94 68 129 207 83 168 82 121 66 247 175 30 71 185 161 248 176 236 219 196 44 213 57 232 154 159 26 195 39 243 233 249 204 80 218 239 142 151 155 157 246 202 172 3 50 98 63 187 166 139 56 112 32 18 85 192 76 73 106 120 205 115 65 215 64 220 91 171 108 10 143 102 145 190 140 8 46
193 160 225 8 130 90 97 243 179 133 71 191 194 52 161 132 165 103 69 32 176 174 186 190 218 85 99 55 78 239 196 214 158 9 235 146 6 37 46 207 125 224 185 129 36 232 41 210 206 27 53 122 195 49 222 40 62 143 13 120 107 162 228 23 56 119 231 144 67 141 126 236 108 123 215 149 172 198 1 80 205 14 91 89 110 72 152 183 92 128 4 137 223 26 145 59 3 70 51 180 140 109 44 101 15 7 33 178 75 88 171 199 134 83 213 188 177 197 200 216 20 250 86 203 124 187 102 167 87 38 169 76 43 29 163 94 114 24 189 245 230 66 147 113 98 82 73 233 65 217 100 131 93 45 105 60 249 212 148 74 17 117 21 95 28 116 202 81 138 150 18 58 201 184 234 5 220 111 219 154 241 112 31 19 135 47 211 25 2 182 11 166 247 12 77 115 106 164 244 153 121 84 159 175 246 118 240 181 227 139 242 50 192 54 96 63 248 226 34 156 57 208 35 237 142 157 30 22 155 127 79 204 151 42 136 221 68 170 104 10 64 48 168 39 173 16 209 238 61 229
153 61 200 38 58 15 109 16 151 49 92 22 223 192 67 176 179 1 134 32 132 44 104 131 126 78 98 4 51 77 6 217 143 174 23 110 204 171 154 168 206 27 238 87 205 45 102 227 228 52 18 34 196 222 207 56 103 130 90 166 232 73 41 138 129 177 66 10 197 64 136 178 79 201 115 7 11 124 76 9 248 133 243 122 88 146 144 69 37 182 46 157 55 164 84 156 12 39 221 91 220 5 218 234 14 245 185 148 149 229 191 65 241 123 209 31 30 184 246 167 47 121 203 155 28 172 170 193 186 75 250 89 180 36 119 247 162 127 54 242 40 17 43 93 33 152 183 29 71 70 2 210 62 100 202 48 159 13 141 235 72 116 239 95 233 145 97 147 165 80 105 249 163 114 173 240 187 161 189 213 150 190 215 108 19 8 111 125 216 208 212 230 226 135 160 118 195 175 231 188 74 99 139 236 181 211 50 86 120 63 83 237 85 107 225 21 25 60 35 20 101 42 53 194 57 96 169 140 59 112 142 26 158 113 82 224 24 137 219 117 94 244 214 106 3 81 128 199 198 68
125 221 194 123 24 83 161 12 166 15 43 102 124 188 156 21 75 11 226 58 22 190 51 49 41 150 68 234 121 198 35 99 250 77 235 120 46 81 197 143 89 155 139 57 20 88 207 3 214 169 212 209 86 98 72 17 19 107 228 140 31 52 67 215 115 219 94 204 7 151 206 82 38 213 112 76 54 233 6 173 122 246 241 172 208 104 109 40 118 103 211 165 85 220 9 144 30 174 105 175 230 192 159 129 193 237 113 44 65 1 217 157 79 50 69 23 133 4 27 26 59 74 128 29 119 227 200 187 137 242 42 47 64 141 134 28 45 37 202 232 240 189 16 114 191 167 71 224 176 170 14 184 199 163 108 142 55 34 48 164 95 36 135 25 216 152 80 153 126 148 149 93 245 5 90 84 168 154 110 97 2 223 136 180 160 138 18 8 111 183 39 236 116 53 239 238 63 100 10 222 60 243 78 244 182 91 56 218 205 127 178 229 231 210 130 196 132 33 146 177 201 66 225 158 185 96 181 179 131 61 106 70 87 13 162 171 249 247 117 92 32 248 145 147 186 203 195 73 101 62
177 175 69 145 33 60 194 210 89 123 181 225 238 75 166 127 183 222 17 84 197 142 119 132 106 179 42 155 32 137 79 31 186 232 128 158 63 56 104 12 146 188 81 249 58 168 55 112 153 246 247 48 24 110 117 138 220 161 243 202 44 163 235 100 184 18 121 88 207 85 164 65 67 198 77 61 214 227 223 16 170 40 114 230 37 70 15 29 152 162 36 74 144 92 19 93 118 80 4 122 59 219 133 228 151 216 135 97 116 147 200 105 234 54 149 9 82 129 169 191 66 10 72 39 98 221 94 34 45 143 68 150 157 204 108 226 64 52 6 173 231 209 125 203 62 5 49 120 165 190 229 245 14 50 154 140 224 180 189 96 26 167 211 185 199 91 213 57 86 95 178 51 156 193 103 124 41 109 244 1 174 182 192 71 76 111 113 13 215 239 131 22 53 102 237 21 176 3 130 233 87 242 148 99 240 46 115 159 28 201 8 30 35 250 171 78 27 139 187 136 11 25 7 236 2 20 217 205 248 172 83 160 134 38 241 218 47 208 141 90 73 206 212 101 23 43 107 196 195 126
193 101 41 34 121 194 134 109 234 58 199 71 68 67 18 29 225 97 198 210 22 246 155 167 244 239 96 35 119 151 127 79 178 241 249 165 168 77 243 13 105 173 206 28 89 250 163 222 65 114 37 59 63 209 245 158 160 117 137 181 220 15 130 116 86 242 207 154 92 138 23 20 162 211 56 149 143 103 221 174 106 169 115 40 55 124 164 100 238 232 157 177 113 16 125 196 3 122 104 19 128 4 223 131 54 240 147 214 182 208 166 21 2 93 14 99 88 186 203 215 9 123 90 216 112 12 187 179 83 53 188 11 1 102 135 200 36 183 70 228 94 66 226 73 91 108 46 10 145 184 172 32 205 213 142 110 5 118 81 82 136 87 176 148 171 204 52 24 235 64 60 44 161 78 17 27 192 150 126 133 129 212 248 144 98 219 140 6 190 38 185 233 43 31 95 74 152 69 45 231 201 191 8 189 76 170 57 42 111 139 141 48 217 247 80 180 159 47 153 146 25 85 72 26 33 236 195 218 107 49 175 61 51 7 120 237 224 84 230 39 227 132 156 202 62 75 30 197 50 229
20 71 52 207 241 159 127 185 19 212 141 102 50 173 93 231 10 153 168 222 77 91 30 3 209 184 140 16 150 217 67 125 244 197 59 242 149 35 226 158 227 144 43 75 165 64 9 174 31 166 178 76 115 171 200 195 29 42 154 123 6 37 86 183 4 12 219 60 169 40 57 17 101 145 61 105 176 236 147 83 205 54 103 90 128 167 107 13 98 114 180 7 249 44 129 74 49 245 116 99 36 63 189 186 146 121 73 250 119 117 65 246 1 138 120 66 32 25 15 106 82 79 70 56 139 229 194 68 175 177 136 51 223 45 224 208 118 192 239 8 95 111 94 152 210 88 89 5 237 96 187 190 143 193 204 23 2 28 100 164 85 198 97 81 14 157 130 27 72 69 248 211 133 172 84 179 170 122 182 142 58 155 112 26 215 92 48 18 201 214 113 87 55 132 22 46 232 39 234 225 135 110 199 21 228 151 109 206 108 240 126 203 47 181 134 33 218 202 233 230 235 80 221 104 62 24 238 243 188 160 34 124 163 137 11 148 78 41 38 161 216 191 131 220 213 53 156 247 196 162
218 164 62 172 89 240 177 243 21 124 48 79 17 239 55 212 9 103 139 68 94 26 157 176 203 106 121 40 222 47 70 171 237 54 87 216 90 110 129 19 169 34 69 136 154 197 153 83 224 115 137 42 220 88 95 92 195 93 128 116 202 125 14 232 246 188 179 241 198 111 31 229 210 204 77 72 245 44 236 53 230 175 33 233 30 165 43 71 148 120 196 145 4 140 173 135 105 223 80 213 162 235 130 143 82 144 10 3 228 174 96 23 118 127 131 192 161 11 61 25 101 35 166 13 73 22 201 206 76 64 186 57 117 208 146 114 107 219 91 97 225 28 112 100 132 217 242 75 189 52 58 37 49 29 15 199 194 149 113 156 1 134 215 181 193 250 142 190 67 231 238 234 99 102 227 248 155 163 226 184 221 7 122 141 211 81 207 38 39 66 60 249 65 86 214 63 27 150 51 191 133 119 152 2 147 187 20 74 123 5 182 18 46 109 168 160 8 244 84 138 185 178 209 205 32 167 180 104 36 24 12 151 6 126 200 170 108 50 159 98 85 78 41 247 45 16 59 56 183 158
169 60 177 164 203 241 103 139 80 111 181 226 57 102 151 117 118 19 105 70 58 85 66 108 33 213 217 112 27 167 95 237 81 224 98 53 89 47 234 54 77 101 194 165 171 18 172 158 24 8 249 128 240 42 214 43 14 10 59 50 179 121 220 20 228 178 7 187 148 75 135 25 5 163 45 78 149 94 248 155 38 243 71 22 184 65 69 137 104 189 161 115 4 166 200 173 52 51 156 229 250 74 96 93 123 76 159 160 26 218 97 72 138 32 35 175 180 150 205 157 202 63 67 191 6 197 190 201 79 100 13 145 245 39 185 227 124 109 204 136 34 131 119 231 195 126 233 207 41 64 162 87 209 176 99 153 129 152 122 183 92 30 91 83 46 154 11 208 62 29 36 198 216 56 44 168 186 84 196 120 106 12 88 239 235 48 133 114 49 40 3 211 113 219 244 215 31 68 222 21 230 130 28 142 110 182 134 61 144 212 16 143 90 210 225 127 147 170 86 9 221 146 232 246 1 141 223 73 174 125 107 206 17 192 82 242 188 238 2 116 193 132 23 236 199 15 247 37 55 140
242 7 3 212 157 95 152 23 12 182 2 75 147 185 204 38 151 127 122 236 125 6 26 1 207 52 219 27 162 96 123 174 200 45 59 195 196 118 28 161 190 146 81 50 145 113 243 32 239 8 156 241 61 175 116 233 25 48 208 37 101 225 131 229 226 88 184 136 160 215 218 205 109 71 106 87 202 172 98 155 234 62 245 248 120 216 46 203 13 65 250 128 78 57 84 201 93 114 220 66 238 167 222 180 132 49 51 69 137 130 90 58 105 164 24 80 177 34 74 89 108 86 5 10 22 178 67 91 197 47 60 126 246 173 198 64 112 83 54 44 214 79 21 15 40 230 148 72 134 115 159 199 42 153 18 133 186 144 41 183 168 181 77 97 232 247 33 171 221 249 191 103 53 117 166 142 209 129 135 210 17 206 20 56 193 30 68 141 31 63 76 16 213 124 39 227 107 55 223 237 11 139 104 70 158 94 143 224 43 244 150 36 110 138 235 4 194 192 217 111 176 121 9 231 165 14 169 189 179 102 29 99 92 149 188 100 85 35 240 19 82 211 228 154 119 73 163 170 140 187
157 196 34 165 128 129 142 109 206 91 159 145 54 130 139 33 43 186 36 250 41 123 102 59 146 144 77 132 42 213 32 162 221 13 4 200 243 61 116 152 247 101 226 170 55 63 248 6 237 87 119 50 174 181 136 81 67 108 47 40 49 224 66 121 8 84 143 153 2 39 69 93 208 117 203 78 38 124 21 1 51 232 12 125 98 233 133 185 53 79 58 56 89 229 138 205 135 37 244 198 52 231 92 183 16 83 44 176 242 202 161 15 7 27 172 177 209 212 114 150 166 210 184 193 188 180 173 46 164 60 113 192 219 48 23 35 20 215 167 70 137 94 68 31 71 80 223 245 111 107 82 230 220 76 134 72 222 126 191 28 105 86 211 29 214 141 195 26 74 163 22 194 240 156 103 154 235 148 249 115 99 118 147 228 120 65 106 17 45 178 73 151 24 3 10 204 225 168 75 199 197 140 88 218 160 239 30 64 236 19 216 9 122 14 169 112 175 155 110 190 62 131 171 158 201 189 217 57 238 207 104 149 25 100 97 95 182 5 11 18 179 246 90 96 241 234 187 127 227 85
154 49 16 144 189 33 30 158 155 6 55 113 78 240 156 89 146 57 43 103 38 97 77 181 180 3 58 149 109 249 206 131 203 116 19 183 165 192 194 150 26 216 128 75 225 237 66 36 247 61 214 69 244 177 226 157 41 20 193 64 208 188 233 32 27 62 129 67 29 223 85 198 229 239 21 200 141 210 134 65 217 104 42 87 173 81 54 23 199 107 168 153 28 18 100 114 228 197 10 169 147 220 133 31 9 175 92 186 99 205 72 139 90 138 94 52 243 124 101 166 46 50 51 130 47 201 207 48 191 212 34 190 132 246 82 224 117 135 96 209 111 71 167 25 185 86 164 176 83 56 63 137 142 187 108 59 171 37 125 236 219 161 136 238 11 106 105 211 35 222 227 174 70 235 179 14 1 98 184 79 241 122 88 118 250 162 73 44 145 232 68 152 196 80 115 245 151 84 60 102 15 8 22 40 178 248 230 53 45 172 218 160 148 93 91 123 121 110 159 242 143 119 127 95 140 12 120 13 182 5 126 163 24 202 112 74 231 204 76 17 39 213 2 215 7 221 195 4 234 170
104 100 210 218 198 55 250 15 121 152 247 191 119 120 157 144 126 111 194 197 109 184 114 178 222 181 116 74 62 238 41 242 83 203 50 153 202 78 10 71 154 9 73 36 61 96 77 147 205 25 199 171 132 229 1 47 89 106 76 122 193 68 207 196 149 87 28 213 227 84 118 206 179 236 45 248 81 175 46 134 107 92 200 19 217 159 204 168 245 131 101 43 37 161 34 53 39 220 160 243 145 166 146 128 56 94 72 60 135 48 54 2 151 102 7 70 64 139 187 93 57 8 11 108 29 170 209 244 138 95 105 44 65 180 112 186 173 177 164 241 30 24 249 58 69 127 80 91 123 143 150 63 183 5 103 185 26 133 162 137 224 158 27 40 12 182 167 21 136 113 226 148 188 140 33 86 189 240 239 174 141 115 232 169 130 97 16 99 79 67 142 219 3 20 125 223 195 75 215 4 51 237 155 228 35 233 231 6 32 172 124 129 163 13 110 201 66 17 211 49 14 216 234 235 85 90 38 212 42 165 246 82 190 88 208 22 192 59 230 225 52 214 98 18 176 117 31 221 23 156
90 25 10 101 165 105 80 246 62 57 197 126 116 85 181 238 191 130 192 18 28 72 51 29 118 154 211 76 135 160 66 183 63 186 68 138 146 157 109 99 113 23 239 41 199 37 86 89 247 237 182 100 222 40 33 3 128 204 14 71 65 38 78 225 120 8 196 214 108 188 11 200 140 124 97 50 48 102 194 55 49 83 142 94 43 67 79 112 16 231 7 152 46 39 21 115 133 77 5 206 98 111 117 162 170 22 1 53 73 249 245 184 234 153 136 122 174 24 209 190 4 210 74 123 155 224 218 129 215 6 169 107 148 70 12 203 42 45 137 173 241 217 228 158 144 198 96 121 150 119 149 104 232 180 202 195 52 159 243 221 236 175 212 54 230 172 131 88 13 58 95 92 75 60 233 44 35 161 91 168 27 47 185 106 132 171 147 145 213 17 164 205 139 250 9 143 134 30 125 19 176 223 216 177 189 151 227 166 56 167 208 93 201 110 178 244 114 127 20 59 248 187 26 163 69 193 235 32 240 61 84 242 82 2 31 64 81 207 229 179 87 34 220 219 156 15 226 36 103 141
84 188 82 113 29 154 37 231 197 115 237 216 112 236 126 42 94 4 205 221 49 68 174 125 217 226 190 5 160 123 119 194 63 177 44 238 223 134 40 183 222 145 182 15 20 52 35 210 93 77 39 196 219 32 12 163 138 10 156 11 130 200 151 99 133 108 239 146 248 176 214 3 107 181 36 56 16 45 114 203 88 244 26 92 23 122 30 120 213 69 166 195 19 66 209 192 31 17 117 41 230 97 78 198 152 60 140 57 142 201 186 136 67 74 1 161 187 59 208 150 53 178 243 85 62 247 241 38 110 228 79 2 116 135 54 43 81 165 172 104 8 162 250 155 96 124 71 170 246 184 105 13 207 169 180 50 61 46 167 9 131 235 102 121 47 225 148 70 143 21 14 127 168 158 147 173 137 144 89 220 33 204 25 199 73 242 111 224 55 141 80 193 234 157 233 87 48 6 164 139 179 72 175 18 159 27 215 64 240 232 185 211 65 109 34 245 249 218 227 51 171 76 7 91 229 132 153 75 103 206 118 100 212 106 202 90 98 191 24 101 95 149 28 83 189 128 22 129 58 86
16 236 242 71 204 139 220 156 67 215 140 124 109 53 244 191 33 86 36 52 137 99 136 114 54 146 91 226 10 145 154 250 162 212 216 230 57 237 83 126 246 72 148 5 48 50 105 128 228 46 232 205 125 194 224 152 168 80 155 182 93 84 75 193 206 249 153 160 29 118 234 141 174 85 123 24 104 143 65 131 161 3 73 35 135 56 240 107 133 209 203 225 208 60 219 147 41 197 202 1 32 19 14 132 130 43 229 44 185 144 200 87 121 4 238 180 164 184 96 18 173 88 150 158 76 187 245 120 227 129 159 100 49 113 69 42 218 21 90 11 176 102 211 122 170 95 157 116 23 188 98 199 217 221 97 39 186 31 243 172 214 151 101 37 247 189 198 235 106 92 169 51 117 40 12 7 81 30 108 223 192 66 179 17 119 177 112 27 239 2 115 163 89 13 8 167 171 38 196 213 62 34 178 55 149 59 61 210 26 74 248 181 195 190 166 222 207 28 110 111 58 78 6 79 25 15 82 138 233 70 231 45 63 47 103 241 201 94 134 9 20 64 22 175 68 77 142 183 165 127
9 25 191 199 140 27 141 10 234 4 37 75 123 205 92 78 241 95 150 133 103 61 120 131 229 239 230 216 35 80 73 70 63 12 64 154 139 214 101 233 39 106 200 213 67 243 8 68 130 111 52 7 147 178 85 90 161 206 202 215 14 3 168 185 119 117 48 57 217 138 181 156 227 79 89 76 50 171 207 129 5 29 151 194 228 250 102 94 132 218 211 158 196 152 42 96 47 93 40 60 19 24 77 149 81 248 226 115 192 155 43 167 121 109 175 197 21 195 157 26 186 247 11 65 99 110 49 62 135 180 203 41 220 58 2 212 20 210 84 1 88 164 136 30 59 223 105 46 188 159 245 169 72 173 182 128 193 54 142 209 45 83 114 87 208 56 34 108 104 219 187 225 170 118 162 232 116 28 190 38 238 163 126 242 124 231 107 189 143 100 13 153 183 224 179 204 145 166 32 17 44 53 22 33 15 172 235 144 113 18 237 222 201 236 176 240 16 97 51 31 127 249 82 71 165 98 198 134 36 86 244 112 137 122 221 91 246 74 69 66 160 184 148 146 174 23 125 177 55 6
59 58 88 69 2 204 165 36 230 71 184 19 141 47 114 148 237 94 97 33 60 86 50 236 44 144 67 245 221 57 65 168 53 105 66 73 101 61 110 41 127 170 222 166 68 182 26 13 164 100 241 70 224 80 55 191 92 22 239 12 143 233 134 49 189 85 82 171 159 201 42 108 45 151 167 212 216 213 21 111 38 194 250 231 31 63 205 30 161 32 15 120 54 39 96 228 137 98 243 238 129 156 84 183 199 223 229 18 34 83 113 146 118 117 64 214 24 147 74 227 126 145 232 56 219 132 190 23 87 158 217 140 20 8 35 16 135 28 107 29 187 200 37 172 48 6 179 104 235 119 176 75 142 25 46 130 128 7 207 174 89 112 244 193 206 210 10 62 131 203 197 121 91 173 106 240 177 249 79 93 234 152 153 124 155 178 51 76 186 202 139 90 17 247 162 14 116 154 188 123 77 198 3 160 40 192 226 138 99 102 196 242 27 136 218 5 169 157 115 133 52 195 72 163 9 208 95 181 215 248 125 185 246 122 180 109 175 43 150 1 209 78 81 225 4 220 149 103 211 11
175 205 147 201 7 202 179 38 241 79 235 214 12 240 41 33 157 29 199 75 81 180 100 246 162 197 72 6 52 134 189 39 178 168 233 77 207 26 248 176 25 120 184 218 99 124 55 245 73 144 138 56 160 106 23 145 156 67 105 170 236 142 13 42 151 115 186 215 117 50 60 58 57 27 34 181 169 114 112 63 228 158 65 2 177 209 132 196 183 210 221 139 141 108 140 193 44 187 61 247 173 54 103 146 194 148 185 19 21 234 92 14 97 150 123 226 32 143 244 153 66 98 119 8 224 16 86 126 43 182 118 243 167 154 110 1 71 5 91 212 116 53 4 113 18 95 192 3 87 24 96 155 250 200 64 15 9 206 211 94 198 135 76 48 47 10 101 219 152 74 171 17 93 203 129 107 68 49 242 70 190 111 238 28 188 11 125 59 46 22 80 85 136 137 216 164 220 191 127 131 30 149 36 217 213 159 163 195 51 232 128 89 208 78 102 130 223 161 249 109 225 165 172 90 31 40 20 88 84 121 222 133 37 166 83 239 231 69 82 229 62 204 227 104 45 122 230 237 174 35
197 22 181 237 101 186 243 232 168 69 70 204 158 189 109 61 250 222 76 82 16 91 203 247 107 89 8 172 244 83 23 11 212 85 35 75 214 229 199 190 9 122 18 173 93 80 94 192 205 49 79 223 55 133 201 6 248 239 36 63 146 224 34 46 28 216 165 14 136 215 194 42 121 45 241 102 65 2 27 238 81 207 155 198 164 169 125 154 153 147 26 106 152 242 38 230 119 124 221 40 120 177 20 225 129 24 111 178 123 25 235 95 180 231 37 64 187 52 193 50 218 67 96 117 144 78 98 246 163 140 171 104 105 15 210 159 116 179 209 118 128 71 191 99 132 217 48 4 51 148 62 32 84 112 219 150 213 227 103 131 43 29 44 233 33 157 74 196 160 114 202 126 86 142 145 176 151 228 149 220 174 226 90 156 60 97 170 184 13 137 3 234 240 113 249 110 39 211 58 130 53 31 200 47 143 72 195 7 115 73 167 182 135 68 57 56 208 30 19 59 12 1 41 161 100 245 21 88 10 236 185 134 108 188 5 87 17 162 141 127 66 77 54 92 206 183 166 139 138 175
166 4 55 226 86 124 144 56 43 184 187 78 225 42 16 139 31 222 196 129 142 44 94 165 79 41 71 84 106 68 110 149 10 140 90 177 76 114 82 212 228 130 120 214 54 242 229 249 154 210 197 87 48 157 248 194 63 122 227 77 34 121 182 244 240 180 188 150 125 22 113 29 46 223 156 74 102 69 199 50 73 72 152 26 204 250 61 70 104 12 30 60 141 14 8 193 246 168 247 158 143 119 133 198 183 153 112 75 59 132 169 49 35 109 99 103 202 224 219 80 116 237 15 134 189 20 91 241 160 107 24 5 83 155 179 51 67 171 162 17 9 38 118 105 66 191 232 88 58 235 208 127 217 36 57 178 131 39 181 7 192 231 21 123 234 32 215 128 65 138 52 145 233 185 100 13 170 37 85 97 62 205 146 18 6 163 25 115 206 203 101 213 209 211 81 174 220 238 126 245 164 47 161 11 89 195 186 45 19 98 117 23 1 207 27 53 28 173 172 167 137 96 148 176 40 92 230 236 218 190 243 151 221 175 3 159 147 239 216 136 33 108 200 64 111 135 93 201 95 2
136 64 133 19 74 178 172 205 188 154 13 147 29 137 55 139 129 47 142 11 150 212 248 99 197 56 247 146 27 82 127 209 218 101 102 202 33 91 121 175 213 30 119 184 87 89 97 21 78 45 167 17 108 9 144 203 49 181 61 40 220 148 81 90 42 36 53 176 173 25 32 86 249 18 63 180 231 118 189 96 196 132 126 238 170 112 48 187 94 143 152 233 161 125 23 105 223 15 208 211 159 5 201 141 106 191 163 123 88 243 71 26 51 210 145 140 149 46 80 193 60 174 151 68 135 117 4 39 156 38 131 35 234 77 10 192 104 169 182 153 244 6 100 226 232 37 230 109 93 43 58 69 160 95 31 177 241 130 221 138 198 122 228 236 83 73 92 57 34 114 111 7 222 22 200 199 128 113 235 66 155 204 65 124 214 179 41 168 229 190 162 52 185 2 1 157 3 239 8 16 250 242 171 44 103 219 134 76 79 75 12 194 116 70 98 215 62 120 110 225 246 217 24 224 158 207 183 14 195 67 85 59 237 165 206 164 166 54 227 20 50 72 115 84 186 28 107 240 216 245
138 140 246 136 145 228 135 208 113 67 85 194 209 13 38 30 204 225 25 49 19 201 111 71 62 227 157 78 189 165 74 2 236 221 203 174 175 226 5 146 66 37 137 88 214 57 22 199 95 46 185 98 126 218 216 80 84 101 107 53 52 26 118 31 96 63 235 103 41 163 217 27 224 124 97 243 121 219 152 212 205 211 44 160 133 24 115 178 183 223 128 59 56 58 247 14 90 23 32 184 21 232 159 42 73 61 36 83 222 125 82 34 1 139 132 69 168 70 7 76 122 142 102 64 89 234 197 149 65 148 192 237 195 166 129 8 182 248 51 233 105 60 188 116 106 220 239 162 6 171 196 45 12 240 155 231 161 109 11 187 10 181 207 134 47 131 110 17 39 229 179 177 94 143 164 123 43 213 29 144 206 190 153 200 191 250 100 210 215 92 4 91 150 156 48 186 16 50 114 108 173 99 170 75 72 9 15 86 172 245 87 20 176 40 18 55 81 77 241 230 112 249 198 158 238 35 141 151 117 202 119 130 127 28 3 79 169 242 180 54 104 167 93 33 193 244 68 147 120 154
217 34 25 243 64 47 246 185 192 148 157 33 187 111 53 56 221 12 131 160 76 183 63 44 38 150 128 231 223 60 82 180 94 227 137 121 9 3 200 52 31 234 250 69 22 193 8 6 213 17 248 73 125 43 162 199 123 96 109 176 13 236 95 190 65 166 163 116 120 126 139 24 159 45 239 135 5 2 79 238 175 29 48 70 68 151 61 105 207 99 85 225 84 72 245 134 194 219 165 58 138 203 169 57 141 218 206 30 210 209 143 80 167 81 133 59 168 71 7 102 242 27 198 77 136 36 119 46 20 88 74 172 158 19 220 247 55 66 177 40 112 149 156 62 106 208 155 211 93 108 97 67 49 214 144 205 222 117 228 75 11 204 37 23 98 216 140 103 1 173 182 186 244 15 78 241 54 215 91 171 127 89 181 249 145 232 92 230 86 14 83 147 4 21 51 110 184 124 39 174 189 170 41 32 202 197 235 50 179 201 115 114 154 87 10 212 90 164 229 224 188 107 161 16 191 18 118 122 42 178 146 195 28 35 104 196 226 130 233 26 142 132 237 152 101 100 113 129 153 240
31 37 122 83 182 210 177 145 167 193 88 79 128 198 129 67 203 47 6 80 139 189 46 52 162 103 204 229 154 39 160 73 72 228 100 241 14 124 90 164 44 13 70 107 153 102 87 95 249 42 115 89 117 172 2 29 97 235 25 34 106 76 248 53 36 173 7 175 43 165 26 84 140 202 148 223 137 187 10 147 20 163 58 45 68 250 65 12 23 142 98 126 120 224 78 1 17 94 105 69 151 141 113 188 38 35 21 136 185 64 82 3 184 197 200 132 92 157 104 199 231 62 196 134 156 213 135 143 109 85 178 194 131 63 77 219 214 66 71 161 8 191 180 61 91 125 121 169 150 41 108 146 232 93 86 230 101 22 75 49 246 243 27 50 192 149 155 30 234 181 159 60 138 19 56 242 48 55 166 238 74 133 236 32 212 217 40 112 18 176 59 57 218 225 222 116 179 152 215 81 51 247 119 209 9 110 96 15 240 216 114 123 171 205 28 5 201 233 4 174 158 16 186 118 144 239 11 99 227 244 168 245 195 220 207 226 183 206 190 237 33 130 54 221 211 111 24 208 127 170
5 35 156 24 207 232 16 95 77 157 217 149 158 130 96 211 250 39 124 247 137 52 78 155 230 131 100 15 48 168 118 199 144 175 187 49 116 74 126 17 53 140 102 29 66 23 165 166 7 73 178 30 123 110 40 145 93 143 234 227 85 213 43 223 206 47 117 6 191 184 203 58 185 20 50 236 159 51 106 226 70 151 204 135 221 84 61 139 136 241 127 108 235 122 88 125 176 196 167 54 31 12 133 240 186 134 82 21 104 193 121 79 148 64 142 231 114 112 1 152 89 246 190 103 94 26 141 210 128 239 220 154 177 229 120 200 2 68 56 57 147 181 188 202 249 65 238 9 81 19 171 119 243 75 3 87 222 8 37 209 195 45 107 194 218 163 244 173 101 205 172 109 245 170 138 36 115 92 216 55 189 10 80 27 248 28 219 224 22 192 169 228 105 242 33 129 91 113 69 76 34 174 212 225 13 18 150 90 98 237 183 162 71 38 41 197 25 208 42 62 153 60 164 179 72 180 59 111 233 83 182 11 161 99 160 132 63 97 14 201 86 146 214 215 32 46 44 4 198 67
203 4 234 84 219 86 10 24 153 33 25 88 230 202 92 166 197 9 158 218 126 65 78 93 173 244 57 228 226 175 69 178 107 116 16 210 41 105 71 113 48 125 63 122 152 215 58 11 191 8 34 184 72 137 235 204 205 231 62 19 55 209 12 177 101 42 104 221 239 149 229 45 182 199 77 240 194 61 242 23 201 151 247 99 187 50 120 139 196 82 89 127 227 145 49 95 119 154 3 156 14 211 176 124 40 106 146 165 28 192 130 222 183 223 112 7 73 85 59 208 147 250 180 47 133 68 114 129 207 87 159 29 5 27 51 157 74 39 128 138 81 98 26 111 100 136 150 90 142 236 233 131 83 213 186 37 123 70 22 97 2 206 32 135 248 188 6 109 31 225 1 94 56 185 249 18 96 30 179 232 121 13 170 15 91 214 246 163 220 217 46 190 67 110 79 44 212 36 132 161 53 117 224 171 167 193 75 155 108 164 60 102 21 174 238 143 20 198 38 80 241 200 162 160 118 168 103 140 64 169 66 76 243 141 172 54 148 181 216 195 144 115 35 189 43 245 17 237 52 134
135 91 228 220 168 132 188 162 117 29 42 13 154 51 216 191 56 167 125 218 120 39 26 88 136 205 102 235 138 18 16 242 49 195 159 128 163 208 155 108 90 186 48 19 149 92 192 142 219 241 152 184 33 141 181 140 133 94 79 193 71 65 250 158 15 199 66 43 109 36 127 84 230 54 143 41 123 53 47 134 34 246 206 173 64 6 247 118 215 213 245 46 69 223 145 57 74 171 151 58 63 234 124 30 201 35 210 194 164 160 179 249 103 217 68 147 9 14 110 12 214 183 52 187 40 248 67 96 95 62 232 10 139 100 243 50 83 82 227 111 104 4 172 38 5 70 165 157 77 28 204 237 21 178 24 189 73 17 190 60 126 224 233 32 11 1 180 222 115 72 119 200 80 44 137 244 45 240 150 175 169 198 31 114 55 113 98 238 156 59 129 209 202 81 197 112 121 225 85 25 148 176 105 207 170 174 3 144 177 97 185 8 93 130 161 231 116 27 226 182 86 229 221 166 203 107 78 22 2 212 239 122 87 75 37 106 20 23 211 89 7 146 101 76 99 196 153 131 61 236
131 86 35 62 58 147 17 235 178 89 51 151 2 80 145 92 176 192 236 7 152 241 121 158 160 159 171 57 195 106 105 232 216 63 49 212 234 190 177 245 229 200 132 242 26 97 168 128 163 3 55 104 65 230 157 210 233 248 72 185 165 120 70 40 43 44 126 46 167 56 174 50 39 142 215 179 1 127 137 136 211 172 66 5 220 34 187 130 217 16 119 246 20 103 133 183 53 23 77 155 123 202 12 125 28 47 116 32 22 27 135 30 154 138 99 29 118 6 222 205 228 112 93 237 193 31 64 244 243 90 78 41 74 36 84 134 25 109 219 180 101 169 67 91 164 191 247 111 52 79 189 96 184 9 8 54 122 107 15 226 206 38 162 71 69 82 239 140 48 153 196 45 141 201 115 209 33 204 181 249 114 221 231 197 208 113 240 95 61 224 146 203 13 139 129 81 218 156 188 24 94 175 42 149 238 83 117 194 85 186 102 213 182 198 59 98 227 75 250 148 100 108 225 73 4 88 170 60 124 76 199 21 173 87 14 68 223 166 18 150 161 110 19 11 37 10 214 144 143 207
204 60 179 23 121 36 43 185 143 201 91 118 218 7 17 224 129 57 139 207 244 92 235 150 106 115 157 228 198 247 166 63 122 96 225 126 12 250 27 13 155 141 172 112 190 33 209 50 61 40 81 167 125 193 197 164 69 3 108 187 100 120 146 37 75 111 84 52 124 66 127 90 135 38 48 65 243 18 79 178 110 39 210 239 11 53 67 58 15 51 62 202 20 70 16 199 211 98 181 232 176 101 35 206 221 180 246 9 175 117 82 2 73 217 203 213 105 119 72 138 248 49 215 152 74 159 158 133 29 168 130 95 28 144 140 136 236 191 230 226 89 205 59 86 171 231 160 233 21 47 249 220 195 88 242 189 223 68 1 142 214 194 99 4 123 42 87 222 83 44 8 156 208 76 14 77 196 212 161 41 46 25 237 234 104 109 163 54 145 93 80 26 192 137 94 219 103 6 64 97 31 188 240 114 149 22 182 134 131 45 116 229 71 107 170 184 147 19 24 30 5 186 34 151 102 216 227 32 162 113 78 148 55 177 132 165 245 200 154 153 128 183 241 85 10 238 56 174 169 173
18 37 209 103 1 189 75 143 108 22 220 141 34 55 79 91 35 46 33 5 162 170 109 6 122 66 88 69 64 72 169 38 94 156 145 101 73 95 178 134 30 240 3 213 39 232 4 23 248 226 100 54 202 92 204 172 239 104 206 247 111 210 191 144 84 236 163 177 243 97 229 219 160 85 230 246 32 14 117 179 225 132 83 105 216 150 53 29 190 167 93 45 194 67 207 127 205 26 180 60 77 234 63 20 112 137 80 125 106 17 165 131 155 121 227 116 136 58 203 242 186 215 217 244 78 98 158 118 40 147 142 90 149 148 87 48 107 140 135 21 65 224 16 44 146 89 138 199 218 245 198 123 15 193 249 130 231 171 188 2 124 208 221 9 62 19 129 56 96 187 157 211 8 82 11 25 237 173 196 12 168 195 197 114 36 99 241 13 176 151 10 70 212 181 59 43 102 50 120 182 235 113 57 76 161 233 28 200 41 51 201 192 86 139 49 110 119 184 223 154 214 222 81 126 185 152 115 7 128 47 24 27 174 159 175 42 238 52 153 183 133 166 68 31 164 74 228 61 71 250
250 20 242 144 139 182 112 45 103 5 199 162 68 161 192 149 26 234 160 31 231 116 228 111 225 78 91 40 221 216 206 29 167 66 131 77 148 114 232 194 169 63 143 132 36 237 38 99 71 233 41 147 84 235 53 89 125 13 51 95 24 30 178 248 23 122 61 74 198 189 43 25 222 163 240 185 35 107 108 101 57 15 94 134 197 8 120 110 230 16 204 213 157 52 205 56 188 4 153 207 48 183 244 79 82 241 106 215 151 85 12 130 172 121 187 133 109 142 86 47 219 126 155 62 19 217 214 9 22 191 104 33 181 59 17 238 158 152 184 2 179 21 145 14 193 28 246 140 123 117 208 3 102 80 87 96 32 171 75 60 7 54 175 100 210 127 1 165 245 27 190 10 105 93 226 92 97 124 136 176 138 70 220 44 202 76 200 18 6 249 195 137 11 90 113 72 73 223 227 128 129 154 164 218 39 49 83 168 65 67 119 58 115 150 211 186 173 174 247 239 229 118 224 177 146 42 135 212 159 34 141 46 209 196 243 88 236 201 50 180 64 37 55 166 203 69 170 81 98 156
36 94 180 230 171 28 87 228 98 56 23 187 3 218 161 203 111 156 195 182 216 169 43 82 129 53 58 178 70 41 91 223 96 113 245 166 168 192 190 97 155 68 72 170 105 81 194 12 73 99 247 25 121 16 118 29 63 231 215 198 217 159 102 244 2 193 126 211 89 120 24 163 6 8 20 214 15 243 101 7 200 197 60 78 57 5 93 165 88 116 13 19 141 143 157 236 18 104 83 202 201 92 225 142 79 241 205 112 1 114 50 64 46 183 179 67 109 54 127 65 140 147 9 145 119 131 86 34 248 61 137 240 181 51 167 75 175 206 31 45 11 32 229 185 55 136 233 158 108 226 186 85 172 146 232 139 128 148 210 177 238 221 149 138 207 77 220 162 239 224 62 123 189 117 42 209 38 22 144 153 10 14 133 188 130 249 160 208 115 37 69 17 213 125 21 212 124 90 48 39 237 40 184 71 152 33 80 173 30 107 44 250 26 246 35 176 47 95 74 151 27 76 110 234 222 59 235 219 84 204 66 174 135 196 242 100 154 164 227 132 134 49 52 106 150 191 122 103 199 4
158 132 57 97 85 176 157 228 137 21 40 22 200 131 76 38 237 143 180 140 202 150 231 43 206 245 68 127 69 30 109 1 152 195 218 248 8 14 219 247 73 238 16 23 149 70 221 78 209 161 31 24 104 144 75 177 193 159 98 226 191 243 130 250 220 89 62 49 12 138 194 10 235 7 3 39 155 6 52 64 9 83 36 15 124 67 88 123 54 213 192 239 58 217 37 81 41 115 133 199 28 151 148 147 45 179 72 242 166 82 53 205 136 232 145 187 223 139 51 175 171 19 214 241 212 183 60 229 117 33 203 222 227 233 160 167 48 230 18 153 197 172 35 93 106 154 135 198 190 65 56 91 77 111 122 162 50 11 102 188 61 184 141 95 146 26 196 119 20 113 29 32 170 110 182 87 108 125 17 46 114 42 92 181 234 216 173 107 208 71 178 13 244 128 156 80 34 126 240 96 118 99 134 90 44 5 204 185 246 25 2 169 27 215 74 225 47 174 103 121 94 168 86 211 120 165 79 189 59 210 55 164 163 201 100 142 116 63 66 101 129 112 4 224 236 249 105 186 207 84
119 81 239 247 155 209 233 185 48 148 45 194 6 42 16 1 170 26 138 228 44 33 158 146 30 241 79 100 245 90 131 225 112 91 93 68 130 234 25 23 132 118 35 149 248 161 3 140 222 116 236 37 152 11 165 124 171 41 64 176 51 235 36 193 7 207 15 57 164 115 213 70 67 221 74 84 129 244 182 73 200 97 175 135 32 134 139 99 85 153 108 181 167 224 12 98 216 4 211 107 144 55 61 96 66 20 76 52 157 72 243 92 71 24 145 10 191 168 183 214 141 69 212 242 40 80 39 249 217 238 104 188 151 192 46 58 184 101 127 231 13 240 22 187 196 227 180 27 106 83 2 122 9 19 166 218 125 21 232 147 82 60 59 174 133 246 172 89 250 156 205 210 114 160 63 137 126 197 230 163 95 189 43 226 65 54 159 195 87 136 34 53 203 186 143 105 177 29 94 88 237 14 109 49 223 206 128 38 123 86 178 201 56 78 31 113 215 28 208 199 77 190 219 150 204 50 198 111 5 173 103 75 154 8 162 169 110 121 120 62 47 142 18 220 102 117 179 229 17 202
121 125 237 117 41 84 139 70 14 177 138 95 242 42 181 150 116 40 137 157 37 204 168 129 228 16 155 178 127 43 175 190 193 231 89 108 213 194 244 81 19 93 100 230 54 85 33 27 162 66 188 218 53 11 44 219 115 223 134 87 133 202 79 183 12 173 215 83 7 34 55 78 72 180 99 63 179 234 112 6 86 71 94 154 142 196 35 28 96 20 9 140 131 56 111 221 123 10 126 47 225 49 241 240 76 64 52 145 207 200 88 165 158 39 58 22 65 90 102 214 160 130 152 48 62 247 238 59 224 159 141 51 124 171 97 107 105 176 246 120 23 185 163 25 250 199 174 1 21 170 208 143 235 182 17 146 149 46 29 245 101 50 239 153 222 209 45 110 2 109 5 212 3 31 122 82 69 61 191 226 156 13 74 106 192 220 172 161 144 91 32 151 67 136 189 217 198 187 113 216 118 103 211 243 229 166 135 227 184 80 232 24 104 201 169 132 186 38 68 57 26 73 8 248 114 205 147 30 92 167 4 195 60 18 206 36 233 119 249 236 98 77 164 148 210 203 75 197 128 15
165 188 201 114 197 23 49 27 173 67 50 109 41 198 17 219 26 240 72 13 164 139 213 35 133 86 62 81 105 31 250 116 199 21 12 179 230 38 155 130 152 74 110 247 95 233 15 170 61 166 121 178 19 192 2 142 154 6 163 91 122 217 53 193 107 66 65 87 80 148 1 160 59 51 187 42 159 58 111 140 143 138 241 223 103 73 227 124 220 221 190 106 191 196 97 88 9 226 4 52 22 94 181 171 225 141 93 40 222 120 212 5 11 158 10 172 145 238 151 176 18 246 195 113 63 245 108 115 104 24 39 200 44 229 79 129 85 89 184 102 150 30 54 214 132 98 189 174 205 101 14 55 183 239 180 157 209 20 134 167 210 69 237 211 202 83 25 215 112 84 99 218 77 48 127 92 234 123 29 71 3 100 125 33 96 131 16 186 117 206 156 175 149 207 46 249 118 242 60 182 146 126 144 32 119 75 37 161 43 34 64 137 36 76 90 47 228 128 216 28 147 136 208 194 248 8 70 224 243 82 153 231 7 235 162 135 56 232 78 177 68 203 236 45 169 185 244 57 168 204
202 236 59 234 52 203 178 194 245 179 76 78 229 43 118 74 31 146 10 148 239 106 149 60 219 53 45 47 126 71 139 15 223 172 188 211 220 227 29 182 117 214 98 142 96 22 92 85 123 237 216 207 153 233 173 79 69 88 26 128 28 187 64 137 81 55 40 101 19 83 116 196 135 1 42 12 228 177 132 133 217 36 144 199 51 94 109 77 58 225 169 8 16 87 48 151 168 208 134 5 6 183 193 238 63 49 138 242 158 198 163 180 125 9 244 246 152 248 115 44 161 38 184 190 145 159 27 72 114 206 68 162 73 167 174 143 93 150 215 165 100 97 170 34 62 131 70 33 2 127 218 13 39 14 191 11 102 99 61 231 66 160 82 121 113 155 21 171 111 46 112 120 140 30 156 181 50 213 75 107 90 57 205 119 37 108 226 222 65 164 210 250 186 232 212 209 24 124 20 122 18 201 189 104 157 247 249 176 241 86 4 25 103 235 195 192 7 67 147 197 230 224 204 129 175 17 240 166 32 54 91 154 136 130 95 200 89 105 141 3 243 221 80 56 185 35 23 84 41 110
41 228 87 240 144 218 164 99 98 122 45 23 80 136 5 62 64 169 151 224 115 10 188 170 166 29 72 21 47 120 225 216 195 121 147 246 13 4 27 155 116 40 113 111 3 182 241 207 183 77 51 194 193 133 88 19 141 217 117 161 36 167 143 96 75 2 175 173 128 52 249 61 137 203 73 46 92 6 15 238 191 150 69 22 93 185 162 140 125 30 123 33 28 97 63 210 110 227 176 181 81 31 243 119 48 159 174 59 239 1 101 160 65 135 149 17 229 37 142 26 131 106 212 78 109 130 153 213 132 76 209 91 208 232 202 163 50 53 197 189 134 55 108 107 67 206 86 156 196 200 102 171 95 49 12 7 190 186 11 211 54 38 94 215 221 177 205 84 114 237 66 103 82 127 118 18 148 236 165 44 234 184 139 58 126 152 230 223 20 201 187 71 179 104 57 34 180 70 248 157 172 199 79 100 250 25 24 85 32 219 178 233 43 60 68 16 247 89 145 105 74 244 56 204 231 138 222 168 154 129 245 90 124 9 39 146 14 220 112 8 226 235 214 83 158 242 192 42 198 35
82 231 113 54 244 149 62 26 178 212 241 107 222 170 117 138 48 1 233 37 99 234 91 147 24 108 247 206 25 137 104 173 133 223 174 191 161 211 132 35 154 20 19 192 2 227 112 33 15 106 21 28 163 115 32 236 232 224 69 40 146 38 85 118 75 237 11 186 97 29 245 208 43 235 36 131 27 226 193 250 210 52 7 164 167 45 17 219 78 229 157 127 120 166 160 103 145 6 96 30 205 196 176 204 217 156 122 228 121 101 239 56 124 23 119 41 31 168 155 77 148 87 199 61 152 50 10 12 116 44 114 171 221 70 143 198 194 73 203 181 66 46 128 140 105 13 76 249 65 220 216 144 68 180 200 100 243 71 89 135 42 188 172 58 139 110 92 57 207 81 60 34 201 67 80 175 189 102 53 190 125 130 47 55 185 3 51 123 197 64 88 225 153 90 86 8 213 49 95 16 93 94 159 187 72 109 9 238 39 126 179 169 248 4 5 14 215 129 195 240 209 150 59 151 84 111 98 18 184 218 158 136 202 214 177 22 83 165 79 242 162 142 134 182 246 230 74 183 63 141
57 227 27 111 14 48 174 6 184 245 186 75 202 142 197 77 126 37 16 139 127 72 152 12 187 133 151 70 172 232 60 177 219 149 15 40 31 215 24 102 220 134 120 132 191 44 226 121 183 207 18 66 122 211 118 89 74 153 33 250 34 221 236 80 176 224 82 83 190 10 46 146 203 19 243 129 45 136 113 116 78 218 58 94 150 130 155 36 110 81 231 105 26 241 11 145 230 69 23 135 8 148 178 65 166 88 119 154 167 98 161 201 32 1 160 165 86 87 246 52 242 188 100 217 180 169 237 200 51 168 194 22 234 76 195 233 96 209 213 198 239 189 50 79 206 144 229 21 59 238 123 117 173 199 214 101 228 244 162 95 90 93 171 196 104 249 38 92 212 29 30 235 3 71 73 20 193 247 42 124 115 175 158 35 49 99 140 5 4 156 67 147 125 222 103 114 185 164 192 138 13 61 225 47 179 182 204 43 63 28 163 159 56 53 181 41 107 9 141 223 157 39 84 205 25 248 17 240 64 143 108 131 112 128 85 7 210 106 2 55 68 91 109 137 170 97 208 62 54 216
33 61 4 122 10 185 59 160 229 197 74 30 226 222 131 135 154 219 87 193 17 184 19 18 38 250 187 142 3 133 116 235 138 16 202 101 78 22 105 34 55 223 152 181 67 244 163 8 195 118 53 141 167 25 112 174 40 196 120 232 204 88 20 14 241 28 73 171 212 245 123 143 216 126 52 42 183 89 176 210 110 36 72 242 43 179 168 198 205 46 178 148 86 48 136 23 29 102 115 165 119 208 96 21 82 12 79 84 150 129 127 209 231 91 111 76 173 109 125 194 239 218 94 69 63 246 99 211 2 175 121 214 144 207 134 90 156 58 191 54 166 81 243 162 234 188 64 45 66 80 5 11 149 1 68 233 237 147 180 9 27 186 6 124 103 140 201 106 161 203 26 177 117 221 155 247 220 170 47 215 151 97 98 107 228 24 51 200 13 95 145 159 169 225 240 157 77 39 128 92 37 213 31 182 15 217 227 7 189 41 172 153 62 190 65 56 75 114 206 158 100 57 108 230 44 93 164 139 248 32 236 104 60 130 224 35 113 85 249 71 49 137 192 238 70 50 132 146 199 83
219 204 108 126 60 188 64 162 56 2 143 152 121 244 156 3 201 71 8 189 229 136 170 78 16 74 195 165 53 114 246 100 67 249 211 172 238 31 28 154 132 96 86 111 205 42 198 21 45 6 213 90 80 230 129 40 61 18 190 83 139 44 180 167 232 1 10 9 123 95 197 163 241 85 65 234 81 41 225 148 237 122 231 151 113 142 192 105 221 63 91 130 177 93 168 92 179 104 203 175 15 196 140 178 226 66 20 17 103 38 147 182 214 184 62 169 30 124 37 149 153 206 69 207 186 24 157 109 191 4 250 134 102 26 68 193 160 32 5 70 43 120 55 209 128 137 242 52 158 217 176 112 98 243 223 77 144 82 101 220 161 51 224 199 76 222 200 146 159 181 208 89 72 94 171 127 29 233 215 117 150 12 116 34 73 33 135 119 50 185 174 14 236 227 13 202 27 212 187 59 87 240 7 228 164 141 49 107 194 138 173 166 239 23 125 115 245 235 118 58 11 48 88 110 54 216 210 248 79 84 133 145 183 218 75 155 25 36 47 131 99 22 106 19 57 35 97 39 46 247
187 58 108 67 165 245 100 134 153 50 4 174 18 62 161 181 124 171 143 250 93 197 188 167 5 241 196 135 44 140 28 22 175 14 89 242 213 15 248 103 78 71 125 239 162 149 178 147 80 88 61 225 66 200 228 158 160 129 183 35 190 43 234 77 243 235 37 179 136 172 191 34 198 208 74 31 218 121 110 87 137 53 205 7 49 192 46 132 221 59 212 180 141 145 203 47 54 139 127 126 26 57 115 29 69 25 16 209 247 246 173 95 23 182 155 81 1 19 41 107 230 201 86 206 233 194 24 6 138 10 189 207 27 38 56 73 104 184 220 55 215 216 227 219 91 64 177 157 3 240 79 97 72 146 101 21 90 151 195 76 11 238 204 96 152 142 82 119 9 42 168 94 236 85 185 148 193 102 2 106 36 84 52 217 122 229 105 150 214 154 63 92 48 159 30 32 60 210 120 130 99 176 116 40 164 156 13 223 98 163 20 45 222 112 111 51 17 12 68 237 117 199 166 109 232 133 113 231 226 128 244 211 186 39 65 118 83 144 202 114 8 131 75 70 123 169 249 170 33 224
7 129 230 216 70 103 218 92 32 120 157 145 127 51 21 232 133 140 98 80 39 228 217 100 194 190 204 123 215 213 197 147 91 198 101 239 191 220 46 15 10 78 219 81 167 41 43 112 126 25 177 62 249 105 102 143 97 117 106 74 119 209 130 75 199 202 68 24 237 135 187 115 30 64 27 174 225 107 67 170 222 182 83 111 206 236 226 8 235 132 42 148 36 238 60 195 40 13 63 29 52 22 124 248 134 153 114 244 23 210 188 76 122 9 110 65 176 14 99 50 104 35 1 193 128 183 212 185 159 66 86 142 19 178 173 165 229 205 189 3 136 57 49 250 5 77 55 116 231 93 137 47 89 161 245 26 31 240 69 246 211 152 146 37 175 11 72 243 6 16 108 169 179 192 82 96 162 242 163 121 48 53 59 87 84 227 184 88 38 181 151 138 203 158 166 28 156 71 154 44 224 208 95 85 33 58 150 149 73 45 139 241 54 79 221 214 141 247 94 18 168 131 207 234 56 171 113 20 196 172 118 125 155 61 200 17 186 223 4 144 109 34 2 233 12 180 90 201 160 164
56 158 38 220 68 229 110 112 101 218 219 22 102 39 32 136 105 41 80 214 151 57 165 45 106 46 50 169 61 75 13 181 104 217 230 133 237 159 145 157 196 43 226 16 204 35 18 182 177 66 55 160 4 242 5 90 78 199 162 29 146 245 117 173 98 92 213 193 42 176 156 63 186 115 44 185 170 21 62 99 153 155 150 37 74 15 148 167 208 215 144 163 161 100 52 195 51 122 143 201 200 53 147 174 142 86 205 119 120 34 108 211 77 152 109 125 134 24 33 137 107 93 225 139 194 222 126 223 96 180 141 88 206 54 47 95 233 243 89 154 135 235 6 118 20 187 221 9 164 209 171 26 124 175 210 82 31 129 27 246 113 178 17 191 59 207 36 83 197 244 121 114 28 198 49 85 130 76 40 48 1 179 79 188 140 116 58 250 128 172 14 11 190 103 203 227 132 19 138 240 127 67 10 81 216 97 91 69 72 123 192 241 239 189 73 23 30 7 232 65 94 228 8 70 64 3 183 224 231 238 12 71 212 247 131 249 149 184 248 84 236 111 87 234 202 25 166 2 60 168
156 86 172 208 73 1 57 119 229 142 181 90 236 135 131 53 245 62 3 153 2 87 114 38 58 54 101 178 217 92 34 74 149 113 25 201 221 219 42 240 246 10 19 196 30 220 83 171 205 179 77 110 233 195 122 218 151 127 209 13 204 89 165 126 242 120 212 141 134 32 157 99 14 223 61 5 16 130 207 185 75 248 237 71 213 121 78 67 125 230 224 28 100 166 39 64 146 186 180 154 150 187 161 162 197 173 192 200 20 249 59 235 8 72 198 194 132 81 69 97 111 129 164 193 124 36 24 250 7 105 148 84 23 167 145 43 115 155 70 214 76 128 44 35 139 33 12 203 182 48 95 159 118 27 215 238 41 49 9 18 231 104 123 98 11 4 37 206 225 144 108 106 68 60 93 112 163 96 88 109 136 46 183 158 174 40 188 31 21 243 80 85 239 199 51 82 175 184 176 189 140 191 107 222 137 117 56 63 103 152 190 17 15 241 147 232 22 55 168 234 170 227 247 210 211 52 102 66 160 216 50 143 65 6 133 79 94 26 29 202 116 177 226 47 169 91 45 228 244 138
152 224 150 142 76 73 230 200 248 27 29 40 221 53 237 148 24 103 137 14 113 203 35 60 177 54 17 117 178 121 114 104 92 33 129 8 119 34 109 213 37 81 120 169 188 31 78 193 45 180 207 105 216 176 170 44 235 231 90 46 118 75 23 16 174 173 225 41 238 86 189 122 134 163 79 250 149 165 96 172 185 47 139 210 126 164 58 220 222 154 65 6 97 50 67 155 157 62 38 100 3 206 168 70 151 232 71 5 215 42 82 179 156 26 64 15 87 147 171 236 30 19 209 66 32 249 218 127 227 52 91 141 95 226 159 228 59 135 161 124 83 61 212 240 219 9 136 192 190 55 243 128 77 184 116 13 187 102 108 205 51 160 183 106 214 98 196 186 72 229 175 132 199 233 89 28 244 115 18 111 131 208 239 130 241 242 99 85 245 22 234 247 123 197 48 194 56 107 25 69 146 144 84 11 204 110 140 198 201 2 166 68 12 88 10 39 167 80 43 4 191 94 74 21 63 138 101 93 162 125 112 133 223 211 182 7 181 246 36 153 143 57 202 158 20 1 195 217 49 145
142 36 174 26 184 77 51 13 94 138 80 129 200 168 33 71 28 65 58 117 242 38 47 84 97 70 158 202 249 4 218 236 201 243 203 207 216 228 145 173 181 82 214 163 105 141 1 193 196 222 111 52 217 19 75 195 140 6 60 54 247 155 204 153 151 7 182 169 45 244 81 167 29 14 128 121 233 89 49 107 124 197 133 21 79 150 69 175 209 61 219 127 64 240 139 132 44 48 113 250 234 40 12 164 171 66 152 53 199 178 34 67 108 41 103 5 101 170 180 223 27 212 229 72 93 159 156 227 176 115 226 210 99 146 35 185 161 194 165 143 42 179 147 215 120 183 224 96 148 220 110 88 63 104 30 109 198 230 39 73 137 68 122 162 112 24 131 55 78 191 190 98 189 237 20 102 87 8 31 221 18 186 160 95 241 11 114 57 225 211 10 154 130 90 22 83 92 208 85 17 239 46 56 238 126 91 149 248 188 86 136 23 16 245 106 166 100 43 37 74 59 232 125 32 3 246 205 144 76 9 187 116 119 50 213 235 118 192 172 2 157 231 206 62 123 135 15 134 25 177
216 69 125 84 138 42 88 29 66 26 207 201 189 23 164 25 180 72 209 163 9 122 147 15 237 71 79 39 145 5 63 151 210 228 200 78 17 20 65 49 44 105 155 225 130 135 36 38 83 245 177 199 244 133 103 141 117 229 239 54 27 181 198 153 250 187 166 195 99 32 104 128 97 132 159 61 110 234 219 148 35 217 226 118 7 86 112 176 100 169 109 246 205 62 40 144 142 96 77 8 126 111 21 223 156 204 221 3 224 30 194 150 119 162 76 161 173 73 46 134 172 168 208 58 243 2 51 182 233 154 140 115 203 129 43 22 149 114 171 6 53 80 24 108 52 249 240 212 19 50 227 1 213 10 68 230 56 85 31 59 235 188 67 206 124 146 202 121 214 184 102 127 101 34 87 33 11 158 113 165 18 192 231 90 28 137 13 107 248 75 139 167 186 174 16 160 193 64 57 98 48 123 55 131 120 218 89 45 222 236 185 74 197 241 238 94 12 92 82 91 152 220 191 211 41 179 47 93 116 157 196 60 106 215 175 242 81 190 4 70 95 232 143 178 136 37 247 170 14 183
1 184 87 177 160 243 194 183 146 204 33 198 110 133 111 73 16 199 245 44 98 63 60 221 190 130 157 226 206 14 224 47 22 120 125 239 13 30 149 77 55 17 136 83 91 52 151 118 80 181 121 222 88 232 107 3 15 192 57 112 179 138 49 61 24 148 140 144 123 43 84 205 195 169 97 139 176 170 68 62 41 11 220 153 155 32 216 89 18 241 180 102 94 129 106 202 143 35 211 56 247 101 158 53 244 74 191 48 100 131 86 178 203 163 34 132 246 72 159 40 218 142 249 66 36 82 26 134 76 214 114 20 248 21 225 147 135 95 119 64 238 117 234 228 69 115 175 231 104 67 70 27 126 28 229 4 162 242 51 185 197 186 29 75 78 113 7 10 236 141 233 164 127 223 50 109 81 9 213 79 182 215 58 103 92 208 19 152 25 65 23 39 156 189 5 210 128 46 42 193 93 85 200 240 212 237 217 174 171 38 6 172 37 96 209 165 105 173 219 124 207 108 227 137 154 167 99 230 59 166 201 116 31 161 150 12 250 2 45 188 145 90 168 71 54 235 8 122 187 196
197 30 223 146 96 24 152 37 44 28 123 229 56 61 41 50 192 221 91 64 216 184 132 67 45 36 240 86 22 8 124 245 235 186 19 27 227 18 207 130 23 26 133 226 190 163 224 169 230 217 6 215 29 175 148 180 128 250 156 179 161 101 100 93 106 150 247 72 118 129 43 203 171 66 225 5 74 53 92 232 137 116 147 122 189 83 219 20 97 40 208 244 31 205 200 145 16 170 220 110 98 125 39 108 234 134 249 141 58 139 119 88 38 76 241 17 198 77 113 142 158 70 172 1 211 121 71 140 151 193 109 63 104 7 55 248 3 90 196 212 194 82 60 114 242 157 94 135 84 73 178 182 162 209 10 9 181 112 81 185 176 238 228 42 160 177 153 183 89 131 159 231 48 14 107 111 243 191 33 21 47 12 62 144 49 35 206 117 52 210 34 149 187 57 59 79 188 54 115 199 237 103 65 218 120 2 154 173 78 75 51 202 126 99 11 13 102 246 32 167 136 214 213 15 87 4 25 239 138 80 143 105 85 222 233 69 46 165 164 236 204 68 168 95 201 155 174 195 166 127
158 22 220 57 241 23 31 29 203 237 133 64 168 65 165 119 54 141 17 37 117 235 195 163 90 191 246 13 40 106 132 179 249 98 3 171 88 30 175 196 172 76 100 188 202 123 245 104 115 118 159 207 47 243 169 2 63 70 184 89 73 167 59 148 150 143 72 157 45 194 174 84 42 34 178 177 201 127 97 33 5 67 206 216 25 108 149 155 204 208 247 109 36 32 215 95 240 145 234 19 238 26 121 211 49 166 154 46 225 185 231 60 224 210 214 242 107 74 4 187 183 239 21 227 156 199 212 11 71 102 9 162 213 51 12 189 27 113 77 41 146 128 94 126 92 180 228 7 58 87 192 230 81 125 182 105 112 101 99 85 43 236 120 91 135 181 50 86 221 161 233 28 176 93 18 35 129 52 190 20 6 61 147 137 142 248 55 110 134 131 66 200 209 186 130 197 229 222 218 205 122 124 226 232 68 151 140 39 24 10 103 16 160 138 193 111 153 219 198 78 173 75 48 223 62 83 217 14 114 38 139 96 1 56 53 79 44 244 80 152 82 144 8 116 15 69 250 164 136 170
244 231 16 12 79 237 152 185 155 213 212 30 43 52 42 122 192 225 138 19 214 143 150 36 188 242 85 121 32 164 235 233 38 7 77 240 40 189 56 132 127 55 144 135 116 9 197 41 131 219 84 18 22 14 96 29 117 159 216 170 90 17 106 54 5 103 133 109 37 71 137 177 100 208 112 45 200 108 247 6 72 82 91 183 245 107 187 15 124 241 158 139 13 224 64 149 92 207 93 238 4 209 160 178 181 99 81 161 78 167 153 70 157 184 193 129 67 140 173 118 53 113 243 171 48 58 31 246 211 46 229 21 34 8 223 73 141 176 74 217 83 156 65 142 50 221 195 125 3 204 198 35 248 110 75 44 222 76 115 215 218 220 123 69 1 182 59 80 203 128 186 87 147 23 165 11 136 25 134 206 201 27 105 2 172 101 39 169 234 194 174 24 111 66 104 49 47 102 230 63 162 179 61 249 250 119 98 10 199 232 236 51 154 126 60 20 62 114 57 180 226 228 163 202 146 227 196 33 26 210 97 95 148 120 175 239 68 191 190 86 166 145 88 130 205 151 28 89 94 168
100 124 91 195 66 198 51 213 170 17 184 235 162 150 194 62 146 220 241 187 49 169 140 135 221 159 58 113 127 179 78 232 92 1 20 242 166 233 80 202 111 117 141 126 246 105 83 67 130 240 43 13 110 132 163 207 106 115 227 238 234 171 50 155 56 29 200 27 245 143 188 42 18 82 54 103 182 243 63 55 229 64 224 41 114 52 87 97 112 149 60 216 139 218 53 120 212 30 74 201 153 222 119 134 176 192 35 22 46 152 148 28 244 178 226 90 133 95 174 180 175 81 36 215 40 160 131 7 14 230 19 161 203 193 217 122 147 142 59 185 219 204 225 247 76 151 239 4 75 206 68 37 70 8 199 210 228 189 158 44 84 125 33 88 156 190 116 236 214 11 94 183 154 197 16 71 121 231 45 86 5 118 38 98 168 211 96 65 47 186 101 26 196 93 205 6 107 164 89 177 23 77 129 173 108 102 34 21 10 12 209 25 61 72 31 123 145 109 137 138 2 223 85 167 191 73 32 48 250 128 69 39 24 144 15 172 9 249 208 136 57 248 104 3 165 181 79 99 157 237
175 176 8 116 47 123 134 244 33 211 35 163 141 104 138 137 88 135 128 70 189 209 212 143 62 246 208 52 186 75 187 207 174 132 232 131 45 140 114 192 180 249 67 185 24 32 184 227 110 203 154 145 225 76 40 112 247 183 66 201 190 85 101 49 91 235 77 164 17 126 55 3 37 121 142 39 162 57 98 29 240 129 231 248 38 23 18 223 15 106 202 159 222 53 156 10 182 54 9 103 4 199 181 108 173 152 124 213 12 80 1 73 238 146 125 198 60 92 169 160 5 43 68 215 7 239 41 195 237 100 191 50 34 171 136 219 226 157 204 168 233 245 84 86 61 11 19 230 234 148 26 228 28 161 46 51 144 151 149 74 172 120 64 178 95 117 216 48 105 99 94 200 179 71 115 93 236 14 229 58 122 87 63 150 197 36 177 130 241 56 250 188 242 166 16 206 243 69 6 153 214 25 22 13 205 165 196 218 113 27 139 224 30 217 59 133 167 210 107 109 83 170 81 89 78 31 2 155 102 97 221 158 194 220 119 127 72 42 90 65 79 111 20 118 44 147 193 21 96 82
164 186 141 170 79 194 211 69 247 157 139 160 163 124 62 129 119 39 71 108 172 184 106 190 162 50 236 177 111 110 249 25 80 8 185 135 60 189 201 234 20 37 47 34 61 100 63 1 210 48 166 51 105 88 90 138 84 118 207 93 182 235 46 156 147 142 213 117 223 145 228 13 173 15 94 191 81 192 243 229 179 17 175 32 116 112 122 198 3 33 200 36 40 82 43 68 171 99 19 218 225 16 123 244 158 143 67 206 161 9 44 169 246 152 74 10 250 86 153 128 83 23 144 85 197 214 64 107 52 199 168 187 195 58 212 87 75 92 136 21 183 126 165 202 241 41 227 96 56 239 35 148 146 248 220 188 38 109 55 204 6 57 14 193 178 226 97 176 101 5 245 159 78 154 59 150 49 224 66 95 208 30 125 18 27 31 133 65 134 219 45 29 53 28 76 217 209 231 132 167 77 215 137 73 238 140 72 216 151 181 103 102 221 149 155 54 114 180 240 196 222 91 12 98 237 2 4 203 127 232 120 242 11 233 205 131 24 113 70 104 174 115 42 230 26 130 121 22 7 89
39 206 65 176 53 83 239 243 72 80 112 54 71 95 196 171 107 109 11 151 221 149 219 158 229 56 110 177 87 33 68 230 139 75 120 132 58 167 20 52 228 248 134 13 182 127 161 111 250 225 150 216 234 169 237 133 159 40 69 147 141 212 78 180 184 201 121 125 8 126 105 55 17 1 96 222 246 16 76 90 21 136 224 45 62 194 42 73 43 175 241 115 179 209 124 143 187 27 162 28 173 242 128 94 223 44 85 172 9 88 148 98 186 113 81 200 116 236 238 198 185 15 101 30 160 32 157 214 152 12 153 2 217 183 123 142 118 231 164 4 25 199 38 86 247 233 34 108 6 31 99 102 66 191 61 18 168 210 192 166 190 131 203 5 91 140 35 106 195 213 181 26 145 47 193 207 77 174 41 63 165 146 138 84 37 49 154 215 129 46 170 245 92 89 155 220 232 22 119 59 249 227 218 3 235 197 74 70 208 93 97 244 204 137 64 51 205 188 24 163 7 240 226 144 50 211 19 114 82 122 202 23 10 100 14 67 60 135 104 57 156 117 103 79 189 29 130 178 48 36
69 203 55 250 104 56 194 33 74 200 131 242 134 201 230 247 98 103 214 26 43 89 120 234 173 136 11 85 149 204 17 187 4 51 76 46 58 209 154 153 81 195 141 144 66 166 114 172 111 132 145 100 138 7 50 126 29 137 10 150 181 64 87 22 18 186 44 146 91 2 99 169 107 27 246 65 140 77 218 211 184 168 60 124 28 135 161 189 227 237 112 113 174 229 239 191 15 178 3 39 215 25 249 19 182 36 220 122 193 102 232 210 86 35 228 63 118 67 62 30 71 236 225 192 47 12 52 206 70 42 197 156 95 14 45 31 238 223 110 243 179 240 72 248 37 196 202 208 61 40 97 148 48 157 9 130 231 57 129 222 180 5 79 224 117 213 217 105 82 185 198 94 127 53 116 133 41 245 175 177 176 151 115 106 90 123 121 142 108 139 54 20 101 205 32 24 235 167 152 21 190 80 96 188 160 23 73 233 159 92 183 216 34 244 49 78 59 226 8 171 125 128 38 163 147 165 1 93 199 155 119 75 221 170 109 83 6 207 13 164 68 88 241 212 219 143 84 158 16 162
142 244 176 104 61 245 124 241 144 41 54 230 217 226 52 165 120 59 34 98 25 238 196 115 35 179 5 207 169 232 135 185 162 152 107 242 209 248 158 65 17 74 73 129 88 29 12 93 224 139 249 11 118 2 99 206 154 82 36 204 250 192 161 116 175 102 10 130 1 134 9 237 155 31 171 76 243 210 170 140 215 62 164 190 64 111 208 39 90 13 37 44 19 45 6 229 122 212 69 220 24 49 48 53 23 85 146 117 148 71 16 26 110 218 30 136 216 78 246 225 7 181 168 180 105 187 240 3 68 126 43 22 177 141 33 211 183 18 236 40 182 4 38 151 92 160 219 128 8 188 166 145 91 21 83 60 109 127 203 84 193 186 133 77 55 80 42 213 131 174 227 95 200 234 57 67 101 32 201 81 157 195 235 233 153 223 222 112 191 63 70 228 150 72 106 137 247 147 14 51 149 214 202 66 46 28 156 178 114 221 159 198 231 79 205 143 121 172 100 119 89 184 75 103 47 97 20 56 123 27 132 58 125 50 138 163 87 96 197 189 167 173 94 239 15 113 108 199 194 86
96 30 72 1 42 78 139 123 140 102 127 234 168 6 246 74 121 37 114 104 135 239 76 19 215 154 59 111 214 63 10 45 91 249 218 178 108 148 179 185 82 229 129 67 173 17 244 4 203 113 236 97 228 35 54 238 11 191 39 58 57 223 194 227 75 162 98 36 29 46 237 167 172 24 155 88 235 107 207 183 65 116 81 166 79 205 209 105 92 73 188 13 193 143 122 174 137 106 50 224 103 242 231 152 200 23 150 189 226 119 51 2 192 248 84 217 93 130 55 197 5 3 89 9 141 49 68 15 136 199 187 182 177 220 8 171 126 142 32 161 40 144 157 100 221 206 175 21 216 146 48 241 149 138 196 134 14 60 118 190 86 64 219 184 210 204 109 250 208 159 181 83 115 153 71 43 101 77 160 38 125 212 170 16 128 69 211 44 20 61 34 151 133 18 165 66 31 213 222 201 95 26 158 56 47 232 169 28 22 240 7 164 117 132 120 33 112 110 124 80 87 245 99 94 233 180 202 25 52 176 147 62 27 85 53 41 90 70 247 195 163 243 198 186 12 156 131 230 225 145
39 18 94 8 183 165 238 107 204 202 57 164 122 22 84 209 250 55 148 112 224 215 48 74 96 196 162 109 85 213 66 34 113 229 101 13 154 71 208 7 247 158 227 123 237 12 190 143 78 236 50 67 92 174 220 203 62 207 186 240 182 153 177 105 178 133 141 97 86 170 29 77 32 116 216 206 157 218 145 180 79 88 135 226 185 197 80 136 111 108 151 87 27 20 175 163 125 83 219 95 146 91 191 129 160 126 214 127 159 28 49 19 40 244 98 130 31 121 99 76 134 51 205 187 115 36 168 181 246 38 93 156 3 189 75 119 10 231 221 192 223 117 179 70 137 4 52 69 9 63 249 149 155 211 5 217 53 150 128 132 243 25 102 90 138 59 210 242 42 23 188 245 193 106 167 169 198 184 41 118 89 68 45 15 234 16 147 21 195 212 139 103 131 199 44 233 161 200 60 58 222 173 114 110 65 228 232 201 54 142 152 241 33 56 171 120 1 81 235 64 61 26 176 73 82 30 144 37 100 24 172 14 6 140 72 35 194 17 124 239 43 248 104 46 225 11 2 166 47 230
102 152 21 81 202 12 137 220 49 140 239 245 43 212 186 113 92 63 233 241 237 110 33 189 153 121 147 20 78 125 74 118 61 46 41 192 26 3 200 180 224 64 84 230 156 13 248 103 201 133 101 36 114 120 246 10 32 109 250 127 9 225 249 158 22 209 128 52 95 16 154 199 75 6 39 142 181 184 218 146 157 99 238 68 240 30 23 40 242 172 1 100 229 25 236 191 48 83 183 145 235 55 5 228 82 130 89 86 165 44 123 24 72 57 167 135 211 8 175 203 124 149 214 213 210 185 119 2 56 144 15 116 60 87 28 62 226 215 139 38 187 223 105 134 194 104 129 37 29 58 70 188 197 170 53 221 206 198 97 45 161 69 73 50 138 76 66 193 143 148 195 166 205 17 190 151 196 207 179 106 51 162 96 108 169 35 4 176 107 131 27 126 231 19 232 42 54 59 177 47 217 160 117 122 91 222 219 79 164 11 18 168 34 178 67 88 247 163 141 31 85 65 14 173 98 90 227 208 155 159 93 94 204 244 115 171 111 174 136 112 71 243 216 182 7 77 150 80 234 132
81 38 132 225 50 184 122 27 182 98 68 126 108 84 131 35 239 235 203 93 153 195 16 179 75 234 54 228 163 174 33 247 80 110 29 208 161 59 18 134 212 72 34 222 218 197 158 124 121 9 209 92 176 151 168 55 77 130 200 244 42 112 224 87 129 8 57 89 49 148 63 20 15 107 192 96 90 190 191 19 194 171 226 86 61 181 173 41 138 104 101 156 175 155 123 82 220 165 17 127 199 178 170 118 246 53 164 207 249 69 149 133 189 12 24 73 143 40 210 160 196 102 187 64 154 186 66 162 177 120 128 1 6 125 51 231 28 52 105 193 111 206 5 119 100 215 103 240 236 99 139 71 242 94 116 180 140 167 232 14 43 157 237 7 23 211 150 185 245 229 241 30 205 202 2 37 70 97 88 188 136 21 230 58 117 159 26 36 85 198 13 145 113 183 44 78 219 250 67 221 238 141 213 95 45 11 109 216 172 74 22 169 56 147 227 243 76 83 3 248 48 135 201 223 115 79 32 152 233 60 214 204 46 166 31 65 10 47 142 4 106 217 114 25 137 146 91 39 62 144
110 121 12 42 196 157 235 53 126 15 233 79 83 185 74 16 86 246 44 80 1 99 244 140 109 143 76 169 158 236 50 13 88 193 231 113 223 14 170 241 89 132 48 238 176 136 21 95 96 52 75 60 125 153 33 162 87 175 139 59 145 137 31 187 184 61 189 245 160 100 92 127 152 191 47 237 71 211 205 209 108 55 85 188 155 135 19 213 105 200 204 141 25 168 224 73 35 177 49 91 138 112 150 104 147 124 4 215 29 202 23 216 210 22 221 159 64 144 181 119 77 24 197 93 148 131 65 173 248 208 163 66 220 146 37 142 10 183 151 229 250 228 218 6 114 63 11 243 94 43 225 212 62 7 166 2 69 149 38 199 111 195 106 82 178 214 8 98 180 3 58 36 45 194 201 129 72 219 190 128 156 123 133 192 242 234 249 167 101 9 56 247 103 161 27 107 18 120 198 240 102 239 179 206 39 227 164 116 117 172 26 134 40 32 46 78 67 154 34 226 28 68 90 207 122 30 230 217 70 57 51 17 186 115 130 222 203 182 97 232 5 174 84 20 118 81 41 165 171 54
164 149 158 204 54 3 181 68 174 109 23 215 177 108 86 152 241 36 114 18 193 121 111 168 244 49 24 246 98 186 212 39 227 83 242 38 228 120 2 6 130 200 235 93 178 190 46 142 106 180 19 47 77 75 231 100 13 58 248 21 66 175 5 195 205 42 90 89 247 96 133 67 128 137 132 104 8 167 169 115 188 29 245 25 1 102 126 45 30 40 240 229 146 65 151 136 95 63 50 184 197 202 76 138 16 209 220 43 234 144 51 88 185 37 81 155 232 129 14 60 118 27 221 85 198 70 4 103 211 20 196 166 217 250 124 79 110 28 157 171 55 117 173 12 179 71 139 156 26 210 154 214 233 64 80 32 107 243 99 78 44 112 213 53 10 127 216 59 125 189 199 176 84 192 237 222 223 52 48 11 153 206 230 182 41 162 74 87 163 148 73 33 56 183 140 147 9 160 134 236 61 170 94 226 207 97 123 101 15 92 203 69 31 82 116 105 34 62 225 224 191 172 201 249 159 150 7 91 35 238 22 17 239 135 143 145 119 72 194 218 141 165 219 113 57 131 187 122 208 161
162 11 167 224 214 245 174 189 231 25 57 234 232 152 15 109 96 73 100 212 226 172 202 242 160 170 31 182 140 192 153 147 18 91 136 186 210 238 38 132 196 29 62 201 240 229 64 23 219 230 139 92 197 168 116 148 9 164 179 87 19 215 60 122 42 80 233 198 59 163 125 129 246 131 208 76 105 45 2 4 117 7 66 142 228 14 71 3 159 85 30 40 13 248 41 48 143 89 74 220 112 88 227 75 206 12 156 68 145 128 146 137 250 93 5 115 221 200 10 199 28 67 141 216 79 32 65 114 70 8 209 249 178 78 158 56 243 175 166 154 90 111 194 211 99 46 95 35 69 54 123 204 169 44 102 127 149 207 50 81 236 193 33 55 77 235 134 58 195 130 126 82 217 239 51 218 26 36 177 157 94 108 203 24 247 184 72 173 47 161 17 1 49 61 98 187 155 83 165 205 144 86 107 121 150 188 22 185 6 118 237 183 37 244 21 110 101 222 97 133 84 103 120 43 63 104 171 34 180 181 113 225 124 176 16 27 223 151 213 119 39 106 138 135 190 20 241 52 53 191
185 166 242 117 180 82 243 10 34 22 71 38 152 159 126 104 211 217 15 96 212 249 207 3 147 175 209 123 80 93 40 221 174 238 127 190 5 120 169 136 24 151 79 165 72 91 47 13 65 201 84 67 203 17 4 42 210 43 186 109 205 102 215 108 234 51 155 119 33 220 163 247 54 194 244 179 59 240 231 225 178 197 250 138 21 189 199 227 158 188 69 196 216 31 213 171 92 150 141 55 154 56 23 29 248 70 204 223 39 94 230 198 160 245 200 11 177 170 162 9 128 99 191 106 144 239 1 195 181 26 45 164 187 114 233 49 2 75 148 161 232 107 125 57 153 12 37 115 121 110 176 101 88 132 241 202 105 236 44 78 30 50 173 118 6 145 74 103 98 142 111 219 246 27 61 97 139 18 66 222 226 90 60 224 112 16 52 131 183 137 172 63 36 86 32 140 25 85 76 182 229 83 133 149 228 48 20 113 235 28 130 58 192 8 146 77 156 14 135 143 237 134 46 68 206 100 167 122 214 95 41 116 89 7 35 129 168 184 53 19 87 73 64 124 208 62 157 193 218 81
97 155 135 5 218 159 228 163 71 179 143 136 195 29 170 86 69 206 59 214 22 111 118 144 223 102 146 213 242 105 73 30 124 138 49 181 219 241 3 43 55 210 187 1 7 137 80 230 114 192 21 14 48 126 182 8 153 162 238 91 83 112 122 54 185 123 34 233 207 81 140 166 243 235 226 31 9 156 188 6 201 11 119 232 52 160 13 18 246 158 239 36 229 16 234 72 100 65 96 205 177 131 191 61 108 189 58 113 183 75 215 51 164 212 178 87 57 28 37 199 227 231 154 115 125 106 89 33 24 46 88 172 161 240 39 42 56 109 94 174 60 173 99 104 32 209 92 204 74 98 117 200 44 82 244 208 101 12 78 236 134 50 194 107 45 224 41 150 168 165 133 151 247 120 103 180 4 184 84 196 26 202 85 70 67 171 2 250 169 190 129 148 132 63 249 167 121 110 23 130 68 216 116 35 139 222 245 47 175 79 64 19 95 152 53 17 90 221 145 176 25 203 141 197 198 76 248 147 93 20 40 10 66 217 127 193 186 157 142 62 225 128 15 220 38 211 149 77 237 27
241 101 109 151 65 164 9 55 78 14 8 155 124 13 195 215 170 236 57 235 211 47 204 225 87 69 103 149 150 206 142 210 141 248 90 122 230 107 247 49 121 92 250 75 178 128 96 139 205 219 81 207 137 231 99 169 120 187 156 163 200 183 193 77 232 52 41 218 162 177 144 217 242 73 152 61 172 16 184 56 145 7 43 111 64 154 188 118 1 66 160 58 147 182 102 159 6 192 112 34 131 203 161 221 167 24 113 74 234 94 233 249 30 79 84 198 201 171 17 2 54 36 106 191 105 72 97 40 11 186 71 166 228 175 25 31 27 93 53 240 108 119 196 237 33 114 229 62 83 115 19 246 180 39 32 60 245 136 216 138 127 116 157 110 208 130 80 125 134 51 148 129 179 42 98 23 135 173 220 199 88 95 243 76 44 22 176 181 38 213 37 12 21 132 209 89 50 227 214 35 224 20 29 5 26 45 239 59 212 190 222 10 223 140 117 165 168 18 146 197 194 91 86 15 244 67 123 174 4 238 70 100 226 153 68 63 185 3 46 189 143 48 82 133 28 158 202 104 85 126
116 36 104 247 15 207 98 168 178 30 61 192 29 222 147 114 10 28 206 197 123 27 237 136 160 117 200 62 16 91 18 21 148 171 131 96 211 24 102 208 234 167 94 42 226 59 185 14 180 191 143 138 134 4 213 161 48 248 216 26 57 32 126 140 106 249 218 101 236 144 184 50 149 55 40 204 31 142 80 245 188 238 145 119 128 166 179 51 20 152 19 209 7 45 212 220 195 157 41 162 93 235 105 120 135 76 60 72 86 54 241 156 246 2 132 53 159 175 231 87 233 81 151 108 83 202 35 133 65 189 64 63 46 73 239 172 158 109 227 164 112 107 111 37 214 78 124 71 186 196 25 44 230 68 219 198 176 210 70 130 154 52 221 89 100 153 169 9 229 139 165 137 3 11 6 224 163 232 47 66 82 77 115 92 34 79 228 146 43 193 199 242 13 215 223 103 23 203 90 22 122 75 85 39 205 49 201 127 88 177 225 121 12 125 194 170 5 110 155 58 183 190 74 67 17 243 182 240 8 141 56 181 97 118 217 1 187 113 250 69 129 173 84 150 99 95 38 244 33 174
30 98 110 46 96 34 208 93 172 109 59 27 134 232 237 222 150 3 190 191 94 149 133 63 214 167 115 122 181 22 202 219 51 58 29 196 174 242 44 61 248 125 76 236 180 45 121 7 65 224 102 48 210 131 235 79 23 28 50 111 124 225 16 173 185 239 162 17 216 217 126 166 69 85 71 62 103 107 18 136 64 70 175 188 148 127 130 67 20 9 38 123 186 183 250 165 206 80 15 238 60 244 193 152 8 40 25 120 99 211 200 197 13 247 4 182 163 39 83 153 204 231 36 158 227 24 100 52 192 230 106 5 84 143 145 189 151 97 234 42 82 240 203 6 218 249 164 209 194 144 142 201 243 112 2 108 114 212 138 169 156 117 178 87 104 159 221 128 73 213 49 35 184 147 245 137 198 86 19 88 47 170 57 223 177 14 32 228 241 53 89 179 74 91 41 56 205 78 176 81 220 215 116 113 90 154 33 139 92 155 226 72 160 95 21 207 199 146 135 101 187 229 31 246 195 119 11 233 157 12 105 75 141 129 55 1 168 161 54 10 26 140 132 68 43 118 171 66 37 77
205 243 139 117 169 135 110 123 65 58 239 133 109 54 220 127 85 116 30 31 4 98 157 55 160 107 114 189 210 68 26 190 49 16 8 155 57 201 101 56 198 237 87 21 77 178 163 199 18 46 73 173 236 128 149 238 63 125 215 39 246 231 23 164 14 242 131 195 234 29 206 228 89 47 184 158 240 105 250 104 111 53 93 153 95 233 146 88 188 168 74 67 208 86 22 82 69 180 227 32 33 84 142 40 38 202 103 118 204 119 96 150 162 19 229 72 9 10 1 5 185 192 226 209 79 244 151 222 179 187 97 175 197 129 25 108 223 124 36 112 216 83 66 115 15 200 13 213 218 245 17 100 230 60 130 214 48 120 106 232 219 76 20 64 132 152 99 140 50 75 171 182 154 121 191 235 2 34 159 43 138 148 102 172 247 211 181 170 59 145 137 42 126 143 203 37 166 136 70 35 156 12 91 167 6 161 92 174 141 186 62 90 249 224 147 51 3 7 71 122 78 45 212 134 217 183 113 61 44 165 248 196 176 177 41 27 28 24 241 11 94 194 144 52 225 207 81 80 193 221
173 236 195 225 154 72 247 107 187 184 157 39 222 1 116 81 85 4 103 150 52 58 125 33 45 196 193 67 203 177 179 59 182 134 159 31 99 223 183 160 114 84 180 44 226 63 32 28 7 242 79 190 153 176 65 120 200 250 174 198 11 216 232 142 70 209 130 102 110 5 78 230 100 228 97 136 244 117 13 122 80 166 220 46 22 145 29 133 149 50 25 245 139 21 30 90 126 12 210 158 199 235 96 121 112 119 129 151 132 138 205 233 178 105 147 6 237 73 20 18 16 26 47 189 86 191 57 219 113 217 14 94 168 167 161 164 87 128 61 155 234 140 141 51 54 15 143 248 152 243 93 76 111 240 156 135 48 123 214 185 2 19 207 218 69 201 211 53 118 104 60 229 239 36 208 88 202 83 71 162 74 227 40 241 171 109 43 144 137 106 181 206 197 89 127 148 42 146 24 246 221 175 204 213 68 224 249 194 62 35 55 163 38 34 56 186 101 66 212 41 77 115 75 23 124 98 92 188 27 37 108 3 91 215 238 170 131 64 192 172 49 9 82 10 165 17 231 8 95 169
186 149 148 105 200 126 59 188 68 150 111 140 6 7 210 192 79 155 133 243 62 18 182 108 83 64 47 3 202 106 240 193 29 160 209 194 247 94 110 63 204 14 195 42 229 20 167 54 129 132 25 96 27 134 152 230 109 226 28 107 51 45 208 234 219 1 231 74 78 33 52 31 81 131 245 98 8 161 57 228 30 86 84 213 201 49 211 222 39 34 26 87 183 173 227 10 216 89 103 80 97 92 67 139 122 196 17 15 4 147 99 221 48 61 16 179 56 35 53 157 40 13 137 158 237 175 190 203 144 170 113 223 212 82 22 19 119 178 60 112 104 238 43 128 50 162 77 191 11 166 9 37 69 250 2 75 214 215 159 225 207 76 125 58 138 199 5 66 244 124 23 171 154 141 168 233 206 205 36 100 120 85 32 239 163 121 95 73 164 72 248 116 44 246 136 176 41 177 115 156 70 71 218 241 135 55 91 46 165 21 242 187 151 101 118 117 181 146 24 93 197 114 189 217 143 236 232 130 169 142 88 184 102 198 235 153 90 185 12 220 172 180 174 38 123 145 224 127 65 249
205 87 69 25 157 89 146 63 184 27 179 234 103 175 171 68 141 203 246 57 121 194 41 159 6 77 235 20 243 142 119 147 212 58 92 112 196 7 204 131 158 45 138 108 143 124 54 163 23 167 155 91 22 185 128 53 218 154 98 210 107 75 50 132 133 21 36 201 114 44 197 82 37 125 43 76 18 117 242 136 74 33 46 221 12 237 199 130 178 189 5 170 206 153 71 85 182 180 123 16 8 137 195 181 88 209 148 116 115 230 81 244 152 11 118 225 231 207 109 164 227 135 245 29 84 247 193 233 65 42 83 2 80 198 1 223 14 47 156 172 217 149 169 24 228 113 222 49 240 166 102 192 219 90 161 64 200 32 214 145 126 34 61 86 226 187 101 59 134 19 177 26 173 28 174 35 150 215 17 176 52 105 94 100 160 66 144 67 248 202 30 99 208 168 120 224 165 140 239 9 48 31 232 97 10 151 238 79 122 73 15 72 62 96 60 110 249 106 51 40 186 95 183 93 78 190 127 241 213 56 216 70 104 236 129 162 4 211 191 38 13 139 220 250 188 55 39 229 3 111
236 51 16 31 58 68 128 127 218 144 199 17 188 160 147 26 249 53 52 162 129 74 122 192 62 100 105 167 10 132 111 165 34 94 8 44 202 13 184 221 241 156 206 24 177 168 139 237 176 63 39 5 1 161 36 212 125 35 193 60 4 169 137 32 209 99 138 152 198 181 92 80 230 103 189 196 47 146 93 185 76 178 248 234 194 115 46 88 117 163 71 56 48 232 142 22 57 175 69 216 126 61 229 149 197 247 124 6 245 21 108 97 28 186 66 30 235 227 135 113 59 131 82 158 90 101 136 134 141 219 180 72 157 140 150 231 145 187 67 172 78 191 207 73 174 116 223 3 118 201 153 208 143 123 7 23 243 215 19 38 154 84 27 12 91 2 9 244 54 70 64 238 50 14 15 107 242 228 102 55 121 86 195 75 211 40 37 43 96 83 114 65 119 20 224 182 148 210 87 220 25 240 190 45 155 170 164 42 81 110 89 225 171 79 166 213 205 183 95 41 98 112 133 11 130 214 233 159 173 18 77 250 151 179 222 204 217 203 109 239 200 246 49 29 85 120 33 106 226 104
22 100 83 136 146 80 215 167 36 227 238 250 49 210 1 207 53 135 55 152 179 109 59 143 212 72 218 121 232 142 39 68 149 104 97 96 236 101 209 237 66 116 118 95 216 219 141 102 13 61 18 7 182 114 37 17 110 10 43 213 79 130 81 242 204 217 226 192 159 78 247 128 241 63 51 234 197 126 23 133 86 169 62 176 125 70 211 195 57 134 164 30 33 124 99 231 120 28 75 202 139 44 151 26 98 137 34 153 191 233 145 9 65 67 166 31 6 186 198 105 173 76 25 239 46 115 194 90 103 38 140 82 230 71 64 8 56 221 111 3 208 32 117 161 147 47 240 40 27 127 91 93 122 119 112 88 89 19 222 203 60 132 42 12 235 21 184 205 188 214 41 165 123 77 228 155 113 129 150 174 45 206 11 190 14 157 223 189 107 2 175 94 201 246 220 24 200 181 243 131 185 50 183 85 58 158 87 177 187 249 248 178 144 138 108 20 199 160 92 69 196 163 193 154 54 170 15 74 171 73 52 245 229 172 225 48 5 35 16 29 180 148 84 244 162 224 4 106 156 168
240 139 5 201 37 187 129 59 96 175 144 211 169 128 66 78 119 114 51 50 173 178 26 220 204 123 23 189 138 86 68 227 106 233 209 94 198 38 79 148 156 93 149 246 6 225 46 33 137 83 24 60 70 154 47 10 212 52 208 237 102 72 239 236 89 49 143 118 39 219 90 135 145 42 12 166 228 84 92 190 152 235 199 101 224 34 17 53 88 249 25 121 153 40 164 241 126 116 27 75 18 242 109 232 226 20 191 196 115 216 77 98 110 61 124 57 245 111 14 134 192 244 3 179 122 22 69 74 67 11 21 28 97 136 63 185 35 186 91 205 131 4 76 181 62 151 120 112 15 176 80 44 214 215 13 8 170 250 85 221 172 193 30 147 184 230 238 41 73 202 133 140 161 132 162 125 180 248 158 64 168 210 207 71 223 234 150 222 31 1 45 155 55 9 160 203 194 43 100 36 99 95 103 177 29 58 206 104 182 54 165 167 105 32 65 229 2 48 142 243 127 157 82 188 171 117 130 107 213 231 16 195 183 108 146 159 197 7 56 174 81 247 217 141 200 163 218 19 113 87
9 219 187 14 182 249 224 121 10 209 193 191 49 155 151 40 15 206 41 116 237 43 11 157 109 24 236 93 106 33 94 57 201 107 136 168 13 113 95 156 243 229 162 181 246 128 36 51 160 198 192 117 242 6 125 210 132 92 149 91 208 241 214 183 12 185 147 230 84 31 204 78 244 21 144 97 67 1 161 167 35 137 129 23 200 37 211 27 87 172 146 86 197 232 120 19 99 164 226 68 80 28 66 163 213 5 115 247 2 238 89 42 196 103 48 69 4 22 166 46 142 47 130 127 16 225 202 70 83 17 59 126 98 134 29 231 39 7 60 141 188 108 234 65 228 101 112 248 3 77 165 30 96 71 223 218 32 205 79 176 154 118 88 170 152 75 133 222 153 64 85 44 169 203 180 45 138 82 100 174 63 215 119 131 123 145 207 173 240 110 220 150 124 158 177 148 76 122 58 90 105 189 217 26 8 18 250 178 171 38 159 81 52 74 56 233 190 55 199 195 73 102 114 216 235 184 62 53 25 54 212 179 239 140 139 135 20 186 104 72 143 227 194 245 175 111 50 34 61 221
167 46 60 70 72 77 113 191 59 119 49 51 107 96 53 218 157 196 54 210 178 140 61 222 176 147 41 120 9 27 166 25 43 248 226 7 115 68 236 199 134 16 242 148 230 86 80 152 243 31 24 5 52 179 142 209 246 17 108 135 213 172 122 192 211 50 100 78 234 219 216 203 67 128 79 38 150 123 101 62 98 6 182 175 85 177 187 55 21 22 235 116 225 143 238 194 26 88 220 109 84 195 138 149 8 42 32 229 111 159 231 99 158 153 58 163 73 141 184 136 126 221 165 82 45 206 207 228 14 4 114 118 92 151 250 245 125 15 208 215 183 146 34 94 90 18 204 1 71 249 247 227 173 47 56 76 144 201 91 193 139 127 81 180 44 233 170 28 212 33 131 39 168 57 93 104 190 133 156 214 35 95 162 132 164 161 186 3 154 160 189 202 2 121 12 89 239 145 20 185 23 137 75 217 11 169 37 171 103 240 155 13 102 181 105 40 30 74 200 224 106 29 10 66 83 130 48 19 87 65 64 117 197 198 241 124 232 223 129 237 112 205 63 69 244 97 36 110 174 188
148 194 49 155 231 179 21 114 169 243 239 215 54 107 151 47 167 132 44 139 111 19 208 73 166 181 29 224 159 225 211 209 170 227 7 13 146 90 119 71 133 158 175 140 213 120 57 110 238 31 191 228 43 172 68 5 58 52 46 32 101 20 185 69 242 205 123 195 116 12 245 244 177 190 247 234 14 149 26 92 86 147 219 134 232 112 27 214 246 199 66 36 127 42 70 98 203 40 165 106 171 162 55 30 202 22 196 45 131 201 173 130 221 141 163 207 59 152 157 23 154 87 95 124 65 89 184 161 128 160 33 93 182 121 235 88 82 1 125 96 206 17 164 249 186 137 8 28 115 6 35 3 39 226 105 176 91 240 108 103 24 122 150 218 18 102 79 9 233 48 75 143 204 51 4 34 237 53 97 126 135 15 104 216 80 174 129 50 188 212 168 63 136 94 145 76 193 99 56 72 37 198 197 153 200 84 117 210 118 229 2 38 41 178 62 220 192 60 10 77 189 11 25 187 67 241 142 223 113 230 16 81 250 144 78 217 61 138 100 74 64 156 180 85 236 183 83 248 109 222
120 173 127 239 81 1 78 27 83 213 4 62 141 241 124 15 136 233 227 22 191 152 95 105 24 92 134 220 247 218 7 211 155 20 35 63 6 84 76 113 175 187 200 36 219 116 38 153 71 68 190 168 171 160 2 238 208 128 165 138 3 159 246 248 197 245 143 194 224 243 147 229 195 186 223 226 199 114 107 26 174 151 122 140 16 146 235 121 28 79 149 236 166 193 177 115 237 230 181 132 117 52 221 60 111 216 108 145 14 209 232 39 99 56 244 242 98 148 167 58 119 169 164 162 64 179 29 77 32 43 125 185 228 112 13 91 161 176 249 5 89 66 192 49 50 189 217 73 46 234 188 156 133 97 231 104 170 47 40 34 206 25 55 250 21 90 51 41 222 135 184 144 201 30 74 75 163 61 204 225 11 18 102 42 158 23 33 57 182 10 88 130 202 198 37 45 129 8 82 12 106 214 109 196 205 19 172 85 70 150 101 9 131 65 54 100 94 183 126 180 207 137 157 178 215 59 17 212 240 48 69 154 87 80 67 86 31 110 96 103 139 142 210 93 203 44 123 72 118 53
195 77 54 24 165 18 53 92 185 178 128 183 2 36 40 130 85 65 189 241 1 238 82 173 248 246 155 4 22 223 83 161 133 19 58 169 103 116 132 26 184 51 172 90 228 25 237 52 8 202 125 207 5 69 110 249 203 43 89 109 81 61 234 87 152 211 156 96 74 219 86 168 129 222 194 230 64 206 11 236 94 204 210 66 3 15 175 75 108 153 48 197 144 134 88 123 119 33 84 13 220 186 231 111 14 127 79 201 80 91 176 122 139 98 179 146 209 212 63 32 224 208 37 62 192 118 182 174 55 104 10 45 17 137 35 6 193 71 187 136 163 29 105 213 221 205 97 138 78 242 244 162 60 7 218 151 158 160 101 196 72 171 124 191 95 150 100 23 114 27 177 232 148 229 99 16 164 106 38 215 239 67 181 188 199 76 170 141 227 21 135 107 46 190 117 240 113 50 149 126 49 42 140 142 102 233 20 31 217 198 145 70 243 180 157 93 30 214 159 167 226 57 235 225 154 247 250 216 41 59 120 56 28 200 44 47 131 68 112 12 34 147 245 143 121 166 39 9 115 73
250 129 191 34 25 102 184 13 30 75 76 223 106 2 201 27 52 140 146 6 81 89 48 37 41 51 46 221 114 65 12 107 60 67 180 172 216 241 19 35 94 220 74 116 68 149 134 152 174 40 209 73 194 159 9 45 32 196 224 100 64 70 63 78 198 214 132 108 130 232 171 111 155 218 248 87 11 199 138 206 17 142 88 212 233 176 246 182 148 205 127 225 125 128 187 219 5 133 50 83 137 66 93 165 118 10 80 222 217 141 179 249 236 105 160 239 124 1 42 26 123 82 170 188 14 189 56 24 131 177 245 150 36 192 243 204 72 175 115 79 103 15 120 91 16 144 96 215 166 203 58 21 136 22 62 154 157 95 226 153 242 97 200 183 210 3 181 227 234 169 86 230 61 228 33 162 202 247 197 119 126 29 54 158 23 161 235 139 7 85 195 213 208 168 240 39 238 237 147 28 20 4 77 151 207 186 113 57 69 164 55 156 109 90 178 167 211 190 38 8 112 84 47 121 135 71 49 53 59 231 173 98 229 244 44 31 185 101 122 163 143 117 110 18 145 43 104 99 193 92
24 40 97 152 239 186 245 129 139 209 21 25 195 33 6 91 175 94 53 217 19 116 225 190 65 233 171 50 74 172 244 3 5 90 214 188 45 83 250 22 205 66 13 241 47 8 177 59 176 127 84 222 208 212 20 163 202 9 35 108 187 120 114 249 98 78 229 46 144 160 204 31 240 79 128 1 73 199 125 196 235 234 72 104 246 81 87 102 38 173 99 29 14 77 105 151 30 4 49 165 121 197 134 89 17 69 122 218 158 86 117 167 166 211 112 154 230 216 67 138 110 118 43 200 147 145 210 185 39 243 148 132 149 248 189 123 54 157 48 179 107 180 106 27 88 76 207 100 247 168 82 26 242 80 18 227 12 143 28 192 113 142 203 137 61 55 220 11 68 62 198 115 164 64 126 237 156 136 178 191 174 238 60 159 52 111 130 146 36 70 32 23 57 183 16 63 15 96 162 226 155 223 85 92 193 170 150 51 236 221 135 153 213 2 206 37 103 42 232 95 201 194 71 181 215 131 133 182 109 75 56 34 93 219 141 58 124 119 228 169 41 7 184 44 140 161 101 10 231 224
216 75 105 126 167 68 219 97 18 206 179 231 154 3 204 221 151 180 77 223 188 237 177 48 210 15 91 106 194 157 208 224 93 52 166 123 55 69 247 148 41 27 51 222 250 1 116 5 242 67 138 29 56 92 211 17 196 168 102 60 107 181 47 207 236 225 212 199 135 117 49 141 26 227 139 16 121 98 28 65 76 162 202 150 62 226 130 43 114 238 32 59 80 6 209 71 145 146 131 142 201 112 96 72 88 53 64 33 178 241 183 140 44 189 120 42 13 124 229 220 79 128 232 233 100 153 103 8 137 89 185 31 101 82 46 35 159 57 244 249 23 173 39 228 125 74 215 161 61 235 85 171 115 248 149 144 213 245 243 66 143 104 50 182 170 164 45 132 10 234 118 122 37 197 110 81 163 119 127 169 176 217 25 111 147 214 87 240 239 58 156 174 192 34 184 200 129 70 86 205 218 7 20 24 113 94 84 95 4 193 40 9 190 136 195 186 38 175 187 30 73 158 108 109 11 54 246 191 12 78 155 172 90 160 22 83 152 230 14 133 19 63 134 36 99 165 2 203 198 21
24 186 221 219 17 83 182 116 201 209 113 160 90 199 153 40 87 91 145 172 98 176 230 125 207 57 105 181 232 244 52 200 241 44 48 167 166 190 126 157 20 65 114 19 69 115 210 197 198 169 208 150 220 89 218 8 77 56 121 46 5 227 64 134 202 15 140 26 238 141 38 118 225 61 214 53 34 146 104 155 228 229 71 156 243 179 152 123 6 18 92 35 108 2 7 216 195 79 148 158 137 206 4 27 66 33 14 10 84 135 142 112 222 129 78 109 138 213 73 75 82 194 178 233 37 212 192 97 95 70 128 49 154 31 189 188 81 107 117 28 193 51 23 55 143 130 170 54 196 110 187 94 59 106 41 119 223 122 136 101 88 144 234 124 211 231 240 239 204 165 235 60 132 184 25 226 96 16 68 74 12 185 236 1 3 159 67 93 224 245 72 168 63 147 120 29 163 99 13 249 217 173 111 247 248 100 9 242 177 139 127 103 76 42 250 85 131 11 80 45 215 86 36 133 174 21 58 39 161 191 50 175 149 162 205 62 102 164 47 151 22 180 171 246 32 203 237 43 183 30
208 44 71 173 98 153 82 111 212 40 116 155 169 66 38 250 14 72 143 84 225 29 27 184 144 21 222 59 63 185 138 20 24 231 99 149 249 23 140 5 146 67 210 157 77 154 188 129 115 248 25 171 31 224 147 168 176 61 18 124 119 164 243 3 75 118 87 205 132 52 128 110 50 194 197 159 109 180 68 15 79 237 108 187 32 137 244 196 62 133 104 83 46 1 48 177 199 54 247 203 130 43 207 201 78 127 158 216 161 96 246 22 35 152 235 223 88 206 232 191 97 39 89 241 13 90 165 193 17 28 233 10 238 172 181 73 219 12 113 162 33 47 93 134 240 85 16 192 45 36 170 198 175 112 204 179 42 19 86 163 121 6 226 141 7 100 131 211 166 120 145 56 117 105 107 200 195 245 174 148 106 65 214 227 182 64 57 80 123 69 30 41 53 242 160 26 236 91 55 220 239 186 34 58 150 136 217 183 229 156 213 60 189 2 151 4 94 215 8 234 9 209 76 228 122 142 74 218 139 135 102 95 221 190 101 92 81 103 126 230 49 51 37 202 114 125 167 178 11 70
8 1 194 123 104 185 191 172 215 144 112 87 217 93 94 72 27 84 145 186 206 242 64 113 130 165 14 63 78 55 156 4 17 141 231 31 82 198 49 36 163 218 98 59 13 237 96 133 152 79 3 33 219 40 244 97 174 212 80 56 60 248 216 205 106 240 180 35 236 173 177 101 159 150 147 183 15 110 16 235 73 44 201 10 224 210 164 28 119 81 75 69 102 136 111 246 124 139 161 100 234 18 109 245 19 166 12 167 239 128 71 143 153 105 70 99 138 157 232 29 220 26 20 43 50 41 199 48 238 146 160 230 154 178 223 243 197 158 46 95 66 204 114 45 74 34 58 86 117 170 190 57 122 151 115 225 229 23 107 175 148 42 126 179 24 7 127 171 65 193 227 92 2 68 135 211 208 200 91 62 21 241 214 184 9 25 67 134 233 47 116 137 90 22 129 51 83 88 39 189 54 168 120 207 247 142 61 196 209 38 52 195 176 162 103 203 53 37 188 131 192 32 140 221 222 132 250 121 181 125 118 89 187 202 11 77 213 5 85 108 30 6 149 228 155 76 169 249 226 182
139 108 170 209 174 228 195 225 211 85 152 215 187 200 100 65 125 226 62 53 84 135 208 23 145 117 28 60 103 77 160 198 48 248 189 185 238 166 38 81 222 188 148 76 229 54 177 51 112 242 68 18 193 140 149 146 207 181 93 116 105 190 97 127 17 142 55 224 90 138 10 230 107 39 2 130 169 176 244 79 214 123 151 7 236 205 131 126 201 150 42 124 96 109 49 114 153 216 29 19 179 43 99 196 154 168 184 46 52 164 24 221 80 245 212 91 34 247 25 199 70 71 8 106 89 63 249 104 246 165 12 110 167 75 13 59 111 61 173 26 73 94 56 156 122 83 101 37 163 192 32 162 133 69 155 119 180 113 132 157 136 223 86 20 9 241 57 78 44 204 30 6 16 102 5 144 137 240 27 178 202 41 234 147 235 35 31 143 134 172 50 1 159 182 210 237 243 67 3 218 11 232 197 219 194 213 129 183 95 120 220 141 87 45 40 72 21 171 217 58 231 118 191 128 82 47 186 36 115 239 66 121 161 64 33 92 4 227 98 206 14 74 22 175 158 15 233 203 88 250
140 59 128 79 194 87 163 70 173 6 12 237 144 109 172 125 119 67 222 106 217 204 24 206 208 135 212 238 52 241 171 82 183 110 143 136 115 162 205 62 244 203 104 153 11 71 243 126 139 195 81 15 37 213 47 210 247 95 35 58 230 198 36 90 152 33 233 137 9 207 111 17 176 177 146 120 161 228 236 113 167 54 112 77 130 25 14 124 234 2 154 123 133 209 225 168 129 249 127 27 102 32 117 240 181 118 39 114 23 92 148 60 169 108 7 74 184 10 85 156 138 64 189 84 13 45 30 192 5 141 145 41 94 164 142 218 147 38 21 248 49 175 199 174 96 31 178 223 131 57 48 239 88 202 51 190 3 61 66 97 34 159 65 197 22 186 157 196 50 93 44 107 231 89 121 19 56 232 170 18 75 179 68 235 246 149 250 216 134 116 132 8 63 220 101 227 53 229 100 122 215 226 188 221 55 42 46 151 200 165 160 40 1 98 245 69 242 78 73 80 182 214 158 224 201 16 76 191 180 72 103 99 20 28 219 211 185 4 187 43 29 105 86 26 91 83 150 155 193 166
191 249 172 53 223 134 136 109 100 154 55 124 247 137 4 99 152 54 87 213 200 155 222 248 129 57 243 70 244 184 73 97 71 17 219 185 56 59 211 233 44 94 169 138 188 65 142 9 69 22 46 131 175 50 24 241 31 179 62 186 207 218 83 195 106 18 75 13 189 77 85 79 6 68 141 82 20 128 197 177 49 210 153 140 36 190 229 237 60 196 91 104 212 95 5 90 193 92 240 52 182 205 216 133 117 181 116 147 119 45 199 236 170 139 130 43 235 27 171 231 125 148 209 174 41 122 242 126 12 198 156 81 206 1 228 74 157 32 132 93 25 23 226 161 64 47 15 30 88 78 160 201 89 98 103 173 238 67 14 234 165 112 180 11 224 118 115 86 230 167 221 29 61 164 10 58 28 101 146 127 220 143 63 102 123 19 250 16 107 96 239 72 48 245 84 208 159 135 225 21 33 3 35 162 194 26 39 40 187 7 8 183 145 176 202 214 34 42 227 151 204 163 37 144 149 51 178 110 111 38 76 113 203 232 108 80 105 120 121 192 150 217 168 166 114 2 66 246 215 158
75 9 242 223 210 209 168 240 98 130 60 161 10 138 38 51 37 56 170 182 141 46 99 14 166 62 198 215 69 39 54 133 185 61 50 171 89 150 90 184 25 160 2 55 88 70 23 241 79 219 29 117 97 74 169 114 104 17 92 151 244 3 173 243 193 233 227 144 107 147 122 36 34 239 196 63 71 142 65 139 178 213 134 13 26 201 67 195 73 83 250 78 111 59 206 15 21 33 72 132 176 125 12 96 45 41 49 87 248 119 174 91 52 82 158 30 57 238 84 236 159 53 194 105 188 157 222 183 249 148 237 216 189 40 11 137 179 177 192 218 76 131 102 6 16 197 106 145 187 152 208 217 205 94 5 24 172 124 28 135 136 43 143 47 19 42 202 80 163 126 230 156 228 44 123 1 100 149 27 140 128 108 66 110 162 118 7 231 58 154 220 226 180 190 221 247 31 200 203 225 22 121 4 8 77 116 101 199 175 93 211 164 120 165 153 95 18 167 245 48 146 32 86 207 85 35 81 229 224 68 112 103 155 214 204 127 235 113 181 115 232 129 109 186 246 191 64 20 234 212
250 217 71 60 30 151 117 137 203 110 171 183 150 1 127 234 199 75 222 56 159 115 144 205 245 5 42 209 241 163 189 179 44 98 4 65 99 22 52 121 219 221 34 40 20 233 230 41 15 38 161 238 25 57 54 211 102 218 35 97 249 113 247 48 237 114 224 132 146 85 91 149 198 95 145 180 68 232 62 77 103 55 104 193 207 90 228 29 178 58 181 143 244 139 246 61 18 83 128 158 67 175 242 116 125 194 177 225 33 86 182 235 13 223 36 82 174 136 105 53 156 215 66 191 43 213 21 89 106 153 131 94 187 14 6 138 192 119 122 59 231 165 9 100 172 135 7 8 76 148 216 3 240 133 200 32 208 248 184 47 239 16 204 130 46 188 229 160 49 73 141 129 134 212 69 118 51 39 37 170 196 78 88 166 23 152 197 31 186 112 96 27 50 176 227 195 79 24 155 236 87 28 26 11 126 147 164 210 2 162 93 17 226 84 206 108 19 167 107 185 142 169 92 12 140 81 72 154 74 124 10 157 120 70 109 123 214 190 45 111 220 168 201 243 63 202 101 173 64 80
105 172 222 216 219 246 151 150 193 50 57 177 24 247 217 148 156 205 237 146 5 9 196 179 83 78 158 11 82 161 104 231 188 48 221 130 139 96 120 54 44 12 29 28 155 119 118 42 85 232 214 41 190 68 152 84 63 242 244 211 27 95 236 52 98 245 2 26 100 73 194 110 206 124 197 184 218 209 168 7 147 1 233 67 34 243 223 23 250 31 176 178 64 109 111 202 220 75 157 58 149 55 212 103 226 126 6 65 59 112 142 56 13 210 131 117 22 89 166 240 91 76 163 145 39 136 79 162 123 129 81 17 70 170 153 108 90 138 154 186 141 8 20 182 228 195 43 61 115 234 175 88 21 15 66 160 137 114 140 101 238 93 185 18 159 32 165 40 45 215 199 132 4 97 229 80 169 106 87 102 10 62 94 183 127 125 143 38 14 135 69 36 46 203 99 121 189 116 204 191 173 71 167 16 113 25 200 207 86 171 208 37 144 134 198 180 122 248 224 230 239 213 74 241 249 49 128 164 3 174 35 30 33 92 77 201 47 227 192 235 60 51 187 181 107 225 133 19 53 72
194 242 27 195 57 190 138 157 134 217 31 79 132 133 102 51 53 187 78 167 171 49 66 143 84 123 12 99 216 128 43 100 71 34 33 68 98 250 160 162 91 90 54 175 243 147 131 17 122 52 92 74 199 119 231 229 86 67 182 64 13 232 151 224 58 168 152 140 115 148 61 7 214 89 96 65 153 188 202 80 103 238 129 97 191 156 165 186 230 163 209 142 245 70 46 221 192 38 121 166 29 177 93 118 50 154 144 220 109 150 16 110 184 208 248 127 107 83 193 76 40 77 32 205 116 227 24 159 213 18 149 204 222 172 105 26 3 225 174 2 236 23 139 60 88 211 233 226 45 155 237 130 178 63 47 120 223 72 28 200 235 41 218 197 196 55 198 206 87 215 247 35 14 73 9 36 219 48 228 239 124 176 181 125 82 94 5 106 203 244 62 240 180 112 10 111 59 56 234 11 136 75 15 170 126 30 44 137 69 201 95 189 173 25 207 249 161 158 169 21 113 108 183 179 210 4 246 39 114 117 81 8 135 185 22 164 146 241 6 141 101 104 19 42 212 85 37 20 1 145
10 76 216 192 17 111 25 125 104 78 21 65 148 85 212 22 166 98 170 31 32 142 234 242 97 229 2 24 1 90 84 210 116 143 184 92 152 175 182 27 114 178 197 15 119 141 162 193 87 153 157 225 4 11 127 149 139 44 232 83 171 138 132 34 233 224 26 169 113 158 136 118 177 163 226 201 93 94 16 222 154 47 168 247 250 179 109 96 218 59 117 29 121 86 187 134 62 115 102 72 240 164 223 176 41 190 214 68 241 43 167 200 246 14 69 211 54 202 165 38 145 82 19 67 159 53 194 33 248 42 219 79 51 58 49 185 130 209 81 205 70 66 20 228 237 108 100 75 144 191 236 188 129 99 244 155 196 220 57 160 73 60 131 249 52 227 161 123 110 203 101 195 64 235 77 35 180 6 239 230 74 189 13 80 50 124 204 107 88 122 39 7 221 63 133 103 45 245 112 172 231 8 28 23 18 30 37 150 120 5 243 174 137 36 56 3 156 199 12 217 105 126 238 183 207 151 147 186 55 71 215 213 91 181 146 198 208 95 106 46 135 61 140 206 40 9 48 89 173 128
148 221 154 88 12 205 16 1 129 128 122 207 211 144 120 71 77 49 32 56 159 140 243 51 66 109 185 233 151 143 150 39 203 54 146 8 91 137 11 240 192 6 3 220 64 23 230 52 174 138 225 236 175 202 219 208 241 157 19 24 35 158 121 234 210 57 112 171 206 50 9 239 31 231 173 85 73 55 106 216 108 86 27 2 199 218 70 176 10 133 160 197 246 42 134 226 45 90 136 184 117 191 78 179 145 223 152 250 36 44 209 13 40 194 222 132 248 214 201 93 115 139 196 5 172 60 170 82 34 69 125 155 72 89 141 4 38 99 161 186 29 182 48 187 110 74 41 169 107 37 81 181 247 14 153 164 15 75 242 65 26 30 95 59 215 43 28 33 198 79 126 188 94 178 103 228 97 87 119 118 165 47 20 189 100 142 235 105 177 229 96 127 62 162 61 167 135 200 113 123 80 244 7 46 227 104 204 237 166 67 53 168 212 124 193 22 156 190 111 68 76 238 58 84 21 232 83 17 149 116 18 213 25 101 92 249 224 114 245 102 131 63 147 217 163 195 98 183 180 130
127 6 121 205 98 113 165 53 3 116 104 134 75 89 224 212 160 20 10 77 87 12 97 177 55 189 225 169 226 106 180 68 56 130 239 99 101 159 141 27 183 233 217 18 11 84 100 13 171 215 182 126 204 125 203 196 229 128 21 49 137 131 112 1 242 202 124 17 83 157 236 5 213 220 25 167 232 234 155 163 15 14 146 151 103 66 188 140 164 9 54 23 93 214 237 145 90 170 24 187 30 173 150 248 64 7 198 206 193 62 216 79 42 228 45 247 246 161 197 129 148 80 63 60 35 219 85 200 231 156 147 230 201 46 199 51 102 33 235 192 118 4 70 243 86 138 149 223 185 241 227 28 238 65 209 211 244 96 154 190 61 31 153 44 43 250 47 136 40 22 67 91 82 172 245 179 69 114 218 249 191 94 194 133 184 52 36 207 74 132 48 105 39 26 16 162 111 222 221 144 72 152 95 29 34 109 168 2 76 8 139 210 110 32 78 174 143 115 50 178 240 57 117 158 122 92 38 107 119 73 176 123 120 19 181 59 135 108 37 142 186 175 41 208 81 195 58 71 166 88
19 16 164 225 250 119 129 107 197 20 224 70 51 246 211 171 8 113 65 189 142 57 78 111 229 247 178 179 14 245 176 103 84 49 148 72 39 28 139 153 61 230 106 42 43 15 143 74 6 118 187 192 238 167 81 170 127 196 120 174 82 248 40 160 122 166 25 67 150 214 26 149 102 222 37 239 93 220 83 46 215 53 38 199 132 97 80 92 59 172 58 180 208 216 3 175 60 18 147 86 48 9 32 221 243 177 233 234 201 10 137 173 136 52 112 55 161 146 144 195 121 47 191 17 228 56 157 1 163 185 183 109 110 190 130 181 138 188 219 207 34 75 94 193 13 85 169 7 213 212 231 45 44 226 4 198 152 133 101 241 156 12 54 11 73 69 165 200 140 76 77 151 100 186 162 22 21 89 237 159 223 99 206 125 124 182 64 41 232 29 249 209 88 194 116 105 218 68 114 242 95 131 240 154 108 123 62 145 33 24 36 126 66 155 244 235 141 27 30 115 96 117 202 205 217 203 5 98 134 23 2 168 236 210 71 204 50 158 184 87 63 35 128 104 227 79 91 90 31 135
77 162 22 217 196 109 167 125 238 136 178 119 215 39 176 12 10 171 63 113 5 48 210 120 179 18 112 209 4 117 185 197 89 249 154 191 2 148 13 16 86 130 207 62 157 227 60 246 61 69 21 153 85 160 140 239 133 177 78 247 96 205 128 193 15 168 107 155 92 175 219 145 161 192 198 29 6 124 90 206 45 81 189 1 248 132 23 30 137 19 229 172 118 28 40 221 75 164 42 212 230 93 94 142 199 73 20 27 127 33 201 158 51 241 208 53 194 111 151 115 163 183 135 9 106 87 64 233 76 110 200 146 80 150 59 235 79 141 223 97 182 225 139 152 187 41 126 99 72 121 101 43 144 83 34 98 103 104 250 234 38 240 236 216 95 100 11 17 88 26 214 46 36 7 114 165 24 67 50 71 56 226 134 170 203 186 143 174 220 49 218 14 108 3 82 84 25 131 181 91 102 232 44 159 184 180 74 105 58 173 65 244 211 116 57 55 31 123 35 195 166 147 231 243 213 188 37 32 202 68 129 204 237 156 54 242 149 138 190 66 224 122 52 70 47 222 245 228 169 8
99 182 40 151 222 235 71 43 45 240 150 102 38 90 228 137 50 185 109 233 74 246 10 114 22 100 174 8 216 186 20 60 159 93 11 188 97 167 203 161 78 224 77 95 98 169 184 225 124 76 15 88 135 123 201 176 139 243 127 105 59 244 118 187 54 110 133 106 231 62 23 140 156 163 7 51 108 250 212 213 72 192 239 144 181 82 157 180 52 91 141 154 32 66 55 234 67 142 21 44 189 148 115 120 16 220 172 198 147 204 31 89 86 164 18 168 70 69 116 247 14 34 209 128 245 152 153 130 210 29 211 237 165 61 202 2 87 138 208 179 214 75 193 24 96 146 5 217 158 183 162 177 39 136 219 132 221 68 37 85 36 46 241 25 33 107 92 65 149 227 6 173 223 248 73 58 19 112 249 238 232 27 126 80 194 160 125 63 26 12 199 94 145 205 218 4 206 53 121 49 197 207 81 171 111 83 47 122 131 117 129 17 215 79 134 113 196 229 166 13 101 103 30 64 42 3 236 190 242 9 155 143 119 56 230 84 57 28 191 170 35 175 178 48 200 104 41 226 1 195
216 57 72 192 87 111 53 210 238 134 93 29 159 203 250 234 130 110 230 24 144 135 33 227 209 114 123 167 75 59 179 170 197 206 151 153 98 108 220 45 248 119 37 177 188 226 194 160 42 146 105 69 49 131 142 198 40 183 86 100 154 201 61 91 102 186 101 90 122 113 73 50 78 41 27 89 20 70 145 173 92 213 1 217 79 205 233 52 82 156 133 195 207 174 242 7 228 126 16 247 141 36 240 88 225 109 63 77 152 245 9 223 190 191 137 161 115 21 38 175 71 199 65 10 125 54 129 18 246 74 14 44 28 104 66 107 81 132 47 148 85 231 2 171 95 106 241 200 34 164 62 221 5 178 165 214 138 237 97 149 140 184 4 56 180 244 147 19 51 112 224 181 162 212 172 83 13 218 31 249 80 46 8 169 211 128 15 32 99 48 139 215 118 55 23 117 189 94 103 60 204 229 84 124 64 127 30 193 236 163 168 35 158 166 243 39 208 11 6 68 155 25 76 143 185 58 136 12 187 202 182 67 17 219 120 150 239 116 3 232 22 176 26 96 121 222 235 43 157 196
172 127 84 227 99 3 69 134 121 238 103 137 177 89 48 55 100 66 39 242 241 7 235 213 6 245 187 201 225 116 80 150 236 160 20 204 70 214 249 102 111 175 135 146 96 167 119 157 49 10 45 19 171 189 123 11 53 129 197 38 58 139 73 136 114 4 113 26 218 37 59 68 151 21 97 148 40 74 166 54 72 104 156 95 144 91 192 147 231 170 105 36 118 186 234 18 16 248 219 35 203 13 178 8 155 15 85 52 22 173 83 46 207 41 222 75 237 208 141 81 32 1 51 228 128 79 182 202 30 179 168 195 130 233 181 28 226 230 122 190 43 180 212 205 196 93 216 117 184 90 133 194 67 120 112 140 33 23 86 239 220 76 199 94 176 250 108 247 183 27 109 61 217 193 138 63 215 223 232 9 34 165 78 31 240 198 25 185 206 163 142 24 229 221 152 158 106 131 164 188 57 174 211 115 14 149 209 110 92 161 29 101 210 64 244 50 82 17 159 5 145 77 65 200 12 246 71 143 224 88 243 132 87 154 42 125 62 124 126 169 56 60 98 2 162 107 153 191 44 47
134 124 118 54 227 162 239 156 201 125 242 87 93 129 131 84 9 165 221 194 112 43 36 74 228 140 89 172 189 6 25 70 34 13 216 113 38 170 180 199 168 10 49 30 44 161 163 238 183 177 3 111 98 97 51 55 67 246 236 65 223 104 29 157 147 88 31 143 133 220 174 149 126 250 39 209 106 198 204 186 19 56 192 101 200 128 105 81 59 144 115 50 241 248 114 193 8 28 217 153 169 33 240 132 60 235 173 66 141 190 150 32 184 86 75 188 5 83 92 18 237 90 42 99 71 21 226 159 20 187 233 57 121 2 247 244 45 181 142 234 40 95 232 109 78 80 1 96 210 85 137 179 164 77 11 219 120 145 22 47 197 243 225 160 119 48 182 151 91 46 207 72 158 196 167 26 35 213 64 27 148 136 127 61 178 117 52 130 122 214 41 76 94 176 37 7 230 12 110 102 211 53 73 191 203 100 195 166 212 107 171 215 79 23 82 245 146 154 62 69 24 202 63 222 17 205 185 4 152 14 224 249 58 175 15 116 138 135 208 218 103 231 206 229 155 123 139 108 16 68
126 224 3 11 81 141 41 56 65 5 218 124 110 91 54 169 142 128 177 152 61 168 191 25 148 29 185 182 40 8 103 112 78 243 121 23 239 227 44 16 74 223 1 100 99 135 64 237 226 115 95 158 242 154 9 203 80 131 215 234 139 50 93 106 197 7 19 190 208 104 171 174 89 27 37 205 236 45 150 125 60 79 12 245 140 180 132 194 26 165 219 166 162 147 13 206 20 15 136 90 31 51 212 235 101 28 67 204 118 59 92 55 116 77 164 105 222 231 111 88 209 144 113 161 102 71 73 201 22 114 213 176 247 246 192 210 34 220 211 250 199 233 146 58 163 107 47 151 84 178 196 30 216 183 134 143 109 82 129 249 244 33 21 10 39 189 195 76 63 117 133 175 228 172 120 198 157 119 137 85 159 173 52 188 230 202 62 123 68 156 225 181 38 48 240 35 232 75 149 6 127 36 153 170 43 130 122 53 155 83 32 214 72 179 229 49 69 248 217 221 108 42 70 145 187 14 87 17 18 207 66 241 138 184 186 193 200 238 24 4 94 96 57 167 46 86 160 97 98 2
199 103 31 242 64 145 197 189 23 148 201 9 76 113 54 195 59 90 120 191 85 57 225 98 16 238 108 162 6 236 182 7 190 107 204 172 224 200 249 174 177 79 151 58 185 244 134 207 18 8 155 208 19 123 226 80 149 150 156 129 237 89 102 55 247 231 214 24 20 210 188 28 74 17 39 84 40 52 10 104 111 239 86 34 219 241 27 125 176 135 5 157 203 36 128 71 110 21 88 167 192 133 181 29 99 212 158 77 138 215 117 15 196 82 217 109 216 47 205 78 37 63 72 137 100 250 3 94 95 140 183 234 101 235 245 186 232 248 227 93 45 33 230 233 180 51 161 220 171 2 139 49 35 50 44 179 132 11 60 154 243 193 184 127 206 170 26 22 61 178 169 147 153 246 228 202 152 141 42 122 116 163 165 70 213 56 211 81 1 106 46 209 175 66 41 118 91 97 159 168 62 121 115 126 83 112 105 38 223 65 164 131 14 48 218 73 75 240 87 53 160 229 130 119 187 136 69 124 13 221 96 30 114 143 68 198 222 194 144 142 25 166 146 12 32 173 92 4 43 67
46 241 61 12 152 141 37 204 247 49 149 109 160 5 11 168 29 223 6 97 173 16 26 120 40 82 75 124 185 176 194 142 216 162 45 47 17 244 10 242 148 199 231 170 100 102 99 229 59 90 25 250 65 219 56 214 69 70 103 145 83 113 155 88 13 207 22 31 171 167 24 178 175 131 41 73 80 110 68 234 20 228 18 85 115 221 210 182 101 23 126 108 67 239 51 14 172 184 190 32 38 215 203 105 245 205 91 243 60 150 133 146 132 1 224 217 92 249 240 74 248 21 202 200 119 180 52 198 183 186 34 164 36 117 157 147 156 209 53 2 136 94 84 81 86 174 33 187 135 246 44 179 76 158 139 128 39 165 77 129 79 123 154 213 212 206 191 19 238 4 98 237 166 233 189 71 208 8 195 15 72 192 153 143 55 122 125 230 89 181 218 93 116 104 211 118 96 106 111 95 225 236 137 28 48 134 222 3 188 196 7 9 50 201 177 161 114 138 144 35 226 107 54 27 235 193 159 78 127 112 57 87 30 121 62 66 42 58 63 220 169 64 130 151 197 140 43 163 227 232
84 3 170 58 228 47 89 16 126 183 11 125 119 169 85 173 135 235 32 238 31 36 86 122 18 182 161 94 61 129 219 130 124 217 12 107 71 118 26 14 136 243 38 80 33 197 97 102 190 171 164 240 68 203 227 69 70 158 45 248 82 207 43 87 142 210 229 212 77 113 105 242 195 2 53 138 139 180 95 174 194 224 90 220 244 226 29 150 51 241 247 250 153 231 167 54 237 230 120 233 162 73 225 66 188 145 143 83 24 100 40 131 42 249 5 98 179 111 21 187 92 206 108 151 7 15 60 106 214 196 176 10 192 41 166 19 209 56 160 178 199 57 46 133 208 221 67 101 149 222 1 165 127 28 114 104 204 63 140 175 75 109 35 72 211 181 246 185 189 52 79 20 193 8 184 155 117 27 55 23 191 159 234 25 141 216 39 81 245 121 99 76 218 215 157 132 9 213 163 134 78 48 110 201 144 44 65 88 202 17 4 91 186 116 154 50 62 49 103 200 232 148 156 112 137 115 6 93 236 147 13 59 96 152 128 239 123 168 172 30 37 74 223 205 22 146 177 198 34 64
22 200 151 67 144 154 26 135 127 198 91 152 203 179 93 225 167 211 193 63 216 33 181 39 92 165 209 68 250 158 47 247 183 196 117 190 185 126 204 206 81 173 153 70 99 238 168 65 164 125 6 231 98 194 146 46 89 48 109 133 30 234 223 44 161 97 2 103 86 95 64 10 100 56 7 237 82 191 104 184 201 1 36 170 53 74 213 16 76 110 114 150 182 12 128 62 174 94 11 236 108 226 59 34 60 130 230 18 88 25 96 55 17 132 240 124 113 248 147 214 197 43 3 157 229 32 41 35 15 192 51 187 40 101 169 175 172 233 72 9 123 241 199 246 210 13 118 111 242 85 218 224 107 228 120 162 90 141 79 75 57 134 38 116 105 221 145 244 138 232 69 222 87 52 205 131 115 20 58 14 239 159 49 83 5 243 156 129 245 207 142 106 212 102 163 42 121 219 50 140 180 45 149 195 23 171 189 160 37 148 8 119 80 220 155 202 122 28 73 84 27 71 4 54 19 139 24 188 77 249 166 136 78 215 66 61 186 143 137 176 208 29 31 21 177 227 178 217 112 235
61 114 169 171 247 32 151 183 143 121 157 117 87 213 188 139 69 12 180 51 3 195 191 240 184 160 219 221 113 246 233 231 9 26 77 152 245 141 193 72 62 21 230 176 122 55 173 53 98 37 182 162 33 25 134 185 1 208 76 67 91 34 115 217 120 228 27 238 66 99 93 239 123 218 74 154 164 192 85 167 119 214 250 78 129 168 90 20 88 232 23 236 2 200 106 70 170 46 243 60 7 163 95 127 133 43 220 36 4 35 80 52 179 131 42 102 79 64 181 216 175 81 112 215 83 158 187 210 144 71 41 206 201 73 138 29 197 48 15 196 224 19 186 172 146 132 161 234 128 204 31 190 159 165 174 149 38 47 244 96 178 11 105 14 82 242 212 153 118 148 110 30 111 5 63 225 136 10 65 125 211 44 94 137 84 57 16 68 166 207 59 56 104 209 124 28 45 58 203 227 126 145 108 40 8 248 100 249 86 97 13 241 54 156 177 116 50 189 75 142 130 199 147 24 222 17 237 205 89 235 140 109 92 49 18 150 103 155 22 107 198 223 226 6 135 39 202 229 101 194
43 184 142 40 237 86 7 91 179 133 101 89 234 147 194 157 173 216 39 242 180 112 187 214 72 163 188 46 56 228 9 201 23 177 20 73 171 80 181 104 105 141 113 153 166 87 218 164 32 18 160 146 21 98 225 41 137 202 30 197 151 36 198 66 203 220 45 10 150 175 221 219 185 14 231 118 50 82 123 108 172 106 156 190 241 122 84 132 170 77 42 25 206 94 60 195 247 103 95 34 145 81 51 3 54 114 117 70 155 12 19 227 121 115 134 35 58 27 230 176 169 208 211 8 245 38 55 116 62 61 204 6 47 75 224 126 192 162 199 143 79 69 168 90 167 109 161 174 24 183 205 236 48 209 99 152 232 158 210 178 52 233 148 207 213 154 243 17 88 64 100 57 138 96 92 78 74 144 68 189 248 16 215 191 85 37 2 223 235 127 59 130 238 65 244 44 11 139 83 29 120 212 124 111 193 165 49 13 26 119 240 246 4 31 186 140 239 97 135 229 22 93 15 196 226 159 71 107 249 222 102 5 33 110 1 128 63 53 250 182 76 131 129 200 136 28 149 125 67 217
72 1 239 77 177 78 229 187 178 88 126 136 213 185 106 59 147 93 79 186 51 157 54 18 48 61 249 75 58 117 6 208 68 91 63 150 248 206 82 112 212 138 3 200 67 246 230 161 228 204 81 32 173 236 158 233 98 22 197 37 181 52 89 26 30 198 250 152 107 10 35 234 43 140 71 207 203 188 19 65 27 143 60 166 116 11 153 14 205 149 164 217 24 2 183 49 168 241 21 85 36 218 8 219 12 242 146 191 105 137 227 196 247 110 95 135 15 44 202 92 80 223 148 245 180 94 34 103 163 174 193 231 83 215 155 123 225 76 70 56 29 86 62 189 124 151 17 40 214 99 101 120 33 102 84 156 66 167 175 139 184 243 122 179 50 119 237 115 46 96 170 210 209 23 141 159 42 232 28 160 154 176 53 238 55 240 13 134 165 69 129 128 114 182 9 220 97 169 38 201 108 16 144 142 199 121 39 111 5 194 118 172 113 224 64 104 57 222 130 87 190 244 216 195 45 192 226 145 7 4 109 100 47 25 74 127 221 31 162 125 211 133 132 90 171 20 131 235 41 73
243 114 22 55 41 231 71 65 12 222 166 67 20 146 225 199 138 159 221 155 224 175 176 158 76 113 66 82 54 37 207 79 101 235 13 70 172 230 143 28 52 204 181 194 85 233 200 74 108 91 232 49 21 60 246 212 227 185 111 216 211 7 9 117 58 241 220 170 39 61 8 160 178 36 133 156 127 3 152 78 142 102 80 96 190 239 62 51 15 38 123 124 105 250 240 27 98 195 206 64 118 97 44 134 42 210 213 249 11 2 1 144 203 248 242 50 90 173 106 244 56 24 43 119 87 84 25 112 4 147 223 83 189 237 110 63 33 154 140 197 218 193 100 247 141 163 192 157 184 226 169 165 238 6 75 116 136 164 161 208 94 234 35 129 130 45 209 202 86 188 88 99 104 245 125 236 26 177 139 149 162 46 137 187 32 17 126 77 135 53 180 121 182 201 81 153 168 40 107 19 95 5 115 29 34 151 10 167 120 229 131 92 23 68 103 215 18 16 148 214 59 14 150 174 183 72 205 186 30 145 196 219 179 57 73 93 217 228 132 128 89 48 47 171 198 69 191 109 31 122
148 188 142 59 50 47 224 177 185 150 52 163 87 235 220 10 79 242 46 214 98 24 115 174 57 131 6 99 112 180 151 210 179 213 12 216 33 243 237 229 144 31 217 209 35 167 14 36 22 13 68 149 202 60 83 169 145 86 58 203 236 132 9 230 196 160 16 100 221 133 153 162 75 219 194 41 62 30 135 64 94 134 92 249 181 130 171 248 39 184 77 5 159 85 124 165 72 119 80 110 121 152 25 126 138 141 120 89 204 53 190 44 91 27 201 82 1 222 88 101 43 231 147 49 125 239 107 226 55 223 170 244 156 245 173 143 37 4 116 164 42 26 21 146 175 96 232 8 11 200 105 158 250 111 66 114 247 207 212 69 63 23 15 172 136 38 19 238 227 17 228 95 28 189 198 183 233 123 218 78 29 65 90 70 67 20 157 2 187 206 155 168 128 241 199 113 109 73 176 139 211 191 45 76 195 137 18 117 56 40 104 32 127 192 103 93 166 140 154 61 84 102 215 161 54 225 240 106 34 234 205 197 122 48 108 178 246 182 186 118 71 208 81 7 3 51 97 129 74 193
146 223 20 58 36 80 74 5 181 143 183 45 167 41 52 38 125 218 179 97 14 90 191 171 250 175 140 28 159 113 13 106 35 118 103 25 135 237 139 240 19 222 235 225 93 182 238 162 72 115 1 3 56 121 55 192 137 87 201 138 196 169 232 114 95 186 107 156 220 244 224 193 214 34 152 27 166 2 69 231 108 44 160 199 173 134 82 70 122 86 54 229 11 213 119 26 163 120 63 241 23 245 123 67 100 185 155 92 187 203 157 227 198 204 170 46 66 104 233 178 62 147 151 154 33 197 248 230 177 129 105 161 77 226 142 126 131 176 89 212 10 12 246 190 247 84 144 98 158 116 206 17 42 205 249 243 128 101 221 64 88 202 24 81 47 208 195 61 60 184 174 15 130 219 99 6 211 7 172 21 50 68 39 31 194 141 216 83 22 29 110 145 43 71 109 239 180 30 85 153 32 228 16 150 76 210 200 117 18 4 189 94 51 165 234 57 148 75 8 124 49 168 37 65 236 164 132 102 96 40 73 48 215 9 133 59 149 78 209 188 207 136 242 127 217 112 91 111 53 79
229 28 86 124 137 74 4 83 39 42 26 23 192 65 41 138 125 143 162 1 194 226 189 51 102 133 62 81 88 72 243 170 103 145 214 195 108 35 110 122 46 186 171 109 147 94 87 113 130 59 99 71 165 68 89 79 152 53 69 154 193 90 241 21 230 148 172 9 213 106 112 3 60 118 19 176 61 202 16 29 128 178 93 134 204 185 205 216 250 47 24 188 43 63 96 157 184 98 97 153 163 161 140 54 32 76 196 248 183 131 150 55 149 141 217 67 187 224 95 31 233 179 191 168 77 14 120 49 123 225 129 139 17 221 160 234 117 136 142 232 121 80 158 7 228 181 5 227 25 15 33 210 247 11 144 180 246 242 212 235 92 177 169 199 132 64 200 101 215 52 167 75 100 2 173 218 40 166 182 219 22 6 34 203 8 105 151 115 57 209 27 91 231 223 127 50 36 107 238 249 82 44 237 58 84 222 156 206 12 18 164 37 56 116 208 20 175 70 13 30 207 45 190 211 10 66 198 126 155 220 111 244 119 114 201 48 197 85 236 240 174 146 135 104 38 78 245 239 159 73
13 19 218 100 116 246 240 90 154 225 66 171 3 34 28 23 221 45 229 158 243 176 53 212 2 89 132 113 35 144 242 81 87 114 50 51 213 82 9 29 224 177 195 210 44 98 96 123 147 134 190 117 241 107 161 6 219 187 184 223 69 31 58 94 239 183 5 42 7 15 92 226 236 164 71 17 86 159 238 232 214 125 126 163 209 115 220 139 91 99 27 131 25 12 122 26 169 151 235 14 74 61 172 136 175 119 203 196 237 185 194 64 4 127 62 16 138 10 108 189 191 124 67 165 36 48 202 33 102 140 60 112 120 173 188 204 211 167 37 146 230 215 1 95 105 106 250 247 97 233 222 77 46 129 143 24 135 157 43 217 155 198 206 216 104 54 231 130 11 201 249 148 133 109 49 200 75 18 170 65 166 181 160 32 121 182 234 8 47 186 197 41 207 20 59 22 39 63 21 156 93 199 57 111 153 180 84 244 38 70 40 79 83 101 168 137 248 78 72 178 30 142 228 73 118 128 141 162 192 245 80 103 152 76 208 56 85 52 149 205 110 68 55 174 193 227 145 150 88 179
244 2 184 147 68 187 55 127 146 163 230 43 20 141 171 23 96 45 88 166 3 4 73 247 226 65 213 72 35 5 149 205 69 63 44 209 200 155 219 81 100 101 89 117 61 178 99 6 229 51 191 25 52 122 84 175 234 217 199 92 238 7 113 53 42 28 85 134 188 140 95 116 40 241 71 119 152 59 233 60 249 130 15 109 193 124 118 104 128 115 123 142 239 21 186 18 77 161 66 168 29 97 26 156 172 48 160 179 106 137 154 41 58 24 105 22 215 30 94 214 196 19 195 86 151 103 158 145 121 36 32 112 192 82 221 181 185 218 162 56 204 135 50 222 174 176 64 240 224 78 150 228 93 136 57 87 110 37 125 148 46 190 34 31 144 1 133 235 62 248 16 198 102 189 75 39 153 242 143 212 131 232 80 207 13 246 170 79 165 74 203 54 91 11 38 177 129 8 67 243 120 70 107 10 223 201 216 98 245 126 206 111 14 12 220 182 33 27 9 159 108 76 180 114 208 183 236 138 164 169 132 167 227 210 49 202 250 90 237 231 17 139 157 173 197 194 225 83 47 211
110 121 130 83 13 31 241 65 209 231 8 118 57 106 61 145 228 88 135 221 183 164 62 223 4 154 174 81 80 234 120 144 200 15 54 131 178 169 166 155 90 210 196 77 112 132 127 168 38 17 71 207 150 50 92 247 32 95 173 248 240 197 119 66 217 100 2 153 199 181 116 137 14 179 56 243 98 111 47 1 213 52 86 108 176 204 138 198 91 134 146 117 201 94 26 245 226 233 225 103 36 212 219 186 82 67 143 175 205 97 58 87 202 42 11 19 76 6 55 109 216 48 151 85 237 20 33 41 68 5 107 102 78 99 163 12 238 187 220 21 195 35 222 79 128 206 157 59 84 165 229 189 227 236 23 170 75 63 188 115 129 193 113 194 40 246 89 224 230 158 51 152 162 160 73 43 3 249 211 139 180 156 203 46 96 39 37 214 147 72 235 25 53 185 44 22 45 171 184 172 177 104 149 30 123 10 16 141 49 142 29 18 125 64 27 124 244 161 9 191 114 70 190 140 60 133 24 69 7 250 136 93 122 159 28 101 208 232 218 215 148 105 167 239 74 126 182 34 242 192
96 237 187 139 140 183 227 195 59 235 215 199 18 12 141 143 131 47 232 134 207 107 202 219 153 168 46 236 15 5 176 31 79 175 239 124 155 158 171 206 71 164 203 72 73 43 34 32 39 149 177 93 70 230 69 101 150 160 244 117 137 132 19 148 174 166 180 159 238 152 122 23 42 205 120 172 61 10 129 200 224 151 133 102 222 92 247 91 248 21 14 198 243 249 216 121 115 194 126 246 20 193 218 35 50 104 147 26 113 41 220 233 213 240 75 65 167 45 97 63 211 189 163 4 128 67 87 33 145 29 178 57 144 114 161 11 25 52 62 130 36 49 38 209 55 204 103 191 192 51 212 54 86 225 119 157 154 110 105 8 6 95 9 13 16 27 22 190 181 214 169 146 77 123 162 85 94 99 30 116 24 76 229 250 188 17 80 136 135 226 84 231 170 185 83 58 100 182 68 98 74 109 201 90 89 142 88 66 179 127 37 64 138 125 78 48 208 40 196 165 106 108 234 118 197 173 186 2 60 53 1 111 245 184 210 156 7 56 82 112 81 241 242 221 228 3 223 217 28 44
226 34 83 38 103 82 167 149 160 131 162 224 128 10 223 205 239 116 232 91 133 109 73 89 87 189 58 101 49 185 67 54 28 42 95 137 41 71 178 36 240 129 179 243 159 216 7 12 145 201 78 219 225 113 183 96 213 186 104 4 75 62 161 127 146 210 44 94 24 47 135 236 138 110 241 218 207 230 120 211 136 246 30 90 13 174 171 68 32 204 208 233 108 85 235 242 16 81 15 106 203 247 121 2 199 193 84 99 53 56 70 188 60 157 39 79 126 107 202 69 237 57 147 45 27 122 181 77 52 197 105 134 222 165 175 22 119 14 152 19 209 177 48 217 228 153 170 51 154 100 9 212 144 18 187 118 35 37 112 190 139 173 249 196 114 130 55 76 164 40 8 141 155 63 221 158 142 23 33 206 184 200 192 61 92 72 194 172 43 65 227 180 169 198 215 5 220 176 86 148 229 238 244 88 117 250 111 66 124 125 231 80 132 123 234 21 6 74 195 166 1 151 50 31 11 102 156 214 245 168 3 25 59 150 17 46 20 248 93 143 29 64 115 26 140 97 163 98 182 191
1 82 146 69 189 244 190 22 110 17 134 161 114 104 154 182 166 20 11 158 246 157 109 90 120 51 248 97 119 160 222 139 227 193 209 165 198 239 95 148 210 77 60 174 131 185 214 23 53 27 62 159 25 49 203 117 202 106 85 211 26 31 130 66 228 240 207 93 218 234 41 111 205 225 44 33 54 88 80 181 124 187 151 250 143 116 118 162 101 242 126 231 55 188 48 92 249 21 213 192 2 59 149 70 94 47 176 91 67 123 58 216 215 35 74 171 183 140 142 208 84 138 50 73 56 14 129 42 7 43 206 29 15 178 217 223 135 102 8 40 173 45 200 36 201 179 125 30 83 13 175 163 212 38 238 5 79 195 219 12 226 136 168 197 19 6 164 194 76 191 128 72 245 122 105 24 243 64 4 196 141 115 137 132 169 127 112 10 63 98 16 145 18 75 184 9 170 37 57 87 86 46 71 224 150 96 100 241 232 32 28 144 81 34 107 152 186 180 61 167 155 121 237 233 220 89 52 235 108 156 229 68 39 103 247 113 133 99 230 65 221 204 199 153 3 78 177 172 147 236
55 130 171 202 192 169 79 246 206 243 10 194 135 29 51 85 25 56 70 119 97 126 220 109 23 197 102 58 248 129 3 20 234 13 81 65 127 158 240 111 110 68 93 120 231 123 174 229 148 19 21 154 105 76 163 104 180 69 33 224 241 216 238 18 124 236 38 225 153 250 26 239 237 142 152 86 249 193 24 179 182 35 103 134 60 63 46 1 178 175 112 131 227 218 211 16 99 233 156 7 125 91 39 200 157 9 28 208 107 198 145 203 137 204 94 151 144 176 114 189 213 146 77 96 167 31 43 6 84 140 57 100 101 5 222 50 190 128 223 149 22 74 226 17 113 172 106 133 230 162 118 67 121 52 166 170 186 83 219 147 11 80 14 72 177 59 245 191 187 136 242 98 247 108 195 92 49 160 53 115 12 232 54 217 2 161 95 40 164 64 116 42 143 185 122 4 32 199 73 168 88 139 89 150 205 48 45 8 90 235 27 184 221 210 183 228 196 212 15 141 173 44 66 41 61 155 214 207 62 244 188 71 181 34 117 30 47 215 165 159 75 201 82 138 87 78 36 209 132 37
59 140 239 236 116 6 9 163 90 162 126 218 184 176 35 241 61 24 227 232 95 49 16 70 53 199 144 185 200 187 170 137 25 74 17 56 52 10 109 20 233 160 175 94 244 190 130 119 180 124 145 98 32 173 42 85 5 62 186 150 4 203 127 220 206 246 57 106 72 171 65 89 1 107 178 243 125 51 235 226 215 211 36 66 14 193 77 92 113 97 174 76 224 73 154 210 142 167 237 48 108 229 93 34 63 242 101 231 2 115 213 201 196 112 202 121 132 7 172 64 33 86 214 222 100 88 80 234 44 120 128 148 15 23 96 164 29 11 84 105 131 87 161 197 189 19 209 82 207 83 141 41 102 81 133 79 238 26 114 135 156 198 129 69 217 191 54 248 188 91 37 136 45 117 50 149 182 27 38 250 205 75 111 212 110 43 60 240 139 166 28 138 228 47 78 247 123 30 99 155 147 58 168 39 122 179 134 159 225 13 67 192 152 177 169 158 18 71 104 216 46 22 181 219 68 153 245 204 21 146 208 157 249 195 103 230 40 3 12 55 31 143 118 221 151 223 165 183 194 8
69 176 125 202 141 31 106 121 216 191 110 114 219 108 236 167 6 229 242 16 212 181 119 7 127 60 231 5 67 68 33 24 177 71 235 10 123 168 8 72 122 197 78 238 14 192 187 153 64 147 171 250 74 150 128 161 208 126 53 211 104 179 42 201 232 162 140 239 188 15 213 185 182 149 115 92 178 30 134 37 138 28 132 49 89 189 220 34 148 9 2 183 190 101 155 103 99 25 145 207 172 163 39 59 93 180 137 107 81 61 86 158 118 44 244 221 97 84 170 17 241 206 105 57 116 146 90 91 80 174 48 20 248 166 95 224 87 43 143 41 35 223 77 230 129 79 45 222 117 22 124 200 36 83 144 120 52 157 63 102 112 217 136 94 11 21 40 198 54 29 249 227 23 156 186 38 218 234 50 32 98 194 240 19 56 203 159 133 165 199 130 76 85 1 152 26 62 151 209 47 113 66 195 196 246 82 58 210 225 237 184 131 226 243 139 55 175 160 164 205 46 109 204 12 214 27 65 100 4 233 173 135 247 75 111 3 18 215 96 245 142 193 73 228 51 88 13 70 154 169
110 6 202 96 246 154 169 159 205 113 108 58 163 105 28 190 173 100 231 175 167 29 102 220 212 24 33 207 77 249 176 200 203 214 245 103 67 120 129 25 151 206 109 80 34 235 172 66 216 51 119 139 97 218 31 144 52 141 70 99 3 217 87 164 43 35 135 132 41 23 219 143 197 10 21 60 161 37 128 227 104 5 88 46 224 126 198 243 187 106 71 61 55 188 42 192 170 12 189 229 194 16 210 201 241 221 238 13 171 177 209 230 148 182 63 122 150 89 215 50 240 1 26 11 242 81 222 145 184 195 74 157 62 40 79 69 30 181 180 121 166 39 112 92 83 142 153 20 116 36 138 193 250 146 2 90 78 152 185 38 95 156 134 44 165 22 57 199 204 137 111 27 168 234 186 49 140 155 91 244 14 101 107 233 7 65 248 223 124 160 45 86 133 236 158 211 19 232 59 76 64 94 174 93 15 131 239 9 183 228 136 226 118 114 125 123 56 117 32 130 72 178 237 73 47 98 179 191 54 18 68 84 147 82 8 17 53 225 48 162 4 208 75 85 115 149 247 196 127 213
122 235 157 42 189 22 3 31 40 243 94 106 226 186 147 119 79 56 84 234 187 61 172 82 197 35 99 160 236 47 128 167 190 62 97 225 161 57 43 33 242 85 81 204 129 55 87 111 241 205 155 120 103 141 148 58 27 247 174 154 240 73 143 213 121 136 149 117 209 12 7 59 98 250 54 114 146 74 1 9 37 170 11 104 51 134 131 169 6 166 14 20 224 176 217 221 195 198 123 219 159 177 101 5 76 68 210 156 16 245 107 46 49 145 239 2 23 139 112 48 202 158 182 206 199 69 21 232 26 4 191 70 180 132 77 72 36 65 208 78 185 215 230 184 238 124 91 203 113 212 67 130 150 165 63 138 228 207 44 100 105 200 52 125 38 53 196 39 162 75 8 216 152 193 41 15 214 28 83 115 140 96 108 10 179 18 24 237 153 183 118 13 30 25 93 45 178 173 227 66 188 144 137 80 246 163 168 102 110 231 95 171 50 127 116 90 223 218 32 19 192 86 211 249 248 64 34 175 133 201 220 109 17 164 194 126 142 151 92 60 181 71 233 89 88 29 244 229 222 135
186 142 58 85 96 8 15 147 230 170 132 165 137 160 208 222 14 77 12 130 70 172 145 21 190 115 84 122 154 5 121 66 234 13 23 169 39 231 88 151 195 164 212 173 245 53 124 117 209 35 182 244 25 9 59 201 242 135 119 149 33 138 74 220 213 89 177 219 113 197 205 75 17 181 162 94 180 110 87 235 184 210 136 167 102 92 118 125 241 156 18 80 127 29 112 178 106 54 226 129 153 27 158 203 250 22 116 232 97 247 90 10 123 152 36 229 61 38 243 189 141 68 131 37 193 204 98 91 224 72 236 168 41 64 217 83 155 148 216 99 126 166 199 28 191 71 2 16 175 157 174 31 26 104 52 207 240 221 202 194 81 63 93 24 40 107 144 176 32 161 34 227 111 228 65 49 69 100 105 163 47 95 133 44 239 215 233 114 1 214 19 246 109 249 51 206 150 187 79 82 211 238 103 73 7 200 78 42 218 4 55 185 128 45 134 223 237 76 179 146 225 48 159 11 3 46 6 60 20 171 140 198 30 67 196 56 139 57 43 183 101 188 143 248 62 108 192 86 50 120
48 229 246 97 232 183 56 16 64 20 207 50 82 29 154 231 21 96 176 200 138 47 83 211 125 245 130 45 163 159 217 35 132 224 58 205 172 202 143 180 124 93 241 137 88 219 72 44 37 114 1 175 38 85 173 63 123 133 5 98 216 94 155 218 239 135 157 150 100 225 142 196 121 238 57 115 91 110 188 15 168 36 113 78 160 107 52 46 193 221 105 147 190 131 31 17 71 89 186 25 228 206 144 248 42 120 9 184 194 87 51 90 32 13 112 3 230 156 126 54 53 213 166 235 214 55 141 233 189 244 249 170 23 66 10 146 179 84 4 247 67 59 223 243 204 145 11 153 70 22 77 103 250 12 191 195 27 14 61 62 208 118 169 162 43 240 18 164 178 106 108 39 116 99 151 140 95 226 165 92 220 199 109 65 237 149 69 101 127 7 60 242 74 119 174 86 104 227 40 80 81 181 177 33 197 210 73 2 122 128 171 203 185 41 148 102 111 136 129 222 158 192 28 198 68 49 34 236 152 212 24 215 209 167 161 76 201 234 75 134 30 6 182 117 79 19 187 26 139 8
162 8 179 68 46 139 4 227 135 157 246 136 112 27 141 230 84 15 148 87 214 11 113 115 166 69 44 89 90 201 212 74 169 225 127 43 205 108 117 88 57 32 52 62 20 41 220 182 216 244 144 104 175 215 79 247 174 190 149 42 64 194 181 101 91 128 100 131 31 12 25 226 155 191 207 123 200 211 232 199 7 152 167 233 138 137 16 130 185 192 22 140 241 49 67 132 58 160 118 24 163 75 60 2 221 54 204 48 96 150 159 93 125 30 189 197 156 111 71 1 229 173 29 37 245 170 63 55 210 143 178 154 21 78 28 80 40 164 224 86 13 110 122 168 38 234 142 3 187 107 26 231 66 242 193 217 186 103 73 72 61 133 248 208 151 196 203 70 249 53 146 105 228 161 165 5 223 65 76 94 17 92 218 177 134 147 23 124 51 180 121 35 14 126 176 153 39 102 106 183 195 50 77 145 120 171 243 237 238 202 98 85 188 18 6 250 222 99 158 10 119 235 33 34 198 95 47 172 114 206 83 19 239 184 9 213 116 219 82 36 81 109 56 59 209 45 240 236 129 97
26 250 102 108 23 99 215 124 22 34 144 101 234 62 140 227 45 117 57 112 130 222 89 107 193 203 224 131 156 32 179 2 142 73 145 43 136 95 115 213 141 31 96 176 214 58 235 37 28 109 143 170 16 149 190 245 135 232 61 238 174 244 74 243 65 166 225 246 208 75 188 217 50 122 220 200 93 69 54 248 104 165 59 49 223 44 146 24 133 9 100 92 55 171 150 35 77 249 187 229 106 178 94 226 151 152 207 19 186 120 30 97 27 46 202 83 60 155 40 7 209 138 201 183 10 38 42 147 11 153 148 110 70 105 177 237 164 192 90 239 162 167 114 67 175 128 228 184 20 15 6 79 121 157 8 219 236 63 41 125 132 233 113 129 64 29 76 14 172 88 123 221 242 119 91 173 230 18 161 5 52 185 71 212 127 240 205 80 12 198 84 154 72 36 48 159 51 33 196 206 180 1 111 139 163 211 21 199 247 241 25 218 169 17 181 82 191 134 137 86 126 216 3 194 85 39 78 13 182 204 158 197 47 4 160 210 118 66 81 189 231 56 98 116 53 68 87 103 168 195
74 240 77 38 32 91 230 151 30 44 215 98 222 216 183 10 127 117 210 31 104 56 82 89 246 85 249 62 49 35 156 81 15 241 244 61 122 247 16 92 57 217 119 20 125 9 39 179 149 54 123 142 212 24 29 176 189 11 228 59 76 23 139 17 191 177 144 197 167 219 146 135 245 220 185 173 63 243 199 171 2 112 34 58 160 84 242 115 152 178 164 221 70 136 163 175 45 110 231 71 227 201 52 18 141 105 97 106 53 133 226 209 233 172 182 145 166 181 195 68 43 192 138 19 207 93 140 232 60 194 190 107 72 206 118 132 214 121 22 155 223 180 229 37 159 113 165 65 75 86 51 184 103 204 100 239 147 196 1 25 205 202 4 129 250 48 3 47 94 42 36 235 153 168 114 88 8 158 28 96 200 101 162 148 14 134 208 186 50 225 78 99 211 80 6 154 237 169 124 150 128 143 213 83 7 90 13 111 198 66 55 224 41 21 67 12 174 87 73 109 238 116 157 120 27 69 161 188 26 236 131 126 40 193 95 248 187 33 203 79 108 234 46 170 137 5 218 64 102 130
33 165 25 45 161 64 60 78 1 156 23 183 237 26 221 92 84 87 181 102 198 170 219 206 246 126 80 238 195 201 106 72 248 74 164 28 185 136 68 129 144 7 55 140 83 34 82 223 191 86 234 24 77 94 11 222 79 141 101 137 155 124 119 69 58 145 70 73 19 200 12 218 189 93 139 197 167 151 6 159 177 230 56 160 118 36 14 231 109 123 158 59 208 148 57 186 226 135 117 244 213 202 37 210 50 227 147 62 182 65 162 204 232 245 115 192 27 113 8 99 63 143 107 48 235 132 29 215 184 116 163 97 243 168 53 122 220 32 30 67 96 250 180 150 108 89 127 41 111 110 88 233 209 61 203 188 46 51 240 152 171 166 239 196 236 217 249 154 205 39 130 10 22 91 76 75 2 38 3 174 216 100 52 85 242 241 169 104 134 176 175 146 128 138 199 44 47 133 20 49 42 190 103 105 112 17 178 247 187 172 179 193 224 142 18 149 95 98 71 212 43 5 35 21 16 173 31 125 120 114 131 153 229 157 66 90 228 9 194 207 13 81 225 214 40 211 15 121 4 54
74 215 230 102 144 60 177 147 1 138 151 105 36 218 83 49 127 228 154 141 146 55 58 235 129 68 92 91 249 180 94 171 108 149 125 206 71 150 48 200 186 103 176 191 17 21 2 194 122 19 118 130 233 76 88 22 183 10 93 142 242 115 203 219 238 75 38 50 90 69 53 52 6 70 221 120 66 243 173 33 236 152 110 111 80 61 246 166 26 87 193 99 225 133 119 187 3 234 174 96 139 165 195 109 202 143 179 137 210 167 157 47 214 158 85 132 135 162 134 189 159 140 12 164 28 208 25 209 15 231 51 54 197 172 16 4 29 40 43 161 73 97 59 30 204 72 81 198 240 117 136 145 192 56 116 153 7 100 220 199 34 32 9 216 64 82 155 67 101 181 190 62 41 37 63 104 227 95 18 86 106 212 207 169 46 124 237 224 13 229 131 20 89 244 126 44 23 31 98 232 78 201 57 39 226 188 185 175 211 35 222 27 84 45 223 79 5 113 160 248 14 123 182 65 163 239 128 168 170 11 112 121 217 196 42 241 247 178 8 148 205 77 114 156 213 107 184 24 245 250
198 242 172 96 82 247 143 129 54 136 200 7 51 104 132 88 128 197 72 95 120 229 19 63 8 6 73 162 141 15 94 142 42 170 66 2 157 49 153 39 44 133 192 213 210 135 166 243 45 38 165 204 99 201 16 248 41 212 36 24 110 122 144 163 4 244 27 149 237 175 161 218 195 40 114 83 92 53 118 106 112 221 219 152 68 3 31 69 235 209 109 115 131 241 224 98 50 37 203 116 48 33 111 145 173 103 156 186 97 140 61 158 130 80 178 60 56 168 216 193 102 21 196 125 71 236 151 230 14 211 91 222 17 67 246 126 249 154 231 18 215 52 30 138 234 137 160 202 20 232 205 239 9 225 108 26 23 180 74 164 227 89 85 183 228 208 76 79 226 25 194 159 155 55 177 185 187 179 87 113 64 123 169 43 86 70 181 199 65 77 139 12 206 182 220 124 117 191 119 29 245 121 240 47 190 184 134 214 127 13 174 250 105 22 58 147 10 75 90 188 93 11 35 207 238 81 233 28 176 5 167 32 1 34 46 217 100 84 59 57 146 62 189 101 148 150 107 78 223 171
75 46 190 133 92 242 172 165 102 71 50 54 45 52 243 220 234 108 207 161 187 216 151 76 149 153 128 164 199 237 86 4 72 233 211 166 68 5 226 146 22 47 141 215 33 180 80 213 79 42 178 98 210 155 163 21 209 60 12 135 129 27 140 70 8 83 173 225 150 125 118 87 26 6 132 205 214 191 167 247 246 109 238 185 13 137 95 131 123 229 17 112 239 145 9 195 11 18 96 192 77 10 48 114 23 201 176 85 124 49 20 107 139 55 189 219 144 101 15 212 35 89 169 99 184 38 39 117 91 63 59 200 248 168 203 142 177 56 231 196 104 197 152 223 188 121 93 113 74 36 134 174 37 193 194 97 88 183 57 1 116 230 40 28 249 67 126 236 34 2 157 78 29 115 43 69 111 30 170 208 148 62 143 82 179 159 250 61 130 245 120 217 147 41 175 7 198 90 160 206 218 224 100 3 25 138 162 136 182 58 241 119 31 66 19 81 106 84 181 228 94 110 103 154 73 14 235 64 171 127 122 204 44 202 227 222 32 232 158 221 240 53 156 186 16 51 24 244 65 105
55 140 211 71 119 165 60 10 181 81 15 24 219 185 162 22 152 34 96 76 197 16 227 235 21 63 113 155 183 107 157 133 177 102 111 250 31 189 135 59 232 77 103 220 208 194 248 17 241 39 166 37 230 200 106 203 130 100 242 66 202 89 46 221 120 245 151 115 143 153 125 172 114 50 70 137 35 131 206 47 57 9 190 79 238 138 201 174 65 118 141 122 92 214 249 129 237 43 74 2 23 145 11 6 45 38 69 146 167 196 121 225 195 56 91 82 124 163 170 156 149 169 233 188 207 67 1 49 205 168 240 13 41 78 20 243 29 7 175 182 95 247 99 126 236 90 223 64 117 161 109 80 68 30 105 231 44 142 98 158 210 212 27 123 164 204 171 139 88 8 86 187 40 93 85 199 18 62 186 216 173 110 28 136 192 101 12 217 191 154 180 218 104 128 215 75 4 14 48 51 19 36 72 239 147 234 244 213 193 84 58 246 32 33 222 198 134 209 61 83 5 132 97 116 159 42 150 148 179 226 160 108 73 26 176 224 52 184 228 53 178 87 127 94 229 3 112 25 144 54
96 26 67 205 178 236 132 45 234 94 187 154 85 37 184 122 69 119 198 18 97 27 202 6 33 48 144 227 44 51 146 79 95 123 161 89 235 131 237 3 212 43 185 193 12 225 195 99 54 60 138 41 118 153 206 134 135 176 140 163 220 36 141 47 63 101 203 93 46 107 28 4 223 98 76 191 2 143 200 133 59 72 77 106 49 56 179 25 250 19 70 53 15 207 1 169 245 137 74 248 165 71 40 65 201 114 84 117 64 213 172 183 211 181 158 113 127 210 92 215 177 148 38 142 128 149 121 159 87 152 166 130 218 62 103 219 145 8 17 186 78 194 139 238 190 10 61 231 102 167 209 204 34 91 11 73 126 112 160 57 247 86 174 229 42 189 104 239 188 155 14 230 221 157 100 129 13 151 82 197 31 240 7 39 90 58 168 244 199 226 105 208 171 124 217 88 175 80 9 66 108 55 173 125 20 233 150 81 241 50 120 170 21 83 68 228 196 162 29 23 75 24 22 243 109 249 164 182 242 232 246 222 110 115 16 136 35 30 156 5 111 180 147 216 116 192 32 224 52 214
188 137 14 3 171 213 226 64 181 224 84 111 174 115 25 190 2 10 186 130 227 76 167 30 126 156 46 110 66 103 219 16 4 124 183 55 22 44 87 81 38 232 222 250 244 211 132 209 199 119 21 221 77 217 153 165 52 218 12 24 205 192 9 56 106 138 60 108 50 166 195 109 223 78 95 17 79 36 105 59 139 134 53 6 122 120 80 75 27 182 43 142 240 129 191 7 202 73 163 204 161 82 158 96 147 247 18 39 238 189 146 94 212 216 210 63 164 8 91 241 140 180 97 40 69 114 207 35 65 121 175 33 26 154 133 141 13 90 229 234 89 62 143 74 28 149 136 92 118 51 157 177 173 71 197 101 131 237 42 214 32 194 83 127 203 72 135 248 31 37 123 245 5 104 117 67 220 23 198 61 185 29 151 187 155 113 100 98 99 58 249 152 148 160 34 54 178 231 242 179 228 45 86 107 233 246 206 1 20 125 235 200 15 172 239 70 93 85 196 19 230 11 225 144 57 112 41 128 170 145 162 49 48 208 47 243 88 159 102 236 168 116 215 176 169 68 150 193 201 184
73 155 179 185 91 61 250 8 161 18 214 205 147 131 144 5 83 92 153 35 222 244 45 99 67 198 241 74 89 106 46 29 26 135 209 150 216 231 114 224 173 7 100 126 58 44 82 200 192 14 109 12 57 42 47 72 79 71 213 41 215 15 33 49 24 87 97 175 164 180 101 132 62 219 40 85 235 2 159 60 37 167 202 3 233 176 39 136 10 111 186 190 133 203 152 28 80 96 223 115 168 23 93 140 227 25 76 84 52 86 183 102 125 201 59 63 16 237 127 156 143 110 134 75 191 236 165 154 188 163 34 98 65 66 51 32 103 55 242 146 54 170 69 107 225 141 178 22 81 243 1 172 187 38 27 43 118 138 177 137 123 197 207 247 157 158 194 142 160 249 108 30 228 112 212 70 232 4 166 48 90 94 31 229 145 151 78 162 208 64 199 95 238 230 248 36 13 124 226 182 218 122 174 128 20 217 204 193 181 21 195 6 210 189 56 234 240 206 121 105 211 221 19 120 50 246 104 149 184 169 88 17 119 68 53 113 196 117 11 171 139 130 116 245 129 77 220 9 148 239
131 171 145 32 250 65 243 7 173 152 156 143 95 187 123 51 215 10 194 200 6 78 20 244 202 119 217 72 17 189 50 64 182 44 38 211 231 3 151 138 8 22 241 235 2 33 127 166 195 130 245 142 206 237 5 69 19 120 13 107 247 115 113 169 179 174 14 26 164 53 60 77 9 79 66 147 148 203 92 198 240 183 122 213 34 135 106 101 63 185 125 35 150 73 159 134 199 46 62 139 222 30 228 61 80 54 223 96 212 121 18 88 188 74 40 43 103 177 192 214 236 205 124 76 219 210 24 117 47 146 176 157 224 15 23 154 94 196 118 28 167 82 221 193 160 137 99 249 172 108 39 84 12 58 100 168 25 112 16 83 109 170 136 226 67 42 91 184 180 197 144 116 163 52 87 45 114 229 81 165 126 181 227 70 178 207 175 21 153 208 86 141 11 162 230 190 57 1 68 149 31 97 59 225 216 98 36 104 105 234 239 140 41 90 27 233 209 85 161 93 232 204 191 186 128 218 71 158 238 111 201 89 246 102 110 242 29 220 248 56 129 55 49 37 4 75 155 48 133 132
7 65 185 173 160 43 162 158 100 108 228 116 74 56 107 196 16 140 2 143 170 202 153 224 13 166 45 186 70 129 8 41 14 78 9 226 51 163 97 223 69 50 242 194 118 211 95 214 131 25 122 234 15 213 152 177 216 249 183 77 46 161 222 32 150 141 105 26 128 132 171 165 145 28 136 189 155 193 115 67 219 54 123 47 109 64 18 134 36 84 182 164 30 27 12 206 88 35 24 17 220 209 99 236 120 117 126 138 198 98 92 231 195 85 11 239 110 250 240 147 178 243 94 121 34 101 221 233 246 114 139 44 57 21 207 119 113 125 33 217 93 210 82 111 244 137 205 172 169 96 52 89 149 66 200 130 208 4 181 237 174 191 20 90 124 154 175 135 29 232 199 72 55 86 133 102 197 37 142 238 203 247 87 227 68 229 71 146 62 241 91 106 42 48 148 60 49 104 22 23 188 179 201 3 6 157 184 225 19 40 168 192 31 39 159 10 1 103 112 187 176 58 80 204 212 73 151 235 127 59 167 79 83 230 76 81 53 245 75 215 5 144 156 63 248 38 180 218 61 190
21 75 121 109 156 3 4 193 127 114 144 217 98 149 91 66 64 104 211 187 26 62 112 200 20 231 195 216 18 28 170 2 5 65 138 72 67 124 131 178 106 177 182 162 123 38 7 34 145 30 147 87 198 89 27 164 95 219 122 80 9 215 52 125 22 55 73 35 77 42 36 137 229 15 191 238 250 161 243 96 213 119 196 248 239 110 105 240 143 41 208 51 13 50 83 134 63 151 176 242 186 203 180 44 205 167 173 90 120 136 129 111 152 189 169 74 230 247 157 10 29 235 184 40 139 188 107 175 194 206 76 82 220 61 190 199 54 233 92 45 37 153 159 207 246 168 226 132 100 6 236 102 60 48 49 204 210 25 103 71 126 1 244 78 68 249 31 53 185 46 245 225 221 108 113 179 85 19 33 23 16 116 232 128 192 97 14 118 174 56 8 39 163 172 212 227 228 142 160 135 241 81 99 32 166 209 155 84 70 88 24 201 146 237 150 11 183 148 115 47 94 86 69 140 224 141 59 130 117 17 43 218 57 222 223 133 158 181 234 93 197 58 154 214 12 79 171 165 202 101
245 143 136 51 230 208 11 23 69 173 91 16 121 195 204 205 192 186 203 4 8 175 71 240 61 111 100 178 44 211 125 140 144 135 123 141 58 244 239 218 88 21 181 122 110 18 36 112 162 93 39 249 73 225 57 196 72 54 170 156 67 242 94 246 151 209 174 37 22 159 227 81 84 168 164 103 149 165 63 147 107 127 86 222 234 233 70 198 96 20 90 161 134 45 185 124 231 78 187 38 200 235 55 150 40 223 102 43 166 17 49 118 236 137 46 237 15 105 85 243 169 201 114 197 221 76 10 13 5 6 193 75 29 77 202 101 128 148 80 113 42 214 229 89 95 146 52 153 199 163 106 131 3 130 177 155 98 32 26 232 1 154 2 41 191 74 182 97 60 248 59 30 172 28 157 145 19 210 99 87 224 31 167 116 189 24 126 171 34 62 247 119 228 216 133 132 238 213 9 47 56 53 48 79 180 241 120 25 104 14 50 65 217 117 183 109 139 220 33 190 66 158 64 27 179 142 83 250 138 92 219 215 7 207 212 12 176 68 206 115 226 160 184 194 152 188 82 35 129 108
176 32 247 152 131 205 64 222 23 175 103 136 209 179 108 43 211 63 68 51 239 121 50 122 236 53 39 24 167 129 231 212 110 48 79 75 60 86 126 184 200 13 47 124 180 87 94 66 35 146 143 228 2 22 220 130 33 69 225 208 237 128 147 215 181 72 16 164 145 38 244 28 191 114 56 169 55 102 76 174 154 70 163 171 77 90 246 59 137 30 113 170 37 230 111 106 250 20 172 153 188 189 243 161 142 80 193 115 242 150 42 9 165 15 100 82 204 125 62 7 216 10 197 45 31 233 139 151 156 217 148 160 135 117 249 81 116 73 123 98 14 190 6 34 74 158 21 3 177 17 52 127 71 159 104 25 67 101 120 144 46 58 194 166 149 206 54 196 203 138 26 40 182 11 141 214 36 207 89 92 4 241 240 248 88 95 201 224 1 12 99 238 140 107 168 109 213 5 44 18 187 178 119 185 227 85 61 202 223 49 199 195 219 65 198 162 229 245 157 218 8 27 155 96 83 118 78 29 186 84 91 133 132 210 235 226 232 105 173 41 93 112 97 221 19 57 234 183 192 134
103 145 39 27 249 17 46 198 51 75 210 57 34 25 18 84 10 55 160 201 220 218 135 138 131 148 236 155 221 68 58 110 35 134 83 64 52 224 177 9 36 157 161 166 8 179 107 118 89 186 61 127 22 227 44 113 193 65 62 11 100 190 101 43 48 182 133 69 232 226 248 19 211 28 137 114 141 164 56 5 136 244 102 80 66 49 98 178 124 187 165 228 111 241 67 143 12 41 97 112 237 60 208 229 126 168 250 99 13 223 167 233 242 82 73 63 50 235 93 230 117 212 207 15 184 204 24 53 246 106 74 121 196 176 104 209 219 29 45 16 162 175 245 231 6 152 95 243 92 76 214 180 192 234 3 239 21 156 59 146 70 181 88 125 116 174 199 217 81 31 72 33 32 140 197 40 163 206 173 169 216 119 185 79 149 78 203 109 172 170 1 42 194 142 4 222 105 153 202 14 215 240 71 96 38 128 213 150 144 122 188 159 238 171 7 147 158 87 26 108 37 151 129 247 115 54 20 77 183 191 154 2 23 130 205 30 90 139 123 47 91 120 94 132 200 225 195 85 86 189
170 207 227 181 86 219 242 60 99 134 49 165 155 229 137 249 112 216 71 25 195 172 238 239 125 160 218 4 135 159 187 93 211 105 150 54 58 194 90 205 231 16 208 43 139 53 215 175 162 164 213 167 84 204 198 100 212 226 1 50 67 47 12 72 40 120 9 131 59 38 191 22 241 55 240 221 24 169 147 124 92 206 122 116 224 46 177 113 188 107 111 173 141 57 79 27 223 96 34 37 148 157 220 156 44 106 87 140 2 75 78 136 166 179 68 145 199 178 209 153 163 64 6 95 132 23 81 115 185 26 228 126 161 101 82 176 196 21 142 108 18 48 133 17 83 246 144 168 97 85 245 149 5 127 66 20 119 200 15 237 233 77 14 210 174 130 30 8 183 129 190 184 182 243 152 202 65 138 189 45 13 128 244 94 146 52 73 114 158 250 42 103 36 32 225 203 80 247 88 217 197 180 56 234 102 10 28 98 62 214 151 248 193 171 70 121 69 104 33 109 143 29 123 3 235 186 19 61 31 39 201 91 222 11 76 7 41 118 230 110 154 117 51 35 192 89 232 63 74 236
245 161 237 35 212 229 22 82 106 104 15 70 27 186 200 55 235 171 4 9 33 179 149 160 36 38 201 95 45 18 68 61 143 50 39 126 67 236 65 84 214 29 21 109 116 173 133 131 183 54 89 184 124 216 202 47 23 28 88 238 11 5 7 158 24 197 32 210 166 94 128 139 20 250 178 222 37 63 34 138 157 130 59 127 196 26 191 122 159 96 10 43 189 187 243 52 192 239 57 156 249 14 40 205 1 90 230 188 172 199 148 115 3 182 75 147 223 175 25 135 247 120 113 141 111 80 246 110 220 132 165 56 83 51 150 136 194 134 87 203 164 85 163 98 227 77 142 129 185 225 228 41 30 79 232 48 58 155 162 208 72 211 174 46 107 168 112 100 219 101 60 176 193 31 145 144 91 86 119 6 53 140 209 114 234 206 97 217 137 215 198 170 233 153 117 62 17 121 71 118 224 16 73 103 93 195 213 78 42 76 231 66 244 146 12 240 180 167 2 241 125 218 152 190 69 8 49 19 242 81 181 226 74 92 108 64 154 44 99 169 105 204 13 221 102 248 207 151 177 123
133 187 217 204 168 178 59 244 129 200 173 172 242 32 190 210 88 114 191 212 21 87 40 176 232 38 19 108 144 221 52 44 4 89 28 104 39 180 171 99 222 84 37 163 53 78 237 208 134 33 148 110 139 183 34 67 55 1 77 146 175 76 196 45 209 164 227 138 35 103 119 170 250 42 249 231 123 17 130 80 95 90 112 51 27 63 65 189 48 81 121 109 49 154 150 101 182 97 73 203 92 20 125 177 31 205 107 24 26 151 111 229 36 47 211 102 140 213 127 218 195 241 185 117 240 126 14 64 46 57 72 234 166 68 247 245 159 11 142 206 122 86 238 135 202 193 50 66 225 149 136 83 194 230 186 157 128 18 60 116 69 233 155 91 3 105 179 214 198 215 224 118 41 79 145 61 62 219 8 143 137 12 236 75 132 23 199 207 15 161 188 220 239 82 174 156 10 106 167 100 54 235 147 246 113 29 169 131 152 120 74 85 165 181 223 98 226 115 16 94 6 13 71 5 243 141 30 216 158 93 192 7 96 228 124 58 56 70 2 43 160 248 201 153 162 25 197 22 9 184
132 34 88 209 149 206 99 85 219 188 5 82 38 240 229 7 15 127 196 96 42 157 201 129 125 186 36 126 227 163 31 153 205 167 158 207 19 247 67 224 243 44 97 246 235 70 48 230 236 189 138 194 12 3 87 27 58 121 35 109 54 173 171 65 185 221 181 39 4 73 166 23 200 46 172 197 91 40 179 86 140 208 57 168 237 220 32 123 199 234 45 74 92 244 183 120 133 184 128 136 33 145 122 105 190 150 101 94 245 151 152 6 249 241 2 215 95 187 118 143 64 41 214 117 135 144 108 211 154 56 103 76 66 17 49 191 72 26 217 134 160 11 53 114 60 193 222 43 68 79 52 116 50 142 100 20 112 1 10 104 78 89 146 170 22 25 238 176 164 162 102 75 233 204 110 63 148 213 83 218 231 174 180 111 198 139 18 71 203 14 113 131 24 228 169 161 16 141 225 93 29 124 59 77 37 51 90 248 195 8 192 80 98 175 212 178 69 119 84 21 62 107 147 232 106 155 13 159 130 250 202 61 47 156 226 28 177 30 165 115 223 55 81 182 137 210 216 9 242 239
134 159 108 241 179 181 167 105 222 94 42 193 18 214 165 11 61 75 218 168 101 13 72 102 58 185 41 142 4 86 180 117 194 216 90 226 104 245 116 137 47 67 87 213 43 37 237 59 129 118 170 68 212 227 40 49 26 57 95 89 79 132 191 131 106 98 207 189 6 151 140 124 53 183 233 177 33 111 202 99 158 34 144 29 50 19 84 197 39 112 182 121 156 228 122 30 113 82 115 242 232 231 149 31 78 150 175 56 215 171 17 166 128 77 204 32 174 246 133 155 127 203 130 88 62 27 16 184 234 198 91 205 103 169 163 223 24 48 160 20 14 76 125 239 7 81 83 85 119 201 96 28 187 71 211 161 65 229 190 240 138 200 224 44 157 147 25 1 199 186 154 248 196 135 45 243 120 2 145 69 3 9 15 238 176 123 97 153 152 52 10 74 162 92 221 100 208 21 173 63 217 188 51 55 73 206 46 80 110 139 109 244 209 219 146 107 126 164 230 143 136 249 236 141 60 148 36 192 54 178 35 250 220 93 66 8 64 22 172 23 247 12 5 210 38 70 235 195 225 114
192 134 163 213 154 117 28 60 107 187 179 47 108 222 190 79 84 151 237 125 177 70 20 75 158 244 45 210 169 160 188 39 4 197 95 228 7 227 247 143 27 196 241 105 199 69 50 85 114 104 155 76 72 101 120 200 36 157 128 159 248 17 167 129 37 195 89 106 80 242 98 204 230 233 40 57 23 133 180 78 43 35 234 191 58 42 139 156 74 97 62 2 249 172 38 116 171 103 126 83 24 30 8 175 185 137 115 209 127 109 118 49 29 48 31 202 220 119 52 132 94 130 51 14 231 77 161 64 150 71 178 61 224 1 92 81 123 102 32 240 165 56 5 238 232 46 82 44 186 148 173 216 26 15 146 162 91 205 59 25 11 152 168 246 124 33 66 208 189 141 211 110 9 142 235 166 16 223 243 236 53 198 144 207 176 153 67 88 122 93 181 41 68 214 90 217 65 55 111 182 10 87 164 193 121 219 136 225 183 194 215 245 3 135 113 203 100 229 145 131 212 140 21 149 73 34 86 99 250 13 226 12 22 170 147 63 174 138 218 18 54 19 184 96 201 6 206 112 221 239
194 82 1 193 8 221 163 46 240 47 177 26 12 217 104 83 203 20 188 192 53 141 233 147 157 36 115 122 102 65 160 23 14 63 248 175 204 44 55 52 158 100 208 202 127 132 108 110 168 21 201 105 162 86 239 99 174 226 130 211 224 161 4 250 68 84 210 91 187 200 171 78 13 106 228 59 167 176 51 19 15 214 146 223 60 34 220 232 11 75 48 191 184 195 142 243 182 172 238 81 148 145 109 154 3 131 10 42 16 98 249 57 74 40 72 209 170 93 134 125 45 235 189 6 230 124 97 89 213 119 27 215 237 151 139 39 165 155 116 58 43 198 244 92 150 87 152 156 76 41 90 236 111 103 183 197 186 121 30 5 9 28 137 29 178 37 159 231 143 112 79 199 241 70 185 62 179 149 181 206 234 49 222 196 138 2 114 216 247 22 80 128 95 153 96 50 61 120 190 101 123 133 38 25 126 54 144 169 242 24 18 212 56 227 94 77 173 225 31 166 88 85 205 135 118 17 64 207 117 219 35 71 73 218 129 66 107 33 32 136 67 229 180 69 113 7 164 246 245 140
137 79 117 145 21 170 132 48 113 136 65 150 7 214 237 35 83 87 221 30 242 239 196 222 131 154 248 163 249 50 227 56 124 102 27 9 160 70 68 3 153 32 179 125 80 129 169 71 76 148 45 194 18 123 166 6 41 104 114 172 189 81 247 121 246 217 156 211 151 186 188 39 213 119 85 140 203 201 190 101 46 199 146 238 191 228 240 161 139 158 216 181 47 67 244 106 99 197 112 86 208 97 12 64 183 40 159 149 98 111 224 206 138 96 43 218 198 118 164 120 108 205 250 73 243 38 115 60 210 10 36 127 49 192 202 84 187 207 122 155 168 93 107 61 22 241 225 200 2 24 143 92 19 135 231 42 226 229 204 178 184 28 116 134 176 74 110 55 53 128 23 57 51 31 29 177 109 233 69 100 144 15 75 167 1 234 130 16 25 77 37 195 165 174 54 236 78 171 175 230 66 91 88 245 90 142 95 8 157 105 59 20 103 17 11 173 33 235 89 63 152 126 147 219 82 14 44 185 94 13 133 62 72 182 220 58 34 52 26 141 212 215 209 162 5 232 180 193 223 4
198 226 65 203 214 155 66 160 148 29 5 166 241 47 64 181 105 240 248 44 232 69 231 239 114 60 205 199 54 132 18 86 168 51 97 230 246 73 107 38 79 70 12 32 56 23 19 104 189 130 133 169 176 20 158 216 219 9 200 118 197 135 126 78 84 138 52 120 85 146 173 42 124 34 101 152 25 159 202 80 147 220 206 13 235 41 30 201 3 139 195 119 93 108 188 82 218 143 144 178 61 8 89 109 39 242 31 129 59 207 62 244 191 117 245 121 186 136 145 163 75 153 46 81 90 87 172 134 110 98 28 249 57 131 116 36 40 99 77 125 215 190 182 229 165 213 15 76 24 183 74 142 53 164 11 180 179 209 115 157 208 68 1 35 50 184 113 45 162 175 14 174 187 210 204 49 43 196 237 224 63 170 233 247 192 83 102 96 151 7 154 234 149 127 193 225 22 167 95 67 150 103 111 6 243 100 212 58 123 4 223 94 122 161 17 222 221 238 185 177 141 88 16 27 236 211 217 48 194 156 128 26 33 10 140 21 171 228 92 112 106 71 227 37 2 91 137 55 250 72
82 202 177 63 74 157 221 143 190 13 100 110 166 220 50 130 139 25 80 164 131 11 96 6 179 53 89 214 104 42 148 107 59 223 68 238 116 44 217 46 216 162 97 37 128 43 155 147 88 79 178 129 142 239 236 244 182 193 140 33 114 95 48 242 188 205 156 18 35 1 234 218 90 165 121 224 93 231 40 91 174 243 246 34 138 111 58 22 146 19 23 180 106 195 72 168 227 3 137 66 160 102 233 115 167 36 241 126 57 31 212 78 204 163 122 75 173 103 8 237 30 99 158 27 153 86 186 5 149 207 203 154 183 76 21 250 196 170 73 117 123 150 94 211 61 109 144 41 132 55 28 69 26 135 67 83 118 145 245 71 240 20 210 197 200 194 105 84 215 29 45 222 201 198 108 77 51 199 181 15 113 32 191 87 54 225 16 192 175 247 14 229 38 159 232 230 4 17 134 208 70 62 124 228 152 206 9 169 125 185 52 92 187 112 172 98 209 249 49 47 161 248 120 176 171 119 213 24 133 151 235 12 85 7 127 101 141 189 2 64 65 10 56 136 184 60 39 81 226 219
67 76 121 130 180 129 199 222 216 171 214 81 137 237 202 17 188 220 108 210 203 85 205 57 154 236 133 242 29 56 207 153 107 234 49 65 226 125 27 140 30 26 147 230 19 66 8 155 197 10 167 128 138 174 208 100 36 181 204 2 161 34 166 134 144 243 72 94 51 33 248 123 15 3 103 106 162 189 60 163 82 196 224 90 194 104 146 228 168 52 42 200 249 190 223 246 211 114 152 235 156 170 179 61 21 193 209 227 84 89 145 91 38 127 241 28 68 4 41 47 74 192 87 12 35 151 96 173 191 54 164 53 110 58 71 219 77 113 39 1 13 122 119 80 231 88 212 14 86 44 22 250 116 175 99 239 105 18 186 6 40 178 165 198 132 69 7 229 245 83 63 142 213 16 240 64 24 11 79 159 177 135 118 25 59 9 75 148 201 244 70 102 46 117 20 225 97 139 143 50 45 150 48 101 149 111 32 215 37 247 217 141 176 120 233 195 158 78 43 31 55 5 206 23 184 160 172 218 185 187 238 112 157 62 124 98 126 115 93 73 221 136 109 95 183 182 92 232 131 169
246 34 98 118 17 45 68 133 139 162 147 210 193 151 15 194 11 9 96 99 117 1 57 161 52 38 114 130 242 122 181 217 35 215 222 10 155 212 216 175 36 227 203 73 154 134 143 189 51 174 201 240 79 109 232 70 220 92 127 49 233 171 156 72 209 39 20 90 63 14 30 50 138 19 115 205 140 74 173 163 183 247 103 43 7 149 207 244 184 152 13 204 236 24 219 224 167 93 185 131 218 238 120 234 176 91 141 71 188 142 182 110 144 18 4 23 12 148 44 153 123 223 97 101 214 54 164 165 137 2 177 111 248 126 208 86 105 84 221 195 16 32 157 55 82 89 231 199 21 31 226 146 107 160 94 87 28 85 77 213 64 95 198 47 41 241 191 59 187 40 237 128 3 121 168 27 206 58 250 25 67 190 125 192 100 75 116 108 65 197 225 235 76 48 42 69 102 104 136 132 124 245 80 150 159 178 228 33 180 186 112 166 158 113 5 145 83 37 66 249 170 26 202 239 200 78 229 6 129 196 29 60 62 211 243 88 56 135 106 119 61 46 53 169 22 172 8 230 81 179
139 154 97 89 195 86 250 15 81 16 76 224 113 205 60 94 70 25 194 180 51 115 100 35 92 87 166 160 193 246 243 1 84 109 116 123 222 190 216 128 181 178 55 236 50 68 24 239 96 203 26 147 249 134 54 191 111 141 169 74 244 129 213 146 88 39 37 175 2 170 90 79 31 11 42 187 220 144 148 138 225 153 173 136 155 64 61 65 158 204 248 221 14 209 38 41 58 114 206 163 71 45 108 20 229 133 177 217 192 83 57 75 228 47 72 63 151 127 200 118 232 172 179 140 80 131 165 103 161 46 8 32 156 126 66 23 56 183 162 235 105 218 124 48 207 197 98 238 119 214 28 201 142 211 82 234 120 18 4 40 121 95 34 241 208 12 78 240 33 27 101 171 132 69 199 67 237 107 112 168 117 145 122 176 125 152 196 19 230 104 186 184 189 7 102 99 212 198 30 6 9 182 135 227 44 231 149 226 157 150 21 185 202 3 73 10 17 215 22 110 188 36 174 53 106 29 85 143 247 245 167 223 93 52 91 49 59 164 77 62 43 210 159 233 242 13 5 137 219 130
106 112 31 174 104 98 200 84 214 207 26 89 151 218 71 164 86 4 81 191 202 239 181 69 235 68 114 23 67 34 108 111 59 38 161 13 152 60 188 11 231 205 74 228 91 12 132 63 166 29 99 119 7 16 55 83 88 24 217 137 167 175 58 52 154 101 211 56 103 134 100 149 53 82 107 76 243 122 250 46 215 32 37 194 42 249 162 57 79 206 66 19 177 121 124 247 80 105 198 142 64 30 170 176 28 128 133 20 156 179 229 237 222 238 41 144 169 39 136 145 14 96 117 201 241 146 110 138 216 234 183 49 94 192 184 85 178 44 185 221 246 73 48 127 115 139 199 47 129 33 92 157 225 9 187 190 248 125 172 171 141 168 163 102 186 22 219 93 209 130 155 50 113 109 35 150 3 226 72 87 158 95 143 123 97 10 126 45 236 220 204 212 62 43 223 227 195 18 173 17 210 147 153 54 21 40 90 213 242 25 78 193 15 196 5 2 148 245 159 233 203 6 232 244 75 224 160 36 65 61 230 70 8 208 197 27 140 165 118 189 180 182 135 51 116 1 131 120 240 77
59 121 78 190 93 106 181 159 222 160 38 202 183 61 228 215 238 87 114 148 96 100 104 200 115 196 73 165 182 249 103 154 186 35 137 245 240 7 26 42 199 151 155 133 167 136 82 227 248 24 117 161 89 128 206 60 83 91 170 102 204 43 81 44 218 207 68 143 220 67 180 123 37 2 46 63 10 172 32 194 226 229 25 33 127 145 153 158 5 108 141 16 50 113 12 230 225 18 211 176 49 122 163 88 234 79 29 209 51 77 19 97 118 236 41 214 244 242 142 193 130 36 84 28 30 107 150 132 3 48 86 146 184 15 21 147 243 164 101 22 177 125 213 56 246 39 40 1 212 4 27 168 232 111 90 174 185 105 149 45 187 208 92 171 139 72 98 31 175 144 129 178 138 173 169 70 197 221 53 188 120 219 156 20 99 233 76 191 217 152 134 179 69 52 140 64 247 237 62 195 58 34 241 23 205 17 110 201 8 235 11 112 157 116 74 54 224 189 80 210 6 166 119 109 95 9 47 14 223 124 85 198 55 94 13 250 131 162 75 231 57 126 66 135 239 192 65 203 216 71
116 43 185 17 191 49 32 68 52 141 26 56 48 128 163 180 228 38 12 63 205 55 108 121 210 100 112 143 231 95 213 34 92 136 152 149 10 7 157 86 42 219 120 89 82 181 230 110 207 123 106 224 80 165 23 144 107 58 234 194 244 164 118 169 249 172 235 67 197 176 238 6 53 193 173 167 78 233 91 66 147 221 18 171 19 129 142 225 177 79 13 97 153 70 54 134 241 132 183 215 84 166 99 198 202 25 11 102 69 36 1 250 140 184 178 31 27 28 124 218 122 111 160 175 246 39 146 45 62 179 159 41 206 33 239 88 150 101 214 96 220 73 61 74 47 37 248 201 117 35 125 182 119 151 24 114 196 9 83 145 77 29 75 242 71 14 44 22 203 3 174 226 216 189 168 105 133 85 98 115 138 64 187 247 139 162 227 15 188 148 5 109 232 137 87 131 103 200 222 154 192 161 2 72 236 229 199 113 8 170 186 57 127 51 93 90 65 81 94 16 130 60 50 4 21 190 156 245 223 217 20 243 237 59 212 135 211 40 155 204 158 208 76 104 30 209 46 195 240 126
200 11 109 140 190 152 220 203 56 229 123 120 102 163 138 4 214 248 70 221 210 29 46 132 95 131 5 66 233 92 69 24 104 155 3 7 73 86 204 87 114 169 162 157 61 110 100 19 125 59 217 183 129 218 173 156 111 122 208 227 117 189 141 211 9 94 17 168 160 222 58 51 101 142 236 167 247 184 202 39 53 244 1 235 108 195 98 13 147 137 6 96 192 128 105 18 176 47 28 116 57 175 84 151 124 31 164 237 78 207 145 232 118 74 64 80 191 238 149 219 171 178 231 126 181 119 172 185 49 199 38 27 249 177 45 205 26 72 52 188 25 135 75 196 67 10 212 246 143 223 243 225 65 165 180 103 106 224 15 240 12 194 97 245 2 41 112 242 62 127 76 206 166 89 216 193 77 107 113 201 170 82 182 130 154 83 34 136 159 79 35 148 239 153 115 20 228 150 215 32 40 187 197 93 71 226 241 134 44 68 90 48 158 146 81 121 209 23 139 37 16 8 60 14 198 161 250 30 91 174 133 42 179 63 50 43 36 99 234 144 88 85 230 54 33 21 55 213 186 22
172 45 62 38 22 111 25 167 113 39 196 226 91 29 123 71 194 239 205 36 131 165 93 178 214 17 232 7 8 245 217 235 106 183 102 200 179 30 197 68 171 78 189 149 11 32 85 223 211 3 154 42 114 54 248 150 44 159 37 142 228 14 135 18 221 125 240 153 234 140 120 23 60 21 186 121 161 122 57 13 180 181 104 237 28 116 182 81 169 132 72 6 173 61 203 9 157 209 58 250 216 151 5 170 166 130 249 40 96 155 112 160 238 107 1 94 117 162 163 69 34 201 127 164 43 48 184 244 207 31 175 143 247 138 188 219 41 4 243 59 202 90 158 56 129 215 10 50 139 16 87 119 147 191 74 233 19 218 73 210 204 88 141 105 46 220 136 64 115 49 224 124 137 231 98 145 225 144 236 99 185 65 242 76 51 246 133 195 103 199 108 213 70 174 47 190 134 66 24 198 100 156 92 20 77 222 128 84 27 229 82 152 187 97 67 80 176 241 52 89 118 95 63 110 12 212 15 146 230 75 192 33 101 227 79 35 148 206 109 177 2 83 208 55 53 126 26 86 168 193
199 167 200 108 102 68 62 137 210 26 164 24 25 145 242 191 175 78 233 215 34 85 204 116 186 104 208 10 90 169 81 151 65 107 119 71 153 234 161 51 89 101 82 198 230 209 136 38 157 122 228 221 139 245 229 236 124 57 105 1 144 197 54 135 61 214 154 194 117 28 50 73 113 16 162 103 211 235 134 69 181 158 32 125 75 146 240 27 97 2 118 195 225 93 206 115 40 19 219 174 5 193 189 163 159 243 138 31 47 66 127 109 29 111 218 9 106 248 46 120 20 227 201 131 39 180 15 170 216 205 76 87 171 217 33 207 202 149 239 188 13 172 166 156 147 44 203 238 133 100 123 64 196 177 247 152 72 212 41 141 183 192 11 246 128 92 222 23 132 142 110 224 77 84 184 86 231 94 187 17 58 80 6 232 178 223 52 190 99 143 37 12 53 150 49 121 182 36 60 42 185 140 98 249 35 55 173 148 179 112 165 213 241 18 21 63 130 8 48 83 226 95 126 114 129 4 14 30 74 70 67 22 79 56 45 160 155 3 244 237 88 176 7 91 43 59 220 250 168 96
69 120 111 1 82 131 138 38 241 6 194 179 246 33 99 31 192 41 92 237 76 37 122 208 204 123 186 240 188 159 161 88 60 86 100 13 205 183 11 45 68 51 195 15 74 102 81 110 249 80 147 187 207 160 218 248 223 156 20 244 152 113 9 18 10 46 193 35 84 177 62 213 59 216 226 24 28 39 141 23 125 235 124 181 225 245 232 158 65 91 106 47 116 2 127 7 200 212 184 3 128 95 162 217 182 25 163 73 32 30 49 144 229 17 97 14 233 56 104 206 189 239 211 135 66 130 178 137 136 108 8 22 166 234 134 167 202 145 55 169 191 4 209 71 153 236 155 119 89 54 250 121 154 165 149 214 112 16 96 53 221 231 180 63 75 43 176 67 117 85 90 133 175 227 77 64 12 171 36 27 42 140 132 146 19 50 173 201 79 94 139 109 48 21 215 58 148 185 118 93 103 115 196 238 199 247 143 105 168 87 164 101 210 190 83 61 174 230 197 203 114 40 220 26 129 107 126 242 44 78 57 142 243 5 219 98 70 170 72 224 198 34 29 157 222 150 52 228 172 151
151 83 18 204 42 63 250 213 104 67 101 82 141 31 81 135 237 215 115 23 205 106 90 166 189 160 146 7 202 22 97 139 100 226 149 58 211 225 10 217 188 147 59 161 68 1 178 16 93 179 243 142 163 219 247 197 51 180 162 183 124 240 220 12 65 38 87 133 74 239 96 150 153 235 140 54 53 41 175 21 9 190 30 73 203 199 102 103 98 55 112 48 28 127 221 105 25 244 72 66 130 52 29 241 99 20 57 50 170 249 3 37 227 4 232 125 168 216 228 246 6 145 193 49 234 174 138 118 137 116 123 69 233 44 5 33 32 198 75 15 24 88 62 92 64 218 126 158 129 94 214 27 45 184 154 109 56 89 167 85 177 61 19 121 86 43 122 114 152 191 187 2 39 185 207 181 91 79 229 171 172 192 8 224 208 134 210 157 231 196 223 84 78 200 238 242 222 245 194 13 156 40 148 164 195 80 117 143 159 46 60 128 176 155 131 201 110 182 108 26 248 17 76 144 35 111 132 209 120 165 212 136 77 113 47 107 206 169 14 70 230 173 95 186 36 71 34 236 119 11
117 197 121 183 149 104 216 107 55 97 187 106 29 83 150 24 123 88 218 84 208 125 78 200 96 71 239 186 169 190 74 170 168 185 6 5 192 249 40 99 155 61 180 43 217 148 147 229 156 81 238 91 151 94 35 133 174 115 51 201 188 12 163 140 162 193 110 196 242 232 30 165 167 105 219 89 207 69 62 93 113 36 198 248 184 92 152 122 65 48 210 18 142 102 153 158 49 1 16 159 246 135 111 211 20 227 206 126 8 118 26 205 139 245 67 98 222 136 209 235 243 7 45 2 146 204 176 226 129 31 240 202 72 130 164 19 154 63 21 22 160 161 250 120 177 53 103 247 182 220 56 57 199 27 23 77 73 11 60 114 225 141 50 87 173 237 58 42 17 131 44 68 233 108 236 166 15 86 157 109 38 116 112 134 231 189 13 46 171 213 221 101 28 224 3 144 9 191 241 79 59 137 228 124 47 95 234 66 4 127 100 132 32 230 82 54 138 244 212 39 85 37 143 178 75 179 14 80 90 214 145 223 76 128 181 119 194 195 70 215 64 25 203 34 41 52 33 172 175 10
203 189 243 156 219 59 157 19 37 36 244 70 54 91 58 233 61 240 193 234 96 88 125 220 139 169 51 138 48 232 184 27 134 87 201 5 111 65 101 178 248 66 242 177 247 45 43 72 28 136 116 40 75 100 200 31 83 211 84 195 191 49 63 135 182 215 97 13 78 181 77 214 165 188 26 192 15 154 226 22 133 175 112 24 202 33 7 62 50 228 52 222 113 187 121 11 23 53 205 94 82 89 57 103 206 129 9 217 246 225 176 17 86 120 109 186 18 114 44 35 12 144 127 81 42 194 20 68 198 180 236 60 162 118 241 168 99 231 117 106 104 161 38 172 3 69 159 25 76 170 74 239 41 153 123 238 140 10 209 119 150 166 110 16 124 146 55 190 6 224 148 143 30 171 199 73 21 67 151 47 207 107 122 46 147 245 105 137 39 149 158 2 56 95 249 32 1 128 250 204 102 223 196 212 185 197 92 145 132 183 173 131 130 230 221 98 235 93 90 14 29 4 155 216 126 79 213 71 229 174 108 164 115 227 85 34 210 152 218 208 160 64 179 167 237 142 141 80 8 163
51 69 170 246 139 71 224 142 236 107 45 132 154 29 195 212 150 247 123 16 164 34 228 177 215 64 70 113 171 245 237 128 173 110 213 19 141 186 41 68 233 229 32 102 87 119 86 59 143 20 239 165 207 202 209 198 235 200 90 76 116 114 137 148 214 15 197 2 93 191 14 208 115 204 168 84 109 118 33 48 147 151 152 103 122 1 65 88 135 121 199 241 175 53 43 167 112 130 189 127 4 206 174 188 73 13 12 250 248 97 100 124 221 179 72 249 159 216 106 39 156 125 89 67 120 80 161 47 222 210 31 193 17 62 155 160 7 61 183 98 95 190 27 187 99 50 234 21 145 217 75 74 26 18 192 58 82 131 182 85 126 36 244 133 108 54 9 240 232 231 8 153 44 94 203 28 196 3 40 42 10 30 46 23 134 227 218 92 243 201 91 6 185 57 146 22 66 163 60 230 104 176 157 136 140 226 242 129 205 79 101 225 219 144 81 238 83 55 49 149 180 78 24 11 178 138 162 35 166 172 52 181 5 117 105 63 223 56 220 169 38 111 194 211 25 158 184 37 96 77
25 148 153 139 240 183 164 159 216 146 40 197 76 94 158 28 2 93 102 23 169 36 188 161 92 103 122 61 156 56 68 244 199 128 196 29 27 184 57 186 47 142 177 165 239 108 224 85 190 80 236 99 30 52 207 202 194 221 41 88 215 248 16 18 218 17 226 98 149 181 176 247 111 91 10 172 101 39 44 3 78 175 193 86 249 242 121 90 219 250 75 180 151 162 179 55 230 166 203 171 13 1 234 62 79 9 33 4 42 206 241 204 214 191 11 133 67 229 73 143 174 136 137 198 22 65 157 118 66 200 34 49 243 26 209 131 53 223 110 182 5 205 46 140 70 123 189 231 238 89 222 105 160 124 246 213 211 113 167 45 50 178 60 58 95 185 208 64 127 220 192 31 233 12 245 37 141 112 134 144 35 20 8 114 138 173 21 170 63 48 201 132 15 152 54 117 82 155 107 147 104 210 125 83 154 71 77 72 228 38 43 97 109 227 129 235 120 74 232 195 24 51 32 87 106 225 96 150 126 145 100 69 163 135 115 119 212 19 84 7 237 130 81 217 14 59 116 168 187 6
237 59 54 245 163 41 56 5 127 6 208 244 202 145 184 100 248 139 118 151 68 66 198 206 124 119 146 8 170 33 133 72 239 211 219 128 221 16 205 85 2 230 40 116 132 29 98 63 26 60 231 3 105 12 193 89 223 46 126 57 142 226 235 129 83 88 75 69 20 241 43 90 176 234 153 19 195 224 164 174 201 14 240 74 4 123 108 1 36 136 168 247 70 229 102 101 37 232 10 18 185 99 31 178 177 213 53 76 222 243 107 171 144 67 143 52 214 87 249 35 121 80 169 217 96 51 233 220 55 109 191 157 238 179 27 49 156 115 82 122 154 62 112 61 110 125 225 86 159 199 158 181 197 48 84 11 137 182 47 173 207 91 9 150 186 113 162 32 92 39 166 175 44 78 152 200 71 192 120 149 24 77 138 117 209 180 65 246 50 167 17 141 204 161 236 42 28 79 23 203 210 111 30 250 196 216 58 134 131 135 130 25 148 22 227 95 34 194 218 38 13 172 189 212 155 21 165 104 15 103 215 228 64 93 81 140 183 147 187 94 188 114 190 7 242 73 160 97 106 45
18 212 169 144 110 126 218 188 184 201 163 29 54 145 190 207 11 70 71 214 202 12 173 229 83 180 154 2 178 36 32 22 160 213 59 63 158 93 51 62 55 172 1 13 141 205 237 58 80 25 8 233 115 156 6 142 37 211 247 68 200 33 103 171 193 66 26 28 99 88 82 189 230 153 17 69 49 127 194 15 192 245 77 34 35 94 5 197 4 96 219 236 199 52 61 238 206 7 146 109 16 152 121 159 149 89 114 64 210 48 105 91 209 9 56 75 182 116 250 157 76 78 65 137 79 150 90 102 86 216 124 31 112 176 50 72 191 21 44 19 111 165 215 239 27 139 14 46 161 232 100 204 43 41 87 39 138 125 196 174 104 107 131 179 224 24 249 227 225 162 122 234 74 244 117 81 164 136 167 140 47 235 73 108 198 130 221 128 223 38 241 228 147 195 246 53 20 231 30 181 177 101 143 208 168 155 170 166 57 95 113 132 67 3 248 10 135 84 123 40 243 85 120 106 45 129 98 133 134 217 60 186 175 220 183 222 42 119 97 242 148 151 240 226 185 23 187 92 118 203
111 48 101 152 229 80 233 195 137 136 87 45 155 244 23 63 226 42 220 26 79 218 20 51 107 57 247 59 3 73 175 92 239 211 38 223 147 106 154 27 185 241 249 76 163 104 130 123 184 113 28 172 196 214 149 162 190 99 165 64 192 109 78 129 221 187 209 121 89 95 35 182 36 178 245 179 53 188 201 34 2 250 134 72 174 234 202 69 9 56 132 199 37 40 171 61 150 189 128 65 142 153 108 144 138 204 198 180 7 77 143 29 41 213 124 11 112 4 246 100 114 125 240 52 212 225 193 17 222 161 146 14 71 170 75 238 70 10 21 159 68 50 230 19 200 126 242 173 205 243 8 67 15 186 120 210 236 74 44 248 148 60 119 18 145 1 216 81 167 133 94 228 224 227 49 33 194 85 96 30 5 13 118 66 151 116 103 140 235 39 168 86 43 22 105 135 88 232 164 115 231 166 191 31 203 62 237 217 181 219 110 169 6 55 12 24 98 158 157 131 141 25 176 197 47 206 84 122 83 177 97 102 93 46 54 156 183 91 208 127 117 139 90 82 16 58 207 160 215 32
181 237 98 7 212 215 56 194 150 216 207 163 16 222 189 130 81 198 243 12 172 87 96 5 92 90 112 218 138 99 219 78 69 42 6 51 152 121 32 22 116 31 77 79 13 106 55 241 161 20 136 196 182 108 8 170 235 245 128 213 247 82 18 140 155 176 217 183 197 80 36 57 157 63 205 158 62 227 159 68 242 153 133 30 44 169 250 186 114 88 141 9 206 46 19 185 240 229 47 109 15 127 34 144 178 97 37 89 45 188 54 59 118 187 236 38 66 249 40 167 234 190 208 100 164 154 110 156 173 232 70 113 83 23 11 193 175 3 231 200 52 76 165 85 143 171 191 84 35 104 58 94 134 239 72 166 137 107 145 221 160 17 129 49 211 120 149 73 33 111 25 67 86 177 238 132 214 233 61 179 184 223 199 195 151 60 29 91 204 2 65 27 125 246 26 24 103 142 71 1 105 93 192 117 139 50 53 146 180 225 28 101 39 48 147 210 168 4 174 115 228 41 126 74 124 230 95 135 148 224 119 203 102 220 226 162 10 123 248 21 75 43 201 209 122 14 244 64 202 131
104 243 245 161 60 247 73 35 227 59 118 188 137 52 49 162 159 211 142 133 178 147 224 199 24 115 89 20 216 121 191 26 149 204 238 56 140 46 195 101 75 91 117 58 37 11 167 27 180 190 85 100 84 214 249 2 129 93 219 248 163 32 92 186 17 10 218 69 198 9 206 141 97 192 152 174 18 29 235 123 70 131 40 155 146 138 145 114 165 158 197 205 217 21 171 68 226 81 194 208 1 111 112 134 127 65 136 132 110 242 98 179 157 96 43 42 144 246 3 128 33 210 8 102 170 107 15 22 154 175 202 166 239 80 71 78 228 160 14 181 79 207 54 109 212 90 13 215 16 222 88 55 233 151 108 237 156 106 213 125 94 64 53 244 177 45 31 234 231 116 12 34 201 82 72 126 6 209 119 47 50 135 124 5 168 76 187 221 67 183 77 139 41 185 184 62 23 176 250 105 230 143 241 61 229 182 83 236 130 232 48 28 113 19 74 172 240 51 220 164 223 103 120 44 189 30 122 7 4 153 39 200 95 225 87 150 203 99 36 193 86 148 25 38 196 169 57 63 66 173
64 170 249 195 244 156 140 6 99 88 93 102 186 35 49 12 159 16 211 17 70 200 8 43 187 146 155 167 107 177 171 119 117 22 54 174 147 123 173 198 161 15 113 145 212 122 143 237 63 109 188 239 189 76 44 68 19 139 149 121 236 87 160 34 183 204 80 228 213 144 151 180 59 26 131 238 125 178 46 116 166 29 162 184 4 23 209 182 2 66 115 47 106 215 91 223 65 158 231 83 50 225 221 58 31 7 52 10 192 194 128 103 175 163 208 33 53 95 148 234 138 172 196 37 190 168 75 3 13 232 111 61 207 124 141 104 38 9 233 220 157 219 60 197 112 79 205 55 32 18 127 28 62 27 21 130 241 39 94 96 98 176 191 224 134 210 69 20 108 89 243 240 100 92 36 248 235 137 227 56 164 110 71 216 57 152 114 105 72 193 214 169 153 199 25 97 24 86 84 250 90 120 85 41 135 48 77 81 45 42 229 14 82 67 150 206 30 136 247 132 218 1 185 154 101 11 246 242 40 126 181 51 179 222 133 129 203 118 78 201 202 5 230 74 226 73 245 165 217 142
48 90 149 128 109 97 93 220 192 13 86 159 114 84 139 10 236 218 219 107 129 58 92 37 152 226 166 60 41 204 63 74 233 244 169 12 211 119 118 88 238 160 111 106 242 227 28 96 144 100 193 170 61 81 127 44 103 62 79 176 95 232 224 83 213 24 186 132 123 240 113 116 112 168 208 91 31 145 148 39 33 138 22 142 85 207 230 199 130 146 57 161 229 122 19 78 82 47 69 201 38 231 136 214 212 110 73 162 68 164 20 141 155 59 4 3 143 200 104 237 53 178 228 32 137 40 181 235 243 187 43 250 172 157 56 50 140 190 151 121 185 249 182 16 194 98 221 6 223 42 102 99 75 191 133 174 124 241 51 216 225 55 246 67 179 234 15 72 30 49 70 120 156 147 245 29 150 64 222 163 205 202 135 87 206 66 217 184 17 23 131 198 26 165 18 45 52 134 158 167 108 154 77 34 203 209 210 46 197 126 105 1 180 2 153 89 27 80 36 117 76 195 35 115 125 5 247 8 25 189 101 173 175 9 94 71 239 215 248 188 11 183 14 177 65 54 171 196 21 7
148 150 38 239 217 11 181 75 139 197 220 174 3 214 45 87 129 39 240 53 127 99 52 116 83 4 142 20 94 66 25 5 28 237 100 244 171 225 16 166 6 80 92 70 135 54 63 7 175 202 65 123 95 247 158 122 170 138 178 213 136 85 71 86 10 183 102 172 222 64 216 236 62 137 242 226 35 228 235 195 243 60 184 196 156 21 206 42 246 229 182 128 112 37 124 218 130 203 50 163 48 22 161 34 67 109 250 30 134 90 154 167 146 185 149 26 13 12 193 57 209 192 76 105 8 32 133 194 169 23 230 207 131 79 205 125 144 24 200 199 9 176 186 47 145 208 106 221 187 36 110 143 96 177 147 162 210 211 74 248 107 59 29 111 153 84 126 201 44 43 2 234 1 61 155 160 113 179 245 91 152 204 19 46 232 51 115 81 198 55 249 101 77 41 18 49 233 40 78 191 164 58 132 157 159 173 14 215 108 141 151 119 219 56 190 31 223 121 227 27 231 33 212 97 73 104 15 120 68 180 88 72 189 168 165 93 140 17 82 114 117 188 224 103 241 238 69 89 118 98
48 242 155 47 226 60 206 237 231 116 59 84 186 70 147 113 32 109 75 14 241 162 27 173 185 40 39 6 143 176 58 108 207 220 240 97 19 214 105 79 205 129 180 50 45 195 202 110 61 124 179 168 38 65 150 189 209 219 199 103 33 25 232 210 204 117 217 99 194 49 211 157 234 224 192 138 102 31 187 160 158 85 175 98 114 36 152 96 130 245 184 7 24 137 13 112 119 164 135 161 2 11 42 46 244 197 174 95 193 76 80 165 201 146 133 67 81 1 88 167 171 34 111 18 141 121 12 126 35 221 91 218 142 44 140 73 118 227 55 213 29 69 56 178 148 166 8 215 145 23 28 182 159 41 66 196 71 3 170 198 5 230 172 9 125 120 72 92 52 136 132 63 235 247 51 93 17 200 122 190 16 20 74 106 64 83 229 250 216 177 131 153 246 101 22 183 238 54 233 228 225 78 127 94 134 77 128 151 249 239 149 222 26 191 87 223 156 82 248 10 123 154 30 15 163 104 236 89 68 90 169 188 100 139 203 115 212 4 181 144 86 43 57 21 53 107 243 62 208 37
88 153 156 113 213 171 68 1 178 137 225 228 110 42 126 123 105 155 182 111 202 87 57 69 232 233 24 218 51 52 84 248 58 36 142 19 20 131 29 152 85 217 240 98 238 60 186 243 223 204 183 64 115 143 147 190 197 53 148 63 4 2 25 181 18 212 231 100 96 162 72 28 210 7 16 90 10 236 117 211 55 146 33 116 207 234 45 81 112 222 31 239 43 133 120 191 177 118 180 102 140 216 229 246 38 65 250 94 220 151 59 83 49 203 95 160 56 101 50 15 77 145 67 6 170 195 37 134 161 193 122 124 185 41 91 80 75 8 154 48 196 221 224 192 141 3 166 158 244 39 150 214 61 138 176 30 35 104 165 93 173 164 201 174 215 226 86 230 73 149 62 130 125 5 128 206 135 40 78 127 119 242 12 189 76 99 22 245 187 26 235 79 205 103 11 92 132 139 172 168 106 54 34 219 208 97 249 13 144 188 23 82 129 44 198 247 184 14 32 136 17 107 200 70 157 237 209 175 47 89 121 21 46 159 227 109 199 114 194 27 66 163 9 74 179 169 71 108 167 241
116 68 121 71 115 141 82 24 222 54 62 28 208 103 128 22 247 240 31 145 47 143 161 113 8 244 201 166 18 134 51 76 184 11 92 188 70 215 150 19 7 226 180 135 246 206 162 235 90 149 86 236 209 154 111 164 97 130 105 78 49 117 205 224 32 199 56 191 104 139 41 106 153 248 152 40 9 91 57 29 53 233 249 212 114 187 4 50 101 127 80 242 87 120 144 146 159 176 225 196 234 177 193 69 110 228 55 73 125 126 2 43 45 74 203 84 23 60 46 232 148 136 220 147 131 140 156 239 6 79 229 221 124 98 83 85 169 67 75 30 99 39 52 107 219 214 238 81 157 204 21 190 183 95 213 16 198 102 129 118 231 89 20 42 94 63 181 3 38 27 218 211 194 207 122 123 197 172 93 77 25 168 137 195 96 210 66 173 36 10 178 250 109 26 241 48 216 138 174 13 163 245 133 192 171 182 14 65 35 100 160 167 165 170 185 33 5 217 34 230 72 64 61 175 179 108 155 237 58 1 189 15 200 17 186 223 112 12 44 142 151 132 119 227 158 88 59 37 202 243
126 199 90 94 240 214 63 32 197 195 250 13 246 10 15 152 39 89 55 220 145 104 122 83 127 23 231 54 202 14 155 148 235 184 75 41 109 52 123 180 129 6 124 154 46 35 151 57 118 60 142 169 146 221 158 119 53 135 42 185 149 143 191 101 215 20 64 200 34 18 161 100 45 30 96 171 68 190 121 219 209 218 172 50 112 47 173 3 102 5 243 27 229 192 91 178 4 210 110 12 114 62 2 56 188 224 77 138 228 165 120 147 241 108 203 111 162 67 236 95 22 150 168 86 208 44 84 85 80 206 211 33 175 193 43 183 58 16 66 107 7 212 187 201 73 137 131 166 213 92 11 48 232 139 196 71 61 205 17 223 238 179 247 239 132 19 59 128 51 237 153 79 117 159 248 70 244 1 177 105 249 167 230 116 78 81 82 99 141 25 242 97 227 103 9 198 225 134 136 98 222 69 65 234 194 186 38 164 170 21 88 74 189 245 204 216 160 49 174 144 37 182 156 226 76 72 87 163 125 36 106 115 217 157 29 207 133 26 181 140 176 8 130 28 93 31 113 24 233 40
40 19 169 234 185 162 60 125 1 250 138 192 200 30 3 210 45 37 49 167 106 124 96 227 8 241 204 99 72 193 62 209 14 218 220 166 141 246 88 98 85 179 190 243 130 100 219 57 92 21 112 145 61 116 78 148 226 123 64 10 128 32 29 114 173 215 187 188 142 70 59 75 4 48 66 247 156 196 16 222 58 25 245 149 236 161 120 107 80 137 230 129 235 42 109 47 13 213 232 35 113 108 83 168 134 136 224 214 160 174 153 39 91 118 23 172 20 87 231 79 73 111 144 52 157 9 147 206 44 84 53 239 171 82 115 7 195 5 202 127 26 22 104 240 208 63 212 50 74 105 18 143 54 34 183 95 89 41 68 170 150 201 225 38 216 6 184 237 211 180 151 17 182 176 155 69 102 101 2 126 189 207 86 181 93 71 81 177 139 90 198 31 249 194 77 122 67 12 159 24 197 119 103 27 165 233 56 135 244 164 163 65 178 154 175 51 228 46 191 221 117 238 205 110 36 152 131 203 76 217 121 55 97 94 15 248 158 11 146 28 33 186 242 199 132 140 133 223 229 43
163 196 65 11 231 248 165 197 90 69 154 162 54 247 118 34 43 46 200 132 99 159 208 33 243 16 15 36 71 246 133 216 3 150 145 84 13 189 239 203 116 167 62 168 202 27 129 25 214 21 110 79 245 18 35 135 166 102 173 126 182 138 125 188 123 109 95 82 152 67 194 107 237 58 124 91 130 31 161 85 131 233 48 52 128 38 28 51 225 156 178 74 61 170 70 120 5 147 171 72 14 227 59 24 157 222 204 174 228 195 89 6 217 119 176 76 41 229 56 92 93 81 146 30 140 210 179 226 114 177 137 187 98 50 241 236 108 221 160 238 9 60 184 117 8 55 96 64 244 115 47 94 37 185 80 209 68 249 207 143 88 215 17 153 42 101 149 111 106 234 186 10 87 193 192 224 45 86 49 219 148 57 104 172 113 155 158 190 205 191 32 206 26 40 198 121 240 141 201 242 105 142 164 78 97 136 19 63 232 169 235 12 230 2 83 250 100 44 181 180 112 212 39 220 134 20 144 1 53 73 223 4 213 75 77 66 22 151 103 199 29 127 7 139 23 183 211 175 218 122
162 49 66 96 58 106 220 19 142 206 91 8 62 165 156 40 232 33 25 213 198 12 55 221 109 47 27 30 85 186 148 125 242 56 202 152 244 75 26 37 175 146 246 86 104 184 73 31 32 60 129 102 74 71 112 214 204 127 3 178 143 39 6 145 101 45 79 169 70 36 161 233 174 95 98 230 111 138 236 103 65 4 199 80 222 173 247 34 166 239 225 243 14 76 81 218 54 113 82 123 134 2 135 237 245 15 63 205 13 203 151 180 126 94 84 190 121 132 105 157 99 77 196 170 188 67 250 124 168 181 50 153 78 87 117 179 137 147 195 97 41 224 197 155 193 61 38 128 130 211 234 216 207 21 115 167 228 150 122 10 133 118 182 64 177 90 72 57 92 114 171 240 140 22 215 187 144 69 35 17 172 28 120 248 88 201 116 43 217 51 44 176 200 238 227 208 20 108 212 229 59 52 119 223 42 110 48 23 83 16 231 154 29 183 164 235 159 89 160 192 7 149 141 163 209 46 100 219 194 53 107 9 185 131 158 189 1 210 5 18 68 136 11 139 191 226 241 249 24 93
16 4 99 222 28 236 108 103 131 106 72 111 150 186 52 114 188 123 226 215 86 138 193 221 78 122 98 62 178 155 204 3 36 23 158 228 195 43 202 96 83 216 206 220 128 41 47 164 247 42 190 117 118 48 172 191 152 59 181 109 165 120 54 244 58 173 102 51 207 171 64 187 211 135 35 192 176 18 147 169 68 239 217 189 248 95 136 199 69 89 140 124 241 92 127 133 230 157 234 153 240 57 210 182 201 8 80 203 112 65 22 197 224 81 50 55 71 21 15 110 235 219 85 170 183 24 156 162 180 61 20 174 1 26 49 237 93 161 143 205 88 11 185 243 2 246 160 232 25 209 7 167 9 208 218 132 34 148 159 73 94 139 56 91 126 245 168 37 229 125 119 90 101 142 38 250 213 31 154 198 141 12 84 97 113 6 46 60 45 151 238 87 121 32 100 10 82 76 166 134 116 67 77 184 5 175 214 130 179 149 163 104 249 105 14 53 63 13 17 227 194 115 200 74 44 30 129 212 144 29 231 223 75 146 27 33 107 137 79 40 242 196 70 225 19 39 145 233 177 66
125 97 43 63 67 89 173 208 232 236 99 121 219 143 250 74 192 28 238 66 50 223 16 166 46 30 230 53 75 78 183 41 155 204 199 136 137 171 83 194 87 42 188 76 132 98 13 14 241 229 226 160 141 234 107 94 120 45 146 182 62 200 51 109 228 73 150 174 119 165 24 214 184 88 163 114 157 206 39 7 27 25 151 240 123 12 108 90 242 244 29 207 38 168 139 209 19 159 9 33 100 154 91 11 112 104 23 145 175 162 21 198 167 128 185 80 4 130 102 101 239 8 210 179 3 245 55 189 193 124 69 186 203 20 126 164 122 227 127 93 72 48 34 158 247 85 118 106 10 79 211 140 15 36 246 64 37 147 220 22 181 116 57 92 47 148 180 149 70 138 161 96 170 18 52 237 133 117 225 77 224 190 131 26 58 17 202 110 56 243 187 215 248 5 156 144 205 201 1 176 134 233 44 142 103 82 6 54 65 197 61 172 35 40 213 31 235 153 49 32 212 86 221 113 169 222 115 84 196 135 71 129 2 111 191 217 95 177 60 105 59 152 216 231 81 195 249 178 68 218
43 149 32 136 94 158 233 198 239 177 8 143 75 6 138 183 92 152 122 193 246 57 17 188 105 2 172 144 153 170 5 34 24 212 220 106 224 216 22 81 121 210 243 160 76 86 113 46 71 189 77 15 123 115 112 3 23 67 18 45 199 51 62 60 4 69 96 37 163 72 164 84 74 175 249 58 114 191 100 157 39 28 173 134 242 150 128 139 155 147 89 130 11 59 181 90 196 35 135 14 248 194 56 124 228 117 20 203 68 42 19 154 31 26 61 12 50 82 93 186 174 107 101 141 215 64 213 178 95 225 85 129 148 190 250 165 234 53 237 33 140 162 180 21 235 156 27 98 127 16 182 192 66 54 247 38 10 240 83 79 207 146 168 36 48 80 91 217 47 241 167 118 63 103 238 116 206 244 185 195 133 44 200 29 205 229 226 176 99 236 179 231 97 88 204 40 232 202 208 87 214 9 70 102 110 197 65 227 25 108 218 230 151 132 111 73 187 222 211 166 221 126 52 169 145 159 1 49 55 161 171 41 201 104 131 245 120 119 125 13 219 142 184 7 209 30 109 223 137 78
243 11 97 31 230 26 85 174 149 7 78 84 144 111 130 133 106 242 232 176 248 23 114 187 73 118 145 128 51 68 33 183 195 50 75 137 216 74 206 247 172 151 226 173 213 162 8 126 125 83 16 153 89 117 193 55 96 123 32 241 215 72 19 103 28 69 30 46 194 208 115 231 1 94 199 175 152 164 70 120 202 109 62 119 168 60 132 165 112 38 81 34 58 40 3 121 79 196 234 236 14 129 166 203 135 105 143 6 24 221 250 244 66 29 104 136 39 220 192 222 52 56 91 113 182 159 76 147 245 59 18 238 207 223 212 21 65 124 131 107 98 20 77 171 141 201 237 108 169 12 99 160 80 157 233 156 188 48 102 205 140 218 53 9 146 22 101 177 185 63 95 214 71 204 154 186 49 13 150 116 93 148 235 158 198 110 189 167 36 122 57 180 178 37 184 2 138 67 227 155 5 161 163 61 41 170 179 100 209 211 191 4 142 225 246 240 181 35 239 92 82 15 127 87 190 64 200 88 134 42 54 228 217 210 43 224 219 17 45 139 229 47 197 25 90 86 249 27 44 10
69 187 141 166 65 205 66 157 24 95 185 28 49 158 223 44 63 177 27 246 191 46 11 98 96 107 163 130 154 70 173 36 81 114 125 128 156 218 227 139 16 195 62 84 148 55 50 88 35 206 121 131 109 51 37 240 112 61 47 220 67 143 149 208 234 186 244 215 241 209 184 216 30 39 197 165 159 182 104 64 120 40 126 17 21 225 23 76 108 8 181 93 174 236 111 85 25 10 230 170 7 180 56 204 179 137 217 140 135 74 196 214 238 202 105 145 199 133 219 29 213 58 32 119 82 231 142 13 122 75 53 60 237 188 9 72 242 250 162 198 15 34 171 164 123 79 190 102 249 147 22 229 14 232 221 77 247 228 124 12 235 155 115 68 92 91 4 201 5 99 160 89 2 153 152 103 73 97 161 189 245 71 183 212 150 41 194 168 113 52 1 101 19 176 222 6 239 59 207 3 210 243 117 78 106 167 18 48 86 110 200 192 129 20 80 138 132 172 38 33 45 100 233 178 31 87 43 116 175 26 203 83 146 144 211 90 127 151 224 42 54 94 134 169 118 193 57 136 226 248
22 27 106 149 226 220 207 41 206 76 131 37 64 38 56 15 45 5 186 135 90 200 209 31 69 141 18 133 218 143 178 190 197 208 117 173 43 83 243 105 210 24 154 50 122 63 98 215 161 203 115 112 54 127 185 242 34 198 223 246 51 211 240 236 52 180 73 138 231 216 101 60 225 89 11 121 42 67 177 30 23 17 140 61 129 191 194 84 224 85 162 78 99 199 93 202 49 204 88 168 205 53 230 165 2 25 4 145 96 48 28 36 59 109 116 95 158 6 55 58 113 150 179 8 16 181 249 183 107 77 187 26 172 39 175 237 14 176 160 104 229 166 123 217 222 102 189 125 219 137 87 167 108 169 193 228 147 213 234 221 250 196 155 241 12 75 111 195 174 1 188 65 92 35 32 20 114 91 153 164 239 132 201 136 62 74 21 163 97 148 233 71 142 10 227 212 238 44 110 184 120 82 152 146 66 46 171 80 232 244 157 192 57 156 130 94 33 3 72 247 79 128 29 124 7 139 103 9 13 144 119 159 151 70 100 170 126 235 68 40 19 214 134 182 86 248 47 118 81 245
190 158 223 162 165 93 27 89 76 10 105 15 186 5 130 175 54 136 227 235 31 144 143 45 124 161 7 177 240 187 163 91 82 65 79 38 182 94 25 246 232 59 206 131 69 192 122 166 77 193 155 6 141 217 120 123 84 172 225 50 116 68 159 18 51 53 44 202 170 178 169 107 229 249 60 203 16 142 98 21 86 111 207 244 11 88 184 117 160 14 150 135 39 250 9 72 102 228 23 147 224 55 199 75 95 92 204 171 24 167 99 58 245 49 138 216 132 140 148 110 133 179 200 213 35 67 71 194 168 73 90 47 74 19 146 164 42 96 234 37 97 208 149 174 48 4 80 127 180 109 222 81 17 32 189 241 108 78 248 237 85 151 22 64 247 230 87 195 20 52 106 157 36 215 191 183 185 62 129 212 13 26 12 220 214 233 112 121 188 218 119 139 114 66 219 236 56 153 211 243 210 57 198 238 2 100 226 83 176 201 128 242 101 125 126 104 181 40 205 145 29 152 221 8 113 239 3 41 70 103 30 197 156 196 118 173 154 134 137 28 63 1 231 209 33 61 115 34 46 43
237 154 71 6 208 83 62 88 95 160 21 181 93 163 35 184 169 44 113 130 149 77 142 94 15 125 201 178 20 158 29 240 122 13 166 42 203 233 174 2 50 37 136 156 1 41 234 197 168 72 49 246 193 119 140 17 101 205 231 206 138 19 66 185 75 147 225 152 207 198 238 155 167 106 222 204 4 250 48 145 191 212 98 86 85 84 59 99 108 39 81 192 38 74 171 223 248 179 80 112 90 43 219 159 102 46 133 131 34 91 76 241 217 87 52 173 97 23 226 33 244 24 189 151 228 16 229 68 214 9 195 144 67 187 82 129 216 218 120 137 200 55 26 221 56 65 116 105 132 47 109 143 190 232 117 30 57 236 22 14 53 70 18 58 209 111 78 103 224 230 220 213 165 227 161 153 162 63 211 11 202 110 124 79 146 126 64 199 196 121 188 107 127 12 172 31 175 139 114 180 92 235 96 148 60 141 28 183 239 10 61 69 247 243 118 5 73 135 194 157 25 245 8 249 104 100 7 150 215 170 176 3 36 89 164 51 177 134 186 40 123 182 128 27 242 115 54 45 32 210
247 203 51 135 119 104 181 121 117 196 7 9 67 87 107 36 154 83 38 6 63 22 191 37 5 113 80 208 100 188 209 17 81 46 54 2 115 99 235 148 185 233 89 58 138 57 229 130 84 246 76 217 109 150 145 201 211 79 164 186 139 160 41 62 13 26 88 147 122 143 173 94 60 93 182 149 162 123 176 21 166 238 71 129 237 243 174 34 64 180 221 42 244 69 4 45 24 78 136 215 219 20 249 29 161 222 16 225 218 228 178 193 192 111 190 168 30 32 124 35 146 179 144 156 98 52 184 236 210 103 65 214 239 227 15 207 230 82 110 234 177 23 92 152 86 213 170 3 195 134 212 56 165 163 141 159 248 70 27 96 189 112 183 194 91 105 77 10 61 175 200 142 50 216 11 132 31 102 25 157 131 116 226 202 14 187 198 19 128 126 28 101 53 133 232 158 224 127 155 167 85 66 74 12 205 206 43 242 241 204 55 90 172 47 153 8 108 1 120 73 125 199 197 240 114 44 95 59 137 140 223 169 118 220 171 151 245 72 231 75 106 48 97 33 40 49 68 250 39 18
158 23 5 211 249 24 244 224 186 8 120 150 56 168 73 26 145 171 94 201 124 127 77 204 241 228 43 54 233 11 213 95 93 156 202 70 3 50 151 184 196 92 90 69 76 105 247 39 72 129 32 191 57 225 206 207 215 242 139 103 51 246 30 216 194 176 205 60 6 188 36 118 245 45 232 89 85 128 38 155 218 237 106 239 28 115 195 64 74 109 61 243 208 41 12 87 46 152 222 227 25 229 66 83 22 81 29 159 130 187 192 179 234 146 48 142 101 161 75 7 110 236 167 107 86 52 96 163 55 35 13 125 82 108 160 147 10 78 175 16 153 132 197 177 217 230 116 250 199 169 126 157 162 97 62 140 111 65 37 63 190 223 181 79 219 40 112 131 182 209 165 27 248 180 122 31 58 174 231 143 68 80 134 98 138 71 9 220 135 166 136 183 198 91 17 117 154 20 114 238 193 34 18 170 123 119 173 185 33 172 21 113 226 102 141 104 133 214 137 221 178 240 200 15 2 144 53 149 14 67 44 19 164 189 59 100 47 88 148 99 121 84 1 235 49 210 212 42 203 4
232 208 177 172 242 76 118 164 150 54 146 81 142 160 97 180 235 119 151 106 36 26 111 52 10 73 202 140 88 228 152 168 192 167 103 200 41 184 80 126 243 23 3 43 135 53 155 18 11 68 67 201 199 214 117 71 211 185 21 131 171 193 169 241 82 236 55 57 6 196 245 98 190 139 148 124 99 149 77 125 2 66 238 89 123 74 145 221 100 195 120 129 27 95 35 60 133 14 16 58 230 137 229 218 130 64 38 91 7 239 248 186 56 107 205 108 223 102 61 224 181 166 233 249 84 175 225 237 215 247 29 156 45 206 170 90 24 127 79 104 213 50 174 138 96 25 17 191 34 121 94 179 51 226 183 128 227 86 46 39 143 217 197 188 173 203 194 219 147 122 114 115 4 59 32 85 105 159 92 83 110 15 33 44 62 19 70 31 20 30 69 234 134 210 220 222 116 231 48 216 113 12 37 63 93 207 209 163 22 157 176 162 244 72 204 109 8 1 5 132 49 240 47 144 189 182 42 40 246 165 112 13 9 178 78 65 154 158 161 136 141 250 198 101 153 187 87 75 212 28
150 199 188 91 163 79 183 46 66 87 137 14 51 140 42 49 40 130 218 132 112 80 23 193 181 174 65 98 64 243 190 208 15 241 191 68 74 215 147 135 44 103 240 203 52 1 179 168 104 247 214 205 159 182 83 29 121 166 144 185 101 154 226 192 82 138 94 95 75 173 41 120 141 129 176 86 230 232 113 50 124 105 177 77 152 153 110 133 78 164 236 207 227 197 143 84 157 171 212 72 11 142 114 27 118 2 186 202 246 155 209 93 115 47 4 39 162 100 45 12 3 198 136 223 108 97 85 206 151 106 8 5 89 17 146 165 169 60 13 219 228 249 70 242 158 134 90 229 19 248 122 217 189 204 88 111 167 63 21 161 139 30 69 234 238 57 62 220 59 237 76 224 56 123 73 35 43 16 235 148 54 156 233 200 99 48 213 127 34 116 55 96 10 107 128 210 175 201 33 194 81 53 196 172 109 131 31 38 24 92 32 222 18 26 178 187 149 36 119 20 28 245 58 170 184 61 221 102 239 6 225 216 71 25 117 7 22 9 125 67 180 126 211 231 37 250 195 244 145 160
116 55 228 67 109 96 147 58 137 135 110 48 119 54 127 140 59 209 246 165 185 7 168 88 25 151 53 142 199 4 231 167 30 91 244 189 138 237 221 141 179 212 28 50 87 152 128 115 226 74 123 227 129 1 210 24 5 51 106 233 112 192 133 153 148 70 113 234 84 10 243 211 229 13 230 247 46 224 163 245 136 191 150 194 37 107 76 249 23 125 108 62 170 21 193 15 215 83 164 101 22 81 29 78 86 40 172 92 156 176 205 105 160 43 239 242 95 173 80 8 66 183 99 130 196 65 143 49 219 197 36 44 38 122 187 39 178 3 166 162 94 35 217 100 52 72 214 32 175 111 120 232 98 27 184 19 204 41 144 16 132 238 121 75 250 77 220 190 159 202 181 14 18 157 61 171 177 93 131 73 174 216 206 79 203 200 69 201 223 149 12 90 241 63 57 6 31 33 114 248 47 236 198 169 218 2 124 158 213 60 240 186 64 42 155 45 146 180 154 56 207 145 26 9 17 20 134 161 222 102 195 71 235 89 82 182 11 34 85 97 68 225 117 208 104 139 126 103 188 118
46 244 212 84 182 143 238 17 79 101 58 170 163 87 155 36 186 133 181 32 159 94 199 169 226 126 63 124 59 65 119 39 162 248 245 98 96 120 211 52 240 180 109 164 200 171 66 121 160 1 23 157 131 9 232 140 217 250 147 62 99 165 127 72 33 113 40 203 222 88 103 215 177 183 117 151 77 209 141 70 86 83 228 208 21 233 18 61 20 69 76 44 178 201 95 11 214 139 224 202 3 129 60 137 64 236 22 42 116 213 10 234 167 56 2 54 190 235 68 176 206 105 19 31 85 216 198 107 26 219 41 197 207 38 191 112 174 135 225 195 92 175 75 196 136 231 5 193 51 154 153 111 229 123 122 187 30 148 90 47 204 118 93 185 223 128 138 14 132 34 227 114 210 67 166 25 242 239 125 220 149 189 194 192 158 48 106 24 80 146 97 145 172 45 89 108 130 115 156 134 43 142 188 218 110 78 50 249 74 37 12 91 237 184 230 16 4 243 55 7 104 57 241 27 102 6 246 35 28 144 81 150 82 221 168 15 173 205 152 73 100 13 71 29 8 49 179 53 161 247
66 115 174 119 21 220 191 100 233 40 192 229 35 26 36 39 230 50 107 237 1 108 98 162 87 200 141 56 146 184 52 53 186 205 6 222 144 24 93 84 172 28 203 13 158 12 64 145 95 83 118 48 215 9 92 89 199 170 90 185 81 109 142 59 165 30 209 201 105 157 243 127 27 139 99 15 202 104 173 126 18 195 224 23 221 171 194 68 114 121 69 244 7 236 17 138 77 75 193 182 217 32 37 225 133 91 213 241 163 34 110 16 96 168 103 239 135 129 55 242 41 190 204 228 62 246 238 67 65 72 249 240 122 125 196 43 248 79 33 132 58 2 177 166 206 44 116 175 137 151 147 106 235 25 85 143 198 134 212 167 94 112 82 176 3 4 49 180 102 97 57 214 155 197 250 130 207 31 211 148 101 247 113 47 22 123 46 187 219 188 131 128 150 232 70 11 10 8 226 61 231 218 178 29 88 42 149 159 152 78 63 154 227 5 73 136 117 74 14 54 223 181 183 216 179 60 45 140 161 124 80 160 19 71 86 169 189 51 20 245 156 120 164 210 234 153 76 208 38 111
154 15 52 80 174 64 204 70 104 192 110 73 95 72 126 71 234 3 207 123 82 149 49 20 44 109 121 155 113 24 218 176 158 222 32 127 56 240 148 187 1 217 74 202 178 42 28 25 122 165 191 139 35 120 227 199 244 145 152 117 18 16 232 213 182 138 97 96 184 62 45 69 63 180 133 38 89 11 48 10 116 94 146 91 83 209 37 119 67 156 249 179 27 118 115 41 59 136 54 137 8 36 175 4 53 40 169 101 2 210 88 162 108 239 87 215 50 124 200 105 167 237 201 228 208 57 29 107 134 81 98 163 144 231 102 79 77 103 197 212 76 100 33 186 22 130 90 150 12 66 216 188 193 173 160 60 220 153 140 177 171 166 185 229 5 219 112 245 161 39 206 13 242 221 85 19 46 68 250 65 225 47 223 243 235 78 226 55 168 23 247 241 203 233 128 21 92 58 246 214 51 111 181 99 194 172 132 86 129 236 151 164 211 195 157 9 84 198 196 75 106 159 125 205 183 135 170 114 14 142 190 131 143 189 248 31 147 238 230 34 93 7 26 61 141 43 6 30 224 17
210 238 128 233 201 19 70 196 101 114 160 161 82 151 21 99 230 2 25 153 55 126 211 100 177 80 84 6 94 243 15 158 50 1 144 45 53 229 250 123 23 44 20 138 78 56 32 43 4 65 51 133 61 31 249 120 143 188 104 47 149 156 197 73 77 167 222 244 125 132 26 7 110 234 83 11 184 198 225 202 135 217 204 66 168 118 85 195 199 142 173 97 228 68 64 109 181 17 159 137 170 200 205 145 247 38 10 75 27 183 226 57 162 136 232 113 180 103 117 54 41 79 95 227 216 87 237 131 69 154 190 164 218 236 215 212 235 28 245 127 174 122 98 165 246 124 42 171 147 67 219 36 185 102 12 48 179 189 62 88 59 116 141 231 240 208 163 206 242 63 241 91 13 37 148 129 130 9 239 203 24 207 192 146 166 86 157 115 187 209 112 121 34 191 140 33 16 107 89 224 29 22 92 220 186 111 169 193 14 40 178 150 108 93 49 96 194 3 223 76 221 39 52 60 213 134 58 8 18 176 5 175 72 172 90 152 35 119 105 139 155 106 214 248 46 74 71 81 30 182
56 220 148 199 145 100 106 224 124 99 149 176 115 238 58 103 140 22 17 193 249 26 211 198 21 218 202 132 36 123 42 244 226 24 208 194 93 34 122 44 222 14 1 233 197 107 30 241 157 190 7 170 191 186 117 86 133 70 209 45 47 37 126 243 147 96 246 156 146 187 62 83 88 162 127 84 172 20 150 210 155 76 51 71 12 207 19 228 114 137 245 101 184 166 242 179 98 152 40 142 72 23 151 200 112 90 159 92 67 97 205 230 161 136 53 175 216 163 108 232 110 15 185 85 66 39 134 3 60 95 237 38 8 50 109 43 215 49 168 130 180 28 104 81 121 6 54 111 61 57 35 234 138 87 213 177 105 221 46 235 118 201 2 129 91 16 41 79 139 250 165 82 119 240 89 182 153 169 239 113 48 158 25 120 31 32 248 178 219 171 102 188 5 217 229 195 125 78 59 63 55 29 75 80 167 33 10 196 77 64 69 18 143 174 4 128 131 189 154 247 227 225 9 192 214 141 231 144 135 27 73 74 52 116 13 212 11 181 223 204 65 183 173 206 160 203 94 68 164 236
225 47 35 158 68 105 3 142 107 124 76 152 150 77 101 48 145 238 41 193 149 131 189 5 2 52 222 90 241 20 4 29 171 219 21 178 25 205 234 177 14 228 23 200 81 173 188 43 185 45 98 8 132 180 207 7 57 164 112 174 144 56 39 62 22 67 117 94 36 11 27 91 129 249 64 161 204 191 63 106 128 247 240 214 167 72 26 196 155 147 1 159 111 168 9 42 95 218 16 135 60 227 53 89 51 114 44 108 153 213 34 156 208 28 113 109 33 232 85 215 146 97 102 32 30 12 140 201 110 221 230 84 59 206 93 216 224 125 58 13 82 65 203 211 88 143 141 121 242 237 231 233 163 134 50 24 138 126 248 212 187 170 250 96 166 243 75 181 226 186 148 104 116 80 199 223 10 220 190 17 130 246 184 127 197 92 119 100 54 18 137 154 169 210 71 46 165 115 183 86 37 120 176 83 151 15 6 182 40 122 209 66 103 157 192 235 136 19 239 38 139 175 160 123 244 78 49 118 195 99 162 198 202 70 172 79 236 245 55 74 217 87 31 229 69 194 133 73 179 61
139 123 49 48 97 185 22 245 197 206 134 130 99 84 72 121 9 70 108 161 238 214 187 208 202 125 6 201 230 23 133 30 158 154 244 17 68 229 152 195 194 149 164 103 138 13 177 114 82 64 44 198 200 170 153 150 78 81 226 85 132 223 137 35 124 174 129 131 168 184 120 199 87 94 67 32 228 4 179 135 181 231 143 136 77 38 105 190 69 242 221 52 189 171 205 220 213 106 31 61 10 3 140 142 144 225 53 155 2 101 192 248 159 169 25 215 107 11 71 156 160 165 21 166 227 151 218 193 119 1 92 111 42 222 113 212 117 74 37 66 147 95 56 28 112 128 5 36 146 15 47 29 209 219 58 100 163 178 16 109 118 115 91 162 73 63 50 176 183 211 172 236 89 83 191 104 40 145 210 247 116 224 239 62 243 126 33 182 7 237 39 217 27 98 18 173 60 232 59 79 55 141 90 102 196 80 76 88 246 93 43 20 188 51 235 122 19 180 249 96 24 127 45 175 86 157 65 110 234 8 57 216 203 14 250 241 34 12 75 207 148 233 167 186 240 41 46 26 54 204
102 238 187 92 250 105 162 198 235 155 70 74 11 166 158 124 125 100 241 233 77 112 164 72 14 86 80 110 122 78 245 246 204 47 209 43 27 137 98 179 40 195 95 17 37 175 194 145 39 113 212 226 117 202 65 13 133 183 23 64 223 190 36 94 170 58 181 104 203 232 240 67 131 163 222 156 213 63 220 89 229 151 127 146 1 109 57 123 62 34 19 134 106 228 35 217 244 135 12 103 231 184 49 148 52 205 48 76 28 126 207 93 101 15 206 88 3 177 90 249 172 178 169 159 99 84 201 41 9 136 30 61 139 196 167 173 116 7 153 215 142 239 21 50 157 46 193 54 144 71 185 31 143 119 140 243 192 107 26 53 211 218 121 118 188 96 82 150 68 189 176 5 174 152 29 210 38 221 214 128 171 10 33 200 87 81 120 25 56 230 2 51 149 60 227 79 24 73 219 45 186 42 69 114 138 141 75 111 182 130 132 180 55 32 18 199 168 161 4 44 197 234 216 108 225 83 191 91 66 16 97 147 129 236 242 237 6 208 85 224 115 248 247 20 154 22 8 59 165 160
67 123 236 166 101 100 107 7 41 62 43 229 127 98 121 60 111 193 39 181 162 66 209 95 175 141 22 8 64 134 217 197 12 3 35 205 29 2 19 71 118 182 228 56 49 139 102 142 184 76 77 185 152 156 140 164 214 233 246 183 99 37 72 150 245 18 186 240 79 144 218 80 132 27 131 200 226 207 176 70 46 103 239 20 85 171 68 230 94 116 86 188 51 192 191 15 50 169 36 126 241 23 108 179 26 216 63 203 215 221 30 145 40 83 204 87 149 25 110 1 106 47 96 138 161 125 160 222 172 165 109 157 250 13 248 55 170 117 225 92 238 75 65 237 124 143 235 42 69 32 104 148 212 249 174 45 48 78 82 54 177 115 244 178 159 73 220 210 28 163 122 155 223 91 194 227 88 53 33 224 146 105 187 90 61 243 234 202 84 133 57 128 113 10 195 173 136 17 147 97 5 154 180 81 151 24 16 74 112 208 52 59 38 211 198 114 4 11 199 14 137 168 89 242 189 6 135 31 158 120 206 247 130 213 58 232 219 167 231 34 153 196 21 93 201 44 119 190 9 129
82 16 202 42 29 47 65 213 235 123 181 114 112 233 250 48 13 127 165 159 241 119 155 182 137 169 180 102 25 194 83 51 63 4 234 50 87 203 163 146 171 128 30 205 96 55 204 106 216 104 107 197 224 172 58 120 227 109 187 139 52 242 33 31 34 164 130 132 115 57 174 226 19 80 199 246 212 201 154 62 225 95 249 153 210 140 94 229 151 74 228 18 160 11 3 38 248 217 110 231 89 209 53 176 179 20 66 28 99 98 2 61 35 134 158 168 177 188 192 37 7 69 103 105 237 21 238 9 124 88 59 135 152 149 126 148 193 173 214 39 138 43 190 54 178 49 144 67 12 6 162 15 79 41 100 46 150 44 90 64 189 92 111 243 118 81 200 129 156 116 22 40 91 191 84 10 221 170 26 108 211 86 117 143 222 147 56 14 73 195 93 218 122 184 76 198 208 71 75 24 97 1 207 161 167 236 239 196 185 230 5 8 232 166 131 141 220 32 133 113 215 23 17 36 70 175 27 125 186 78 136 206 72 60 157 240 219 145 85 223 77 45 247 121 142 101 183 68 244 245
249 77 153 36 156 226 81 137 126 2 43 127 190 189 212 229 3 186 218 195 12 100 215 48 34 223 46 207 228 87 115 217 6 165 28 247 121 185 179 184 177 174 141 97 158 210 213 211 29 149 239 88 5 128 237 196 75 112 110 51 106 90 135 132 142 18 157 151 154 134 199 221 171 24 138 241 163 15 83 9 64 20 175 96 68 240 117 45 53 118 101 235 143 17 234 145 232 122 164 86 84 30 166 136 19 66 92 140 26 116 204 183 161 124 225 25 180 111 72 187 250 205 129 16 244 47 89 11 63 197 59 233 21 23 103 172 37 65 4 14 176 125 160 56 95 202 192 42 31 71 220 69 200 99 91 62 194 144 22 13 50 114 162 108 40 107 54 78 109 206 82 49 152 238 123 245 57 67 76 61 208 85 230 93 224 214 146 38 170 182 248 236 242 94 74 32 60 168 104 243 173 35 130 188 131 181 73 191 198 27 41 7 58 169 147 39 231 159 209 1 139 80 98 33 55 178 105 167 222 119 52 219 79 8 133 216 120 113 102 201 246 150 148 193 10 155 70 44 203 227
158 183 141 124 113 224 182 239 142 47 95 70 178 53 228 110 7 48 56 232 212 63 165 87 12 117 84 59 121 93 167 1 185 109 153 176 111 241 168 20 211 44 115 231 127 29 179 103 26 120 119 40 132 234 207 180 155 249 203 65 60 143 147 15 194 202 175 19 38 81 245 172 17 177 114 199 204 214 162 61 46 2 51 21 154 91 62 223 5 164 160 247 78 137 144 94 138 25 123 159 24 130 10 118 27 31 157 133 189 64 37 86 222 55 220 66 171 226 244 9 156 208 107 126 89 198 230 174 139 197 225 149 34 80 73 161 150 75 71 136 16 227 191 4 213 14 18 188 217 135 39 206 221 184 240 134 42 105 169 50 195 3 85 218 187 67 237 76 54 166 58 215 145 192 97 41 122 129 235 246 101 99 49 72 201 116 35 92 112 170 33 88 68 96 242 30 148 128 36 102 209 45 28 163 243 23 106 238 190 152 69 151 200 193 181 6 210 186 219 229 98 57 140 146 90 205 8 108 52 250 196 216 43 74 100 82 173 83 236 248 79 125 77 22 32 131 104 11 13 233
97 177 85 178 43 246 54 229 193 217 53 204 77 222 89 190 92 5 132 75 51 188 161 40 3 42 225 68 242 111 69 141 154 175 21 106 113 181 174 99 32 18 219 122 216 165 171 234 74 17 20 52 199 220 44 30 198 228 212 96 72 232 130 236 202 1 114 182 87 9 83 117 143 101 197 94 237 157 115 152 144 56 119 118 180 35 208 195 16 25 116 167 105 37 90 240 55 2 250 149 123 135 48 79 183 162 22 235 63 163 186 145 200 241 78 107 176 191 146 46 71 7 136 147 124 248 214 213 233 231 138 95 205 164 221 125 98 230 194 19 6 26 10 66 24 110 166 81 224 245 14 184 239 82 62 168 27 209 129 112 187 64 148 137 11 91 67 41 103 159 29 139 140 215 4 218 45 134 153 47 189 60 73 243 247 65 172 226 192 179 34 121 207 61 196 76 126 158 33 84 206 88 93 131 15 100 8 201 210 142 227 150 86 49 203 249 13 38 36 173 59 12 104 39 102 127 156 169 155 58 223 23 128 211 238 28 151 80 57 244 160 170 133 185 31 109 70 108 120 50
79 160 93 153 184 47 58 78 66 233 195 163 201 33 54 174 189 133 115 103 198 226 86 45 167 223 177 4 187 170 227 111 145 18 90 228 83 165 74 171 95 91 39 127 250 94 46 104 102 117 101 96 113 7 200 72 123 224 12 131 49 107 234 6 23 159 239 197 14 85 125 182 196 194 208 75 168 9 225 215 112 92 238 173 235 213 138 99 31 50 190 118 151 166 217 207 242 218 29 150 142 119 38 241 205 126 202 169 221 108 106 37 3 214 129 249 178 64 121 100 237 240 5 36 61 143 146 81 30 89 25 134 15 16 152 71 212 27 144 116 53 183 122 158 155 21 2 26 124 211 186 109 193 1 105 28 149 84 136 248 188 203 135 80 179 34 220 199 128 11 222 216 44 243 51 52 87 140 56 154 210 59 156 73 32 10 185 65 8 230 43 120 191 132 206 35 77 232 162 176 70 141 20 229 17 41 60 157 42 139 24 137 219 245 22 180 97 19 114 88 172 246 236 209 161 148 40 247 181 68 55 76 164 244 82 147 231 192 204 67 57 13 110 98 175 130 62 48 63 69
186 102 238 222 147 202 110 52 4 86 113 44 76 58 92 203 83 182 57 199 189 214 152 125 88 15 161 24 175 192 5 205 80 246 170 2 162 89 153 157 226 215 200 124 193 21 165 62 210 188 13 78 68 172 248 95 209 32 185 50 237 120 155 17 218 197 187 69 242 129 98 179 114 243 36 166 131 212 140 178 233 10 177 45 239 14 151 8 163 64 33 146 46 142 126 74 138 240 63 228 195 27 249 53 81 25 136 206 79 73 75 134 109 217 94 51 144 139 105 49 216 48 159 143 103 96 150 18 208 60 87 204 164 55 158 6 101 111 77 20 70 122 234 174 245 224 41 141 42 34 148 211 61 35 149 184 118 107 127 30 168 223 28 108 194 22 236 43 112 180 190 91 173 16 23 38 227 82 85 183 123 137 169 220 39 84 221 117 31 225 130 219 3 37 201 154 167 207 29 119 71 54 47 106 132 250 9 213 1 26 19 65 176 160 232 171 196 56 229 116 247 235 135 181 93 12 133 230 90 100 67 121 198 128 66 115 241 244 7 97 231 99 145 191 156 72 104 59 11 40
89 52 79 54 104 241 161 237 239 96 94 74 193 207 40 20 147 151 108 216 249 204 85 125 28 81 194 14 83 201 226 92 230 177 5 233 209 63 110 48 120 238 229 199 80 245 186 148 1 2 6 61 67 50 37 160 32 22 119 169 143 112 127 16 115 126 101 57 36 215 51 197 211 178 12 87 141 88 246 182 138 150 19 155 77 192 131 35 23 7 210 76 17 31 8 202 153 123 146 90 64 41 208 235 240 134 59 105 175 174 142 157 29 43 187 221 86 220 100 62 181 154 162 129 45 39 179 128 121 145 213 111 106 25 95 167 140 144 56 165 191 66 163 10 149 130 159 176 195 180 97 172 188 222 200 65 13 248 223 183 107 49 137 68 118 247 60 78 11 71 33 124 170 173 15 84 73 91 116 30 136 234 231 198 152 190 117 224 18 219 70 99 109 139 27 206 156 55 244 132 69 225 196 203 232 166 82 184 42 218 38 93 205 158 3 185 114 4 21 98 236 103 122 34 243 164 46 102 53 47 133 217 189 250 26 242 212 168 9 58 228 44 135 171 72 24 214 227 75 113
121 136 68 199 31 48 247 195 15 132 235 65 229 169 123 87 172 180 182 231 218 54 115 179 110 22 70 193 134 111 43 52 117 160 107 188 47 143 13 97 53 74 112 119 130 224 201 9 159 140 211 220 129 228 73 1 186 57 137 75 175 181 222 241 19 215 77 167 178 243 166 101 249 71 46 114 242 45 98 127 206 126 184 40 208 62 80 190 219 18 232 202 118 133 78 61 148 82 234 51 69 139 223 192 120 189 204 5 37 29 250 17 100 142 104 233 63 153 8 155 103 108 246 191 26 94 154 163 144 90 72 131 198 58 225 113 4 32 96 106 89 124 214 168 6 27 244 147 93 227 207 162 157 171 116 240 194 105 49 12 196 23 30 81 55 138 135 85 60 187 109 212 92 83 86 205 177 79 183 38 173 102 161 128 59 152 165 156 33 230 44 236 76 226 91 237 200 10 28 197 35 39 88 34 20 213 149 56 7 146 2 245 36 248 64 3 239 16 99 125 24 11 170 216 141 145 42 14 84 67 41 164 217 25 203 66 150 176 174 158 50 221 21 122 238 95 210 151 185 209
78 73 152 205 19 20 80 200 136 109 187 89 55 33 234 190 163 52 75 155 25 57 90 98 230 39 42 61 86 64 54 216 100 50 223 1 193 45 104 191 125 135 70 188 96 175 246 35 164 149 153 88 166 232 249 238 121 28 165 124 208 8 59 108 158 36 126 30 84 62 227 248 101 197 171 32 226 117 237 214 10 49 243 51 142 69 189 16 81 120 150 46 79 13 23 110 77 198 65 196 215 17 206 224 213 217 159 174 107 29 157 99 161 245 250 145 221 235 97 184 24 60 94 219 43 116 236 26 210 148 244 168 233 228 139 68 182 111 106 21 143 181 83 93 141 48 146 194 74 67 138 211 199 95 240 7 160 203 178 114 212 44 180 195 207 102 202 38 12 128 27 192 133 34 71 122 204 41 231 22 247 162 179 112 129 9 220 201 18 242 130 209 170 53 105 183 176 169 154 76 118 156 144 113 186 177 5 222 6 47 134 3 66 92 37 82 11 229 63 123 56 239 31 2 91 15 131 241 147 218 225 132 115 40 185 103 119 14 172 85 58 127 167 72 151 87 137 140 4 173
135 106 36 61 34 122 18 105 51 157 181 230 156 219 23 174 166 137 138 78 116 200 129 151 104 72 10 141 229 58 40 97 90 118 108 208 217 109 171 117 198 143 85 182 128 131 225 234 139 148 205 206 49 124 246 147 103 203 175 163 71 88 54 98 202 215 149 165 186 218 1 82 87 126 127 204 46 249 84 170 66 153 152 173 20 99 19 95 134 83 76 12 75 55 185 29 158 176 209 248 70 220 47 223 188 250 26 240 178 177 41 244 3 207 168 112 21 2 48 210 86 216 211 35 22 24 226 213 190 110 242 60 140 31 247 5 9 62 123 63 145 224 142 164 245 136 52 119 65 107 169 199 180 74 241 64 195 59 132 57 80 120 189 91 15 228 236 92 28 73 44 93 79 159 42 53 33 231 27 183 197 37 32 233 150 161 102 94 14 235 201 130 113 11 115 238 96 192 162 13 43 193 100 212 4 45 38 222 243 154 67 172 111 30 114 144 160 167 227 68 7 81 39 155 25 69 239 146 16 89 184 77 194 187 221 121 232 237 133 191 56 50 179 214 125 101 196 8 6 17
7 202 137 248 44 12 196 182 236 49 20 177 170 172 207 8 90 232 246 16 183 165 234 115 225 18 245 216 201 243 95 86 123 89 239 38 156 203 97 150 93 117 118 80 63 48 217 74 133 140 55 6 187 242 231 127 228 189 130 54 240 159 175 61 99 85 154 171 51 105 214 166 112 65 121 235 92 185 219 186 146 110 28 76 188 125 21 237 128 36 79 193 155 221 157 70 122 173 9 191 215 87 192 226 81 29 168 46 139 249 94 104 190 66 24 50 167 88 119 39 209 77 37 103 47 10 244 69 250 75 11 148 60 147 149 3 164 1 56 143 23 158 162 195 84 35 222 212 233 17 160 72 5 229 27 31 114 67 30 241 15 124 101 26 132 184 96 116 204 14 145 179 53 106 64 41 59 52 194 151 109 42 62 163 91 220 247 135 83 213 223 107 142 78 144 2 141 40 13 58 34 131 25 98 19 100 181 161 73 176 198 152 174 206 111 134 227 68 218 57 4 102 169 197 230 178 45 129 211 33 126 238 199 208 138 210 71 153 82 224 180 200 136 108 113 205 22 43 32 120
1 198 135 74 15 200 229 242 24 49 239 98 235 117 232 23 215 30 166 190 25 93 22 107 37 34 31 137 100 2 53 129 41 67 124 160 163 12 90 85 175 119 203 54 245 228 16 155 217 6 97 194 186 59 168 138 170 103 4 177 149 111 63 11 116 72 75 240 78 157 88 169 17 144 121 216 60 134 10 32 112 206 199 33 143 246 94 136 47 222 159 3 208 106 249 79 247 40 182 66 241 197 192 161 184 9 38 211 176 234 50 189 237 223 113 139 27 70 114 69 92 165 71 212 89 209 120 102 125 39 5 196 221 86 219 191 230 248 167 42 141 238 180 46 52 81 151 179 218 132 142 150 152 164 210 77 104 65 95 19 26 183 128 146 171 153 56 131 48 110 51 130 115 204 250 225 109 20 226 140 133 123 220 105 158 147 44 126 7 76 84 91 14 202 29 118 224 154 172 185 195 83 236 80 207 187 205 87 64 145 108 8 127 58 188 57 99 101 156 45 181 122 231 13 201 227 178 244 43 62 55 174 82 173 68 18 162 35 233 73 96 36 61 28 214 21 213 243 193 148
242 247 221 11 96 21 92 156 12 149 106 154 212 36 23 243 94 200 127 169 17 236 162 189 80 237 206 115 181 230 9 117 214 164 85 246 14 97 186 87 163 76 86 27 74 16 73 184 64 70 197 136 28 211 145 52 209 207 113 146 224 249 114 166 135 165 19 229 196 72 158 190 13 98 100 5 61 138 38 81 228 102 187 42 198 49 204 131 50 159 182 103 22 218 66 32 35 105 235 201 58 170 95 6 48 227 179 30 67 188 75 54 101 193 55 93 122 250 185 18 29 128 3 71 177 167 142 8 129 68 124 222 120 213 194 111 234 123 183 82 10 133 56 4 140 77 25 239 39 205 33 168 112 44 217 26 63 248 99 192 199 45 144 141 60 37 195 191 47 137 57 150 147 40 180 153 216 84 178 91 90 83 231 116 148 203 88 43 53 31 109 240 241 232 62 215 223 161 160 225 2 51 176 134 110 78 119 126 132 79 125 89 20 65 245 172 152 118 24 46 143 1 219 108 130 151 233 59 175 15 238 41 208 121 210 7 174 157 226 107 155 244 220 202 34 171 104 69 173 139
133 233 35 222 12 196 45 244 61 135 101 20 245 82 26 108 141 97 220 215 243 14 138 83 195 68 186 163 10 98 110 9 204 171 85 189 23 173 119 36 34 179 51 139 65 146 154 44 207 230 232 150 22 122 90 155 212 192 99 193 236 191 147 199 53 172 205 184 128 112 64 60 37 148 7 107 129 116 62 182 109 71 106 47 84 194 185 208 240 43 143 211 167 118 57 229 223 59 30 124 168 93 209 246 187 181 111 125 6 115 38 235 197 153 178 130 134 3 1 166 176 19 72 200 32 180 91 161 120 79 202 142 70 105 217 74 144 156 241 41 249 21 56 117 136 214 13 226 140 145 188 75 18 89 29 158 86 174 27 33 76 92 159 248 50 152 8 216 228 183 69 239 2 52 17 25 46 227 96 177 58 160 175 198 24 95 132 213 113 225 242 127 87 238 80 31 81 5 165 104 16 40 100 170 151 55 218 221 102 234 4 114 39 206 42 131 28 11 123 224 103 237 49 157 88 210 137 73 78 94 54 164 201 219 231 190 77 203 250 67 126 247 121 48 162 63 66 15 169 149
90 72 191 179 234 233 217 155 99 78 44 92 174 128 172 49 193 135 171 182 238 35 208 107 250 224 199 43 47 214 126 30 17 243 103 159 201 70 177 10 51 242 31 149 67 13 163 54 219 222 129 134 137 213 236 87 69 178 235 156 114 109 142 245 215 76 22 85 200 154 196 5 183 246 91 46 180 101 24 112 98 241 58 115 167 6 220 25 11 102 9 12 225 122 247 94 61 18 48 139 150 188 108 190 59 141 119 210 221 118 226 79 124 84 77 96 187 249 95 116 207 41 2 231 23 209 189 80 21 168 121 165 152 104 63 184 194 223 81 123 56 32 120 106 148 34 40 161 1 74 185 26 131 216 145 197 117 153 160 3 65 205 132 127 38 237 50 204 133 198 181 110 88 227 111 113 173 19 57 162 147 228 136 71 105 140 83 86 248 100 93 53 20 239 151 33 36 125 62 192 143 52 28 89 42 14 45 158 169 212 4 55 229 39 164 146 15 157 138 211 144 130 202 97 29 68 195 82 7 75 16 203 166 244 66 240 175 73 176 64 37 218 206 186 8 170 230 60 27 232
20 152 9 15 59 241 126 228 48 105 240 4 142 70 92 66 244 99 28 81 103 94 131 243 235 109 22 158 191 170 145 127 198 75 55 179 147 176 88 68 32 96 62 118 143 226 40 30 107 154 112 236 114 37 120 117 101 122 149 41 74 214 73 87 51 38 136 168 200 44 148 42 76 52 116 47 199 24 121 1 186 203 123 248 115 43 61 183 69 222 18 218 231 230 139 10 129 220 190 21 197 173 102 180 82 3 104 141 163 246 202 11 84 169 86 31 14 133 95 221 153 89 233 57 239 5 124 164 178 175 205 151 33 137 2 23 113 16 166 65 165 192 50 182 128 224 100 210 93 45 53 196 194 204 135 167 174 85 181 206 225 227 184 138 249 36 90 146 201 171 108 185 71 79 140 54 134 67 111 232 245 216 237 125 13 177 26 215 242 83 132 150 12 91 17 119 6 160 223 188 161 207 7 97 56 217 195 250 19 211 58 27 35 162 144 157 46 77 29 193 80 25 238 60 49 156 212 209 63 34 8 98 72 159 130 234 213 155 172 208 64 229 78 219 110 189 187 39 106 247
227 118 16 230 185 69 11 228 15 243 99 213 112 97 150 231 9 128 160 19 7 124 183 147 61 122 4 104 53 5 132 83 114 82 131 238 32 45 240 200 43 181 163 162 216 98 177 103 2 101 212 49 12 56 234 59 158 6 96 161 146 197 178 242 229 170 117 246 66 88 144 125 211 217 202 85 214 201 48 84 141 136 198 167 111 23 188 189 154 184 21 165 28 220 71 25 94 139 137 78 13 17 76 248 41 173 127 219 223 64 55 62 186 149 224 92 90 65 79 135 190 244 237 46 205 70 121 179 175 52 168 24 235 245 241 123 140 134 105 206 133 166 44 249 58 157 57 1 54 95 72 159 199 87 107 156 27 109 50 42 75 91 209 208 174 14 37 120 86 172 3 169 176 29 20 225 182 74 221 18 164 226 115 187 22 47 222 204 30 145 119 113 35 8 203 236 215 33 36 232 233 192 207 151 34 130 195 81 39 40 218 194 60 155 89 250 180 129 196 143 191 110 142 77 116 171 63 153 152 138 210 247 80 126 73 26 93 38 193 100 31 67 68 148 239 108 10 106 51 102
58 245 30 113 185 74 208 117 110 134 112 51 204 38 29 131 181 32 187 36 214 186 218 220 195 72 207 217 8 143 146 240 109 196 192 6 206 127 213 177 50 5 61 142 216 90 66 156 108 24 35 75 11 60 31 104 200 20 151 170 111 62 173 34 10 223 161 49 39 179 42 17 160 47 201 114 221 87 57 228 43 133 91 194 250 189 136 123 67 209 226 145 139 227 248 88 85 203 97 121 9 232 171 48 225 183 101 46 149 219 26 2 82 211 129 55 21 28 92 233 148 120 199 105 237 241 25 99 41 76 98 163 12 45 175 193 167 7 137 107 180 15 115 184 89 3 116 106 77 239 122 59 135 212 18 54 81 243 94 236 224 157 103 56 80 242 168 40 95 71 178 83 93 235 191 172 70 247 119 246 150 100 1 147 230 164 155 140 222 244 198 68 63 118 141 158 197 124 126 205 176 52 79 154 190 22 231 132 16 249 125 169 86 138 84 182 229 238 165 210 130 53 19 102 64 159 215 23 4 33 78 73 37 128 144 166 14 152 202 162 44 69 96 13 234 174 27 153 65 188
147 107 99 34 233 182 10 190 235 18 60 64 88 49 92 7 244 140 181 37 54 95 193 154 97 55 149 208 212 56 69 124 15 245 47 232 162 87 16 196 199 29 106 192 179 178 44 217 19 134 120 132 75 229 141 197 145 110 38 50 204 21 184 105 241 71 247 165 150 170 46 131 113 127 68 94 1 57 221 51 169 239 6 133 20 100 62 227 23 225 164 65 243 231 176 76 74 45 117 32 148 213 144 185 13 172 84 109 160 167 27 63 114 40 116 41 85 24 31 136 189 142 112 226 58 89 186 36 103 205 3 191 104 66 2 61 48 119 177 203 79 108 155 246 248 17 242 98 138 236 153 195 83 200 234 173 198 73 216 228 86 30 237 122 218 25 166 125 220 72 90 77 219 135 70 206 121 180 14 151 42 168 4 156 209 238 214 52 249 159 102 126 158 224 211 5 139 157 183 93 35 146 111 143 11 129 118 240 78 174 59 171 187 91 53 201 188 12 194 130 222 161 223 80 137 250 163 67 128 28 82 9 33 152 39 230 96 207 101 123 175 81 215 8 22 26 115 210 43 202
99 166 116 46 117 202 85 101 102 60 160 84 29 24 167 19 144 240 34 231 171 108 182 138 16 23 152 143 181 52 249 95 107 201 4 105 3 212 189 58 71 216 47 198 1 42 90 222 74 128 235 64 218 55 176 215 246 180 151 174 20 120 75 131 214 140 226 248 148 129 68 8 183 203 208 38 36 113 209 211 244 177 221 124 229 5 192 136 200 37 2 185 25 100 78 111 51 228 220 156 112 73 223 227 33 190 154 133 153 169 62 135 41 194 49 96 186 163 18 87 155 137 109 53 39 76 17 72 195 10 48 40 43 207 134 13 122 31 196 204 119 162 213 61 188 149 179 81 22 158 103 125 35 114 173 145 82 66 123 147 239 236 92 150 88 132 234 7 80 193 50 184 130 9 139 77 245 91 63 161 69 175 250 94 27 110 79 54 157 26 6 247 59 232 115 11 56 127 98 172 206 241 199 28 15 97 187 230 57 14 21 141 89 165 32 178 237 106 83 121 12 44 224 168 197 67 86 126 142 93 65 219 243 164 70 45 159 104 170 238 242 205 233 225 118 146 217 30 210 191
184 240 32 116 199 246 106 203 72 60 59 19 86 26 197 227 168 137 230 112 248 27 127 125 221 115 140 42 94 25 128 207 239 20 179 216 114 8 44 67 82 155 132 64 130 7 235 56 194 170 74 123 117 136 215 196 228 4 157 190 37 35 250 63 139 167 238 100 108 84 40 23 79 161 3 245 104 6 160 78 236 28 17 212 202 119 12 193 158 24 14 189 223 163 5 11 211 226 102 147 21 242 181 76 39 49 91 85 182 18 156 145 88 15 151 153 105 187 224 159 214 144 249 118 48 204 83 103 178 220 73 198 30 218 247 213 70 16 143 89 93 195 41 231 58 152 55 120 205 101 188 138 69 22 135 107 2 208 162 186 1 174 201 124 148 129 232 173 80 185 10 176 66 171 131 149 43 29 154 81 38 200 209 98 34 111 172 219 164 229 9 175 36 62 77 122 113 96 31 210 13 234 61 71 134 46 169 110 217 97 243 133 146 206 95 166 45 99 68 244 177 109 233 183 126 237 141 92 192 53 47 54 87 222 165 191 241 225 142 150 51 57 121 50 65 180 75 52 33 90
132 125 40 71 120 61 52 160 99 45 116 234 191 70 94 218 89 69 87 102 226 57 41 53 247 175 49 110 213 173 196 137 73 117 100 115 90 193 155 25 19 65 246 244 221 5 1 203 154 186 32 81 124 105 180 149 109 131 22 182 101 36 106 184 96 188 122 121 2 217 86 229 134 55 152 26 228 20 83 205 64 167 56 156 231 189 85 211 214 158 201 172 174 146 215 145 103 28 7 59 170 43 216 21 165 11 54 200 235 227 37 197 80 162 6 241 225 127 79 220 91 98 136 123 202 194 139 29 24 17 12 207 10 176 206 66 181 169 3 95 68 249 178 33 187 113 230 126 157 50 46 67 243 4 171 150 118 141 88 108 185 97 60 112 42 195 133 92 242 76 48 30 239 147 130 233 63 240 209 204 104 111 236 82 8 44 177 18 119 183 210 27 151 35 238 179 34 208 250 164 223 245 58 135 13 31 138 78 248 16 84 148 219 237 144 168 224 72 143 192 198 161 9 14 93 77 23 190 129 142 212 163 47 166 222 114 38 159 199 75 153 15 51 39 74 62 140 232 107 128
221 28 112 233 48 123 92 184 149 193 143 107 198 239 148 9 87 1 42 114 244 93 35 14 122 135 77 8 62 30 218 245 51 24 20 208 203 45 188 217 15 142 224 157 56 146 117 155 145 205 80 66 27 115 191 111 4 13 231 209 67 19 214 10 41 223 55 79 158 219 84 113 156 165 98 136 175 29 86 61 179 212 170 126 105 241 229 181 76 33 78 75 40 100 166 72 110 83 70 237 138 99 206 108 222 120 31 132 17 69 71 210 242 59 43 169 85 57 185 225 173 39 152 230 5 103 234 47 183 38 50 151 177 36 196 247 32 73 2 65 96 104 167 140 129 130 127 197 58 162 137 102 89 216 236 63 21 249 109 106 213 141 128 116 159 26 195 119 147 118 12 163 90 139 204 16 3 131 49 243 46 161 207 199 227 133 189 44 97 235 25 211 250 52 240 246 7 248 232 60 168 23 190 164 68 160 192 125 88 171 54 176 172 74 200 134 11 215 121 238 101 226 201 34 81 18 180 95 202 154 178 228 124 153 187 194 22 53 186 82 144 91 37 220 182 6 64 150 174 94
248 67 190 110 203 3 20 89 77 231 31 162 208 182 32 219 124 50 226 228 221 126 148 16 62 157 204 45 136 90 213 133 99 102 176 234 63 40 239 112 218 146 122 66 2 165 134 42 74 168 78 191 109 240 23 46 171 55 100 166 115 80 104 114 129 159 127 163 194 117 87 243 83 1 225 51 145 154 158 227 230 36 106 52 132 79 135 35 211 212 81 220 11 202 56 60 12 85 187 10 237 247 76 249 116 188 193 24 125 184 155 150 14 19 170 199 201 137 185 139 64 70 34 43 172 118 197 17 224 143 5 147 108 121 196 223 47 92 149 29 181 156 94 210 101 98 15 128 215 222 38 65 120 152 195 9 233 54 216 235 177 217 142 25 7 37 39 130 49 238 186 8 113 183 75 107 97 123 179 236 245 72 27 250 105 4 6 189 242 214 48 207 229 246 232 58 93 138 174 41 26 119 200 209 160 153 95 244 161 22 206 28 73 205 178 169 13 18 241 71 91 82 57 86 192 103 141 69 84 175 164 30 111 88 44 96 59 68 33 131 180 198 61 173 151 167 21 140 144 53
156 128 40 221 129 237 64 106 146 109 152 197 90 248 153 163 204 118 157 139 53 104 19 46 80 249 231 70 243 203 94 103 202 6 44 1 91 214 181 105 167 134 76 148 57 141 58 223 137 122 22 200 10 77 108 140 37 52 161 182 228 151 211 116 89 54 213 207 71 111 126 160 66 55 23 198 30 194 32 13 82 100 79 239 25 39 230 101 147 65 142 173 102 99 177 95 150 136 17 112 41 145 159 59 250 217 81 236 166 4 240 218 15 232 60 186 96 78 234 226 196 216 199 170 169 72 178 28 98 34 125 130 164 88 31 144 124 12 175 190 187 42 85 183 168 68 135 69 191 174 246 227 133 229 165 172 195 179 20 233 45 155 201 117 143 193 38 35 119 11 48 29 36 212 115 63 209 3 131 27 242 83 162 67 188 127 121 61 114 238 185 16 107 18 158 49 244 210 2 14 24 47 171 222 110 138 176 235 21 225 62 74 247 51 84 180 123 33 73 149 184 206 205 56 26 245 50 154 120 92 219 87 113 220 93 215 5 241 224 192 189 86 75 9 208 97 132 7 43 8
108 31 79 164 172 223 231 117 221 207 211 240 5 238 20 89 154 228 101 92 123 217 80 107 147 18 222 120 17 69 72 40 237 1 179 139 170 59 192 39 171 184 91 182 88 95 213 52 230 208 36 2 93 206 186 70 81 196 153 176 21 78 162 128 83 246 105 151 187 244 214 185 102 165 28 4 76 71 112 3 133 210 195 14 197 157 44 54 188 13 220 58 200 56 77 124 96 48 82 136 150 104 55 249 135 232 75 142 241 161 74 86 46 84 173 99 191 190 15 25 35 68 127 169 140 194 236 90 183 242 27 234 212 119 167 53 225 226 67 111 203 224 163 94 45 243 122 115 166 174 29 247 141 61 129 62 130 143 146 160 50 100 181 132 145 97 219 149 159 138 175 177 137 23 125 103 126 38 158 233 235 189 239 131 64 51 152 42 66 227 250 144 198 199 43 134 193 34 168 114 204 10 229 6 148 12 109 215 7 57 180 33 202 63 9 11 116 156 216 85 49 205 98 47 113 106 248 16 22 24 201 8 118 218 73 121 19 60 87 155 110 30 65 178 41 37 209 245 26 32
82 148 20 200 234 175 85 246 173 84 27 177 98 14 159 185 228 86 10 212 154 101 232 195 74 120 37 144 57 162 31 214 13 77 5 146 199 51 245 240 202 124 230 208 220 65 66 63 8 141 181 112 116 134 164 18 143 248 6 58 38 68 105 223 225 161 78 145 117 215 130 127 42 226 64 80 60 250 107 178 217 32 135 88 102 94 140 216 100 115 21 122 142 236 149 203 46 50 229 249 11 104 53 186 61 29 2 22 48 231 25 90 219 243 221 168 12 163 237 81 247 114 207 165 204 23 150 193 192 182 152 138 1 95 24 218 19 52 137 69 91 30 196 125 172 17 106 174 110 97 3 4 89 26 87 194 153 54 171 187 118 34 209 123 128 109 197 56 157 103 188 83 183 233 167 47 71 7 36 28 180 211 244 239 147 139 158 190 201 156 93 121 176 113 111 126 198 155 129 92 33 55 242 170 136 191 41 44 166 132 72 227 160 73 179 9 169 79 62 224 59 133 189 96 39 213 151 16 67 210 43 49 75 119 238 35 70 76 99 184 131 241 108 40 222 45 15 205 206 235
207 166 120 245 93 157 179 40 190 39 101 220 36 195 107 243 143 25 18 234 203 99 21 133 216 19 194 27 100 56 139 156 75 247 201 1 49 43 208 183 41 94 170 118 57 186 192 116 79 2 187 97 67 65 154 217 249 153 5 218 54 52 85 78 81 173 112 196 193 212 61 132 244 137 219 199 230 55 66 98 231 111 126 185 14 191 13 23 159 226 222 105 155 70 35 30 123 223 232 22 104 158 200 188 178 164 34 134 174 141 180 31 150 29 109 248 233 214 110 121 7 167 16 149 211 171 213 108 250 125 215 238 42 235 62 147 241 182 28 144 71 68 210 59 189 45 128 6 242 135 38 209 64 225 165 33 46 206 51 151 102 72 3 115 11 239 148 37 168 74 136 77 50 84 60 198 87 58 90 73 47 9 12 152 131 95 236 117 91 26 20 162 63 169 204 184 44 113 119 69 80 205 197 17 163 221 96 237 86 103 114 8 177 4 145 32 172 228 140 129 89 76 53 10 106 130 83 175 124 88 229 82 176 227 224 92 127 246 240 161 146 181 24 15 160 122 142 48 138 202
99 118 137 208 32 68 140 135 93 167 164 207 186 10 29 70 132 23 242 225 232 129 58 115 239 201 219 206 151 149 199 238 123 139 88 106 74 126 221 189 182 40 41 71 95 1 50 128 16 103 82 102 216 205 36 81 161 200 122 220 222 166 19 61 215 54 138 204 183 51 144 171 160 130 175 124 52 86 240 66 53 177 131 85 112 184 114 228 176 230 49 243 94 169 11 8 83 116 187 79 162 67 223 179 195 163 224 181 211 214 84 26 170 158 117 142 157 235 12 24 64 39 119 121 5 37 241 136 197 65 210 196 180 147 6 38 55 69 75 62 120 193 192 165 44 188 33 202 9 152 30 212 80 76 2 250 236 20 127 60 77 233 72 246 247 47 35 17 113 159 98 203 194 198 168 217 148 133 78 231 43 244 3 97 191 155 141 145 18 4 27 96 21 57 111 146 101 227 25 73 46 156 154 174 7 249 15 59 87 14 22 134 245 173 213 92 90 110 185 143 13 172 190 100 153 226 248 31 63 89 125 42 56 209 178 48 109 34 91 108 45 237 234 150 104 28 107 218 105 229
19 58 220 125 4 179 203 166 170 53 111 163 113 39 152 86 81 198 188 101 38 28 228 15 72 107 62 30 37 219 134 49 238 216 89 222 157 126 197 5 90 153 213 3 76 79 116 128 135 177 2 230 87 47 55 143 100 10 80 249 159 145 54 202 42 221 73 1 168 31 33 63 244 22 17 124 206 239 11 68 141 181 218 147 184 231 190 120 212 32 164 236 97 178 41 162 18 24 104 20 26 109 92 149 151 183 225 175 52 223 99 201 196 43 25 34 35 66 161 139 70 121 207 137 117 130 171 29 96 44 65 84 176 110 56 85 246 50 248 180 98 71 94 64 114 209 48 214 105 191 210 186 123 226 227 23 165 78 60 12 27 61 14 172 167 154 133 6 173 192 40 140 158 199 142 74 7 108 247 122 229 45 67 204 217 129 95 13 51 211 233 241 118 36 160 75 195 132 127 150 16 232 138 144 93 91 8 243 131 9 102 174 185 208 69 200 235 88 59 112 156 155 215 182 83 245 77 21 115 189 46 148 194 136 205 103 82 57 242 187 119 106 193 146 240 169 250 224 237 234
67 227 65 250 173 106 115 23 184 48 101 62 212 98 61 155 42 58 94 200 8 230 134 236 142 11 138 27 246 116 244 211 140 191 232 109 139 151 71 87 107 215 26 60 90 192 113 150 172 249 226 49 77 76 168 180 33 5 163 43 66 214 57 213 208 119 110 55 145 224 143 238 131 225 177 4 216 92 171 193 217 84 132 69 70 198 190 75 207 89 149 210 136 124 156 37 73 175 112 144 202 201 158 39 240 127 133 122 9 51 167 54 248 14 164 64 108 117 17 83 196 247 128 182 13 194 189 125 205 183 141 237 44 185 231 176 100 29 233 120 103 152 220 85 31 81 41 170 129 161 52 111 123 197 137 204 222 243 199 186 10 181 96 47 105 160 188 206 146 187 86 46 126 56 154 169 2 95 25 19 34 30 241 20 45 102 1 32 104 234 157 59 74 93 21 114 221 91 245 15 28 153 40 219 99 118 82 165 24 6 68 195 228 209 18 148 78 242 235 159 12 147 22 88 166 135 203 239 179 36 35 121 72 3 16 174 79 50 162 223 218 97 130 229 63 7 178 80 38 53
250 42 174 239 159 119 233 166 134 148 248 155 149 237 143 108 228 70 197 79 222 219 167 97 171 76 94 98 84 242 190 151 122 180 226 15 141 69 118 243 146 187 206 176 58 142 217 27 10 93 230 157 207 189 113 110 121 4 236 205 28 55 91 95 160 136 48 225 65 240 61 29 196 75 192 23 163 13 162 139 145 175 153 221 213 188 105 106 147 223 16 77 208 73 43 41 185 231 37 214 152 132 39 117 241 47 133 57 193 140 165 36 245 88 100 235 12 203 156 179 164 80 135 46 59 63 246 178 209 112 238 21 72 103 211 35 99 102 116 232 125 244 9 44 26 33 32 3 158 78 215 101 51 154 224 111 17 220 227 24 83 30 194 34 202 218 184 126 198 7 129 60 120 127 144 71 90 123 107 229 64 85 19 195 183 182 173 62 89 31 169 212 177 109 210 131 56 200 216 68 247 50 2 52 181 114 234 14 161 172 54 186 81 49 40 6 199 45 138 201 124 137 87 115 74 86 249 191 130 128 204 96 5 22 82 38 168 104 11 170 92 20 25 1 150 53 67 8 66 18
236 134 63 246 209 48 120 199 204 44 216 191 57 90 42 241 170 18 45 165 34 108 237 14 88 219 101 167 3 62 91 185 72 139 115 40 9 1 164 160 4 213 239 206 25 156 39 6 142 75 193 49 32 23 114 155 125 152 194 247 222 50 56 215 37 223 92 169 122 53 147 168 249 5 159 231 87 119 234 163 21 82 137 103 184 198 242 104 58 227 228 196 33 161 69 186 123 106 64 129 225 29 66 84 235 43 102 153 200 65 214 233 109 70 86 140 244 76 47 207 7 226 208 126 143 145 158 138 220 12 97 217 38 118 245 183 113 93 230 74 162 41 51 124 107 15 240 178 218 224 188 211 73 19 8 175 250 149 26 36 52 13 11 68 180 67 192 146 71 117 20 166 60 179 28 197 110 148 17 10 232 77 105 177 151 157 78 135 144 55 35 112 238 80 24 174 61 182 94 181 210 54 132 79 172 128 201 173 131 212 85 22 187 130 127 202 111 95 243 203 98 59 150 229 189 30 136 154 83 2 171 89 221 133 99 100 141 121 81 31 176 16 116 248 195 27 96 190 46 205
241 87 193 206 176 178 189 84 117 80 110 209 120 93 233 157 154 20 39 143 167 220 16 225 146 109 49 215 118 250 139 30 124 129 32 2 203 22 138 249 168 199 231 7 23 223 11 141 232 148 113 119 133 98 31 1 61 175 211 222 85 221 114 101 174 108 142 15 246 153 164 135 107 210 75 218 70 66 65 5 184 163 8 99 197 6 155 34 186 230 121 21 244 59 103 128 27 151 169 204 78 63 145 122 25 238 43 190 33 214 126 3 14 227 81 58 44 76 56 172 131 198 67 123 57 100 239 10 248 134 38 236 29 18 216 24 247 166 86 42 125 89 73 50 208 19 35 17 243 183 104 207 55 240 130 94 51 212 136 132 144 4 77 97 83 173 13 26 205 137 37 192 92 88 170 177 179 217 242 12 185 69 105 237 161 72 226 156 245 79 47 149 54 180 224 112 158 28 48 102 191 127 53 147 95 159 46 201 162 74 68 187 234 96 194 171 9 140 150 41 91 182 45 235 60 160 196 228 71 52 181 195 165 62 229 152 106 116 64 213 36 40 82 219 111 188 115 90 202 200
91 45 21 158 246 4 189 105 1 242 50 28 108 96 144 179 70 116 162 32 121 142 84 199 98 86 147 10 60 68 243 157 18 52 159 169 125 223 160 153 155 163 47 118 249 94 209 220 141 167 207 25 229 20 143 107 67 66 88 181 7 65 215 236 233 183 194 165 171 127 117 235 205 55 214 63 130 226 40 149 154 182 112 139 109 38 136 33 14 140 134 148 222 97 206 113 192 203 150 133 78 224 111 250 186 35 41 82 87 34 103 57 59 126 188 218 62 178 173 61 6 210 123 71 36 115 89 128 174 239 176 187 213 79 39 9 124 170 238 19 145 195 69 191 247 42 198 80 16 211 74 184 227 77 56 219 15 228 135 30 102 221 156 100 175 119 8 26 81 23 122 22 46 225 166 245 64 164 232 48 241 11 83 190 172 5 230 208 132 104 99 95 200 161 29 72 73 185 180 76 51 177 3 110 101 54 244 201 106 193 75 13 120 58 129 27 24 137 90 44 196 217 37 17 12 152 138 2 85 248 240 146 92 93 53 216 234 49 151 168 197 237 31 43 114 202 231 204 131 212
210 98 46 166 34 106 1 219 221 162 89 190 179 246 128 50 110 184 218 247 250 206 175 126 58 205 32 101 223 67 25 45 207 30 235 8 18 29 69 122 193 199 197 114 238 12 141 142 93 59 81 88 62 132 109 6 168 119 143 80 192 48 228 56 214 155 100 111 170 60 84 2 200 31 239 224 131 249 66 42 130 138 77 10 136 181 91 140 39 103 90 234 99 52 145 226 173 65 64 195 188 28 160 38 146 135 92 21 244 172 3 236 225 86 49 78 83 232 198 11 85 220 36 108 47 96 208 186 94 194 4 231 82 107 120 125 73 121 137 211 165 68 157 9 117 124 7 245 233 79 149 240 35 230 43 183 54 213 118 40 14 61 216 19 243 248 24 217 115 182 133 123 139 55 41 87 215 159 229 202 174 53 37 97 154 112 167 171 33 51 102 185 76 70 187 242 23 176 105 63 16 153 169 151 212 113 13 161 26 241 201 178 75 156 57 144 222 147 209 129 72 116 71 196 74 152 150 20 5 164 203 104 27 15 204 44 237 163 158 148 227 189 17 191 127 180 95 177 22 134
175 60 228 80 247 151 53 220 123 84 30 160 98 92 157 165 76 97 63 117 47 168 108 137 212 14 90 180 248 216 116 61 156 6 91 125 7 205 170 161 177 43 13 17 233 189 122 194 105 52 193 195 87 190 206 136 203 184 20 178 19 236 141 244 243 225 106 237 158 143 172 155 44 219 55 213 113 128 111 100 241 26 218 210 73 198 59 200 224 93 33 154 75 114 79 217 229 49 129 107 188 65 231 239 88 103 99 153 82 131 1 10 32 132 214 64 112 179 182 2 16 238 4 34 119 69 135 95 25 50 133 9 250 62 110 81 139 67 176 124 142 94 127 246 41 149 235 234 115 223 37 12 18 134 21 42 28 104 120 130 48 66 68 211 144 35 232 36 23 207 202 199 171 58 208 85 245 57 11 185 227 201 197 46 102 24 70 22 96 83 183 31 167 45 71 121 230 192 221 186 147 209 89 215 242 169 152 74 118 51 38 240 159 140 101 163 187 56 126 191 145 15 5 78 249 164 86 39 173 226 196 3 174 146 138 40 181 162 222 148 27 54 72 29 204 166 77 8 150 109
190 96 221 54 118 86 21 191 1 37 117 219 174 15 107 103 106 180 9 226 32 162 45 228 150 199 28 195 71 133 16 164 13 22 232 243 212 216 123 187 41 35 108 8 10 247 237 234 24 44 192 12 143 50 179 34 78 193 151 92 171 30 6 172 82 100 89 141 147 185 168 80 27 33 144 17 207 217 156 225 206 249 214 81 60 241 208 163 79 157 53 55 125 229 242 139 159 197 26 186 5 14 224 201 88 128 145 43 178 42 230 48 132 153 146 115 76 213 69 136 235 173 83 94 137 46 239 152 218 65 211 73 66 210 236 109 62 19 114 105 169 51 130 177 75 77 39 56 194 170 140 176 238 142 90 205 52 23 204 68 91 248 61 120 227 135 38 181 124 165 129 36 64 25 7 196 122 98 84 127 72 2 244 20 74 11 215 95 111 209 104 198 112 58 231 102 97 116 220 70 113 188 47 138 63 59 3 119 202 101 87 40 160 155 149 167 18 246 31 110 134 126 131 93 189 67 4 183 245 223 85 148 222 121 99 175 233 154 49 29 161 240 166 203 184 200 250 57 158 182
246 22 140 202 51 223 245 216 20 214 87 90 73 116 52 106 91 242 47 18 32 150 9 176 225 110 168 183 157 125 248 60 247 205 141 163 61 25 228 31 108 27 220 175 126 113 219 115 26 136 147 178 41 210 215 195 55 38 224 80 187 188 29 159 200 244 79 243 39 170 54 197 74 66 82 36 76 177 196 239 152 56 1 35 230 111 164 127 233 28 112 204 69 209 203 13 135 4 249 173 43 184 93 10 119 104 78 23 101 218 169 123 213 117 189 174 191 21 237 153 105 144 180 48 211 83 227 3 234 103 5 231 151 19 181 166 217 198 14 50 158 75 128 85 42 156 44 160 102 49 77 186 94 33 172 130 45 53 133 149 59 16 139 124 146 232 182 12 120 229 92 131 240 17 62 138 7 129 179 137 165 109 64 238 154 199 65 107 81 206 236 167 98 185 37 208 212 221 2 114 70 190 89 30 171 57 122 143 201 118 71 121 207 96 6 67 250 88 40 84 155 68 34 148 24 95 222 235 99 132 97 162 86 194 145 142 241 134 8 15 192 72 11 226 58 193 46 63 100 161
162 36 167 246 219 198 105 50 77 222 85 232 239 81 145 3 91 218 38 39 209 83 214 216 137 194 11 213 35 125 68 70 165 166 115 97 19 250 94 228 155 204 146 88 71 124 242 27 180 2 58 238 64 31 25 241 22 249 109 134 130 215 221 139 217 245 93 7 230 45 33 136 158 196 199 206 142 87 187 173 169 41 179 72 117 141 92 227 129 80 220 188 26 182 120 82 46 237 9 172 163 108 89 151 152 170 119 114 74 183 164 191 175 224 55 229 76 176 102 168 51 106 192 131 13 56 160 128 126 235 54 207 14 32 40 63 8 42 156 193 67 21 61 200 43 174 226 59 201 12 189 195 234 30 147 178 28 133 101 44 190 79 240 225 6 48 99 153 121 23 154 143 52 62 15 197 181 132 98 184 17 110 75 148 171 1 144 138 4 95 104 65 16 233 150 116 96 205 34 177 123 49 78 157 69 247 243 29 203 111 231 186 37 60 202 127 211 244 159 86 208 223 135 90 18 118 84 10 57 103 66 122 161 140 5 212 113 47 236 53 24 20 112 248 149 185 100 107 73 210
169 11 31 114 185 228 144 210 10 127 68 58 57 128 49 245 140 24 218 62 239 38 177 53 33 196 183 197 118 113 92 224 73 209 81 74 50 14 189 111 157 151 186 34 28 63 158 16 181 26 60 93 97 107 130 166 165 123 70 126 153 226 167 59 54 133 160 119 135 172 6 242 141 110 30 101 15 21 104 23 95 146 106 170 112 94 109 184 150 32 9 75 117 56 88 87 17 250 79 91 187 201 240 214 36 69 64 161 149 182 80 96 174 192 148 39 43 194 175 207 2 61 22 219 222 249 154 230 248 66 143 77 41 198 168 42 98 155 116 125 120 105 89 191 100 134 199 171 7 27 221 138 195 147 4 241 223 190 204 83 72 103 200 86 202 231 152 211 162 48 13 244 220 233 129 156 29 164 35 51 132 163 225 76 159 246 12 5 40 71 3 67 247 227 121 55 8 99 115 212 46 216 122 234 65 45 205 25 44 90 18 136 217 139 19 237 215 84 145 102 85 232 238 179 180 52 108 142 188 203 137 173 193 37 47 131 1 178 208 235 213 82 229 236 176 78 243 124 206 20
186 54 132 189 20 92 51 123 36 8 6 27 77 55 161 30 102 213 202 223 21 220 18 38 125 195 50 175 244 96 78 182 25 90 217 99 95 41 157 73 184 199 235 163 103 218 209 82 17 29 133 200 107 135 71 153 204 219 137 47 115 124 49 139 23 128 138 151 84 9 52 114 87 130 33 248 40 236 165 193 233 174 192 188 101 211 215 131 22 11 228 24 147 198 149 249 104 45 59 117 35 205 44 191 173 39 237 230 141 154 144 53 72 109 16 34 7 111 14 134 67 221 206 26 15 167 98 4 242 226 166 126 155 119 158 210 88 116 196 42 69 108 105 43 146 187 121 172 170 148 58 162 75 93 48 112 140 65 79 247 240 31 118 225 224 232 143 245 214 63 122 127 185 81 181 241 37 3 168 250 150 28 160 5 197 243 89 129 74 194 94 207 246 142 60 70 85 190 57 156 169 201 13 152 178 234 159 1 97 203 83 164 10 179 216 136 56 176 222 66 113 12 180 106 171 120 227 183 208 19 86 239 231 62 100 229 76 61 64 212 80 91 238 46 177 68 2 110 32 145
66 215 76 138 214 136 8 192 91 118 109 126 106 167 216 13 27 242 75 239 186 159 80 144 82 209 68 157 17 14 69 153 201 112 42 208 221 237 128 139 225 248 28 220 187 92 146 59 24 166 58 177 20 173 77 95 212 85 150 228 47 205 55 194 54 78 180 44 34 32 196 3 51 234 67 31 23 81 183 132 184 193 40 238 219 218 143 35 62 84 171 233 158 89 207 160 229 232 130 140 162 124 137 147 178 1 60 2 61 152 10 101 210 26 149 185 165 88 246 98 198 52 30 151 38 204 197 129 115 37 174 108 96 102 43 120 161 199 65 236 247 53 125 243 190 231 206 86 83 133 172 7 107 21 249 4 71 240 64 176 191 189 36 39 121 94 203 5 114 122 22 29 97 245 100 170 223 175 11 181 73 49 135 63 163 18 110 182 25 99 79 16 156 57 116 45 145 90 195 12 164 241 213 224 127 123 70 200 226 142 41 87 188 6 134 141 244 56 131 117 72 250 235 211 74 155 169 227 50 33 46 230 103 154 15 222 93 148 119 9 111 48 179 217 104 202 168 19 105 113
70 126 197 186 81 12 168 39 191 36 223 218 56 202 85 209 117 78 11 95 193 248 135 46 84 96 242 69 153 107 232 86 130 45 42 211 49 16 91 149 146 138 111 112 3 205 93 142 114 213 35 92 147 129 75 66 250 25 38 10 101 152 139 40 106 103 98 190 160 236 162 32 165 47 68 145 150 119 73 60 18 181 44 245 104 131 141 194 189 72 238 1 121 204 37 227 28 143 20 24 50 90 247 87 128 21 158 172 185 157 148 201 123 215 137 30 166 34 208 102 105 179 100 219 198 225 182 154 33 62 216 2 94 164 54 159 155 48 222 151 71 210 177 116 220 231 7 212 192 188 65 133 199 27 217 79 88 240 187 57 167 156 8 31 237 110 51 207 178 26 124 229 14 5 125 184 136 63 235 19 249 203 132 174 55 17 64 97 221 170 9 234 175 89 29 127 169 82 120 58 52 59 99 214 134 6 140 233 246 163 196 108 80 183 74 226 53 113 241 180 15 118 83 22 76 243 67 230 206 41 173 195 109 77 4 61 228 239 161 200 43 23 122 13 224 176 115 171 144 244
207 242 227 17 149 248 79 125 130 201 12 214 83 197 161 133 73 116 235 220 185 48 19 204 191 159 47 203 3 219 196 232 87 179 84 90 8 246 187 102 156 24 190 111 194 188 123 62 173 218 193 172 70 247 168 34 236 177 107 22 108 239 180 23 100 152 178 134 53 42 198 223 122 128 174 154 163 95 158 209 155 32 162 245 167 250 52 51 64 74 6 202 240 153 91 105 243 54 72 132 215 208 181 144 151 129 169 231 141 192 109 2 66 93 76 101 221 13 81 118 55 49 110 96 176 228 20 120 45 18 112 68 230 36 205 137 164 238 237 71 142 33 195 37 138 186 148 63 44 121 114 58 41 244 85 77 94 89 21 222 82 86 206 233 127 57 104 146 25 26 1 40 175 147 14 97 31 171 78 11 28 67 136 5 30 166 98 157 38 182 27 16 199 124 184 46 106 229 225 113 50 56 143 135 119 170 224 115 59 69 7 126 43 211 140 39 216 139 212 150 117 92 234 189 29 131 210 241 165 213 145 99 75 61 60 9 4 226 160 15 249 200 183 10 80 103 35 217 65 88
182 224 134 159 29 58 174 205 165 3 172 83 209 84 131 107 176 181 108 220 88 130 240 218 109 78 60 143 210 234 99 68 49 20 158 19 98 173 11 4 79 110 30 230 123 244 52 146 16 35 157 9 13 102 141 156 169 75 221 12 41 119 76 225 24 223 106 229 233 179 144 103 142 36 74 162 249 1 245 145 192 32 228 42 149 37 132 111 66 120 54 171 183 105 231 241 44 232 50 53 38 51 34 65 140 250 136 33 31 186 211 89 175 148 126 97 207 202 246 14 129 18 199 90 215 135 226 56 193 151 167 5 161 63 43 133 91 177 57 191 77 178 71 26 55 117 195 64 73 212 10 213 112 138 238 113 154 188 170 236 45 87 200 196 184 46 201 21 124 190 17 122 67 6 180 204 25 82 116 72 69 139 203 206 85 101 62 59 247 80 23 187 81 137 8 86 185 214 61 237 100 153 70 194 208 7 48 28 160 239 121 104 47 155 128 114 243 39 217 92 95 163 2 227 93 27 125 197 118 235 168 96 189 94 115 22 150 219 222 198 40 242 147 248 166 15 164 152 127 216
17 97 93 143 186 167 181 126 47 62 189 236 155 94 125 241 140 206 108 39 87 183 28 201 243 40 18 117 200 244 213 61 223 169 71 185 16 120 31 231 139 10 214 174 238 130 80 96 222 100 187 209 192 193 114 110 25 58 63 9 197 196 245 199 162 226 216 146 221 116 151 48 163 202 248 8 229 1 135 150 88 134 218 219 59 38 144 75 227 170 246 242 119 230 132 249 203 30 149 95 86 13 233 239 69 89 215 24 53 21 145 67 29 127 4 111 118 50 166 138 35 184 102 161 165 124 220 5 210 76 65 85 103 177 142 20 141 137 91 178 173 159 212 45 164 27 156 37 204 122 113 106 52 172 131 92 81 56 19 83 74 34 70 190 250 82 79 153 154 51 195 33 84 237 42 133 228 77 129 7 32 217 43 191 175 128 158 105 180 247 152 11 49 46 57 3 66 176 232 225 194 64 107 121 112 136 160 115 205 23 208 6 188 54 12 109 240 22 78 198 157 99 171 168 148 211 98 68 44 2 26 73 207 147 60 234 55 179 72 104 90 224 36 15 123 14 41 182 101 235
89 215 132 12 13 135 92 30 6 105 117 87 153 240 191 48 22 29 193 64 40 206 200 18 109 148 61 104 164 216 205 98 119 31 110 36 47 158 192 188 179 233 237 120 247 73 69 163 130 128 208 16 196 25 201 95 102 34 4 173 172 185 217 55 243 41 159 57 9 183 236 121 167 189 213 244 88 1 83 222 182 219 91 72 53 77 113 231 141 84 43 224 160 5 129 78 204 93 143 56 138 147 242 203 176 184 45 210 229 124 136 28 218 178 99 86 232 19 50 38 245 23 220 239 51 20 198 195 42 202 101 131 212 133 145 8 76 15 137 181 17 21 59 71 166 168 11 96 125 171 150 108 52 49 209 111 194 54 75 32 27 7 106 170 144 250 162 149 139 175 74 214 134 94 197 152 100 118 68 67 60 146 161 140 33 227 37 90 151 115 66 103 228 223 46 80 10 35 24 116 14 248 235 44 249 62 169 122 26 81 2 221 63 123 174 234 226 114 142 85 157 127 65 82 156 177 155 165 97 180 58 230 225 107 211 246 70 79 39 187 199 207 154 238 241 3 126 186 112 190
148 206 14 234 31 198 186 211 159 70 149 128 92 218 138 180 226 190 230 82 10 250 213 162 147 93 42 1 102 32 56 242 81 91 142 68 54 205 41 223 37 139 120 74 194 203 106 100 11 20 34 235 243 228 57 238 200 145 121 146 241 154 115 185 22 44 129 49 158 113 182 164 231 5 23 201 112 227 25 38 116 160 122 88 220 9 175 58 4 105 40 62 97 224 111 67 80 237 134 72 87 219 84 246 168 161 6 108 221 130 103 45 63 192 50 46 107 132 117 73 222 216 76 188 144 101 155 48 197 153 71 15 35 208 17 21 109 239 16 207 215 156 170 119 7 47 166 77 53 24 136 131 135 189 193 249 85 94 143 247 18 19 118 123 61 99 167 125 28 124 26 114 27 65 225 233 29 104 248 199 240 236 8 229 39 90 212 52 178 152 2 3 210 110 245 96 133 36 204 187 196 244 171 179 13 232 191 69 126 181 66 59 157 75 165 177 43 202 183 60 184 83 140 51 209 137 127 12 169 163 78 95 174 89 151 173 195 64 55 86 30 141 172 214 217 98 176 150 79 33
157 201 101 23 18 128 143 212 148 243 235 74 224 215 69 174 240 238 107 73 236 92 5 223 41 214 51 36 7 20 137 110 210 52 177 244 78 90 106 150 234 247 195 127 190 123 49 40 53 152 169 15 164 149 239 87 233 167 13 2 68 37 105 116 24 84 246 120 61 60 207 237 161 159 182 125 221 66 16 172 248 42 57 138 209 58 28 136 32 175 50 168 122 160 171 178 83 185 241 102 151 26 245 131 11 75 71 139 100 43 184 242 166 191 81 147 133 39 38 47 203 82 129 154 59 44 117 65 1 70 153 197 165 220 31 193 206 4 91 10 99 80 79 76 54 19 135 124 146 230 132 227 213 25 56 187 225 232 173 103 189 179 181 196 119 35 216 77 202 112 17 188 67 64 96 156 170 204 111 94 121 158 115 97 219 85 198 142 34 109 145 118 162 208 93 27 229 29 6 98 45 180 21 192 249 199 72 108 55 144 46 250 200 141 217 231 63 9 222 89 88 114 3 211 155 226 134 176 126 14 8 140 113 12 86 62 205 228 104 186 48 22 30 33 194 218 130 183 95 163
15 205 39 37 216 229 247 231 234 51 143 176 171 155 243 134 85 233 198 136 73 202 88 165 210 31 212 57 179 186 13 244 123 158 76 122 53 139 11 177 224 26 47 227 150 192 172 126 223 156 188 55 163 63 77 166 151 199 204 33 249 169 215 19 28 140 217 25 160 65 113 242 36 62 147 214 61 99 238 222 3 106 196 235 120 174 10 149 117 168 32 200 250 75 119 152 74 41 21 67 83 78 127 183 124 70 86 27 54 82 90 12 185 68 219 46 206 42 157 145 66 208 18 20 23 220 137 239 97 181 107 14 95 58 84 209 64 194 218 5 178 221 240 38 241 193 87 2 189 228 191 164 245 213 89 128 248 105 110 40 246 79 112 226 142 144 4 94 35 162 232 129 108 111 133 92 109 197 161 98 17 43 141 195 1 7 230 159 125 154 148 96 80 6 211 102 50 104 56 34 135 170 93 130 52 22 8 175 121 101 100 236 60 48 203 180 132 153 190 116 184 207 30 45 138 187 118 72 114 182 131 173 44 49 237 59 115 201 103 24 69 225 91 81 9 16 71 167 146 29
217 138 50 134 26 75 221 115 212 249 84 144 8 63 176 127 6 161 41 224 95 60 32 205 236 186 237 48 118 81 27 31 238 40 219 21 232 193 182 157 1 245 171 16 119 173 135 247 117 211 218 132 128 141 111 89 216 197 226 30 233 17 53 103 143 4 88 203 83 139 98 199 109 39 68 194 62 37 87 163 239 72 241 33 51 55 207 223 159 19 133 222 248 57 85 105 170 150 11 49 104 130 107 168 204 29 196 147 80 91 112 59 92 20 121 108 5 12 3 146 158 42 67 210 153 44 220 9 200 180 7 2 201 114 164 230 124 179 15 58 250 154 242 215 191 65 76 73 151 78 145 225 86 202 227 166 90 208 214 181 66 192 140 56 129 94 10 190 125 231 79 162 198 160 74 23 71 142 13 185 122 28 187 137 35 82 169 188 38 93 195 183 97 246 43 234 209 102 152 126 22 14 64 18 155 101 47 52 244 54 148 172 24 113 110 174 240 36 229 189 25 167 178 156 136 116 235 69 120 70 213 46 106 45 184 165 228 77 34 96 99 123 131 61 100 206 177 149 175 243
36 58 37 154 116 76 178 250 218 86 198 162 166 114 220 123 118 243 30 249 161 210 126 97 207 239 224 39 3 73 67 94 184 88 208 130 109 90 152 227 83 84 63 173 47 180 87 160 98 12 113 133 41 135 201 156 231 50 122 108 247 171 35 75 68 230 95 145 179 105 20 124 110 81 80 21 149 187 205 209 101 55 100 99 241 194 142 8 199 140 104 245 246 25 72 181 11 169 117 45 235 38 203 48 42 13 232 61 151 136 226 172 131 85 211 29 62 34 143 17 159 196 120 158 175 216 223 236 32 6 121 190 141 93 150 33 102 89 15 139 215 128 26 5 92 167 119 164 188 74 115 111 174 137 228 195 70 191 28 64 204 96 4 40 237 168 234 27 170 53 192 146 60 212 31 202 112 14 214 138 66 43 59 91 185 163 10 82 71 182 176 18 221 153 242 106 46 147 240 65 52 200 225 127 157 1 7 54 238 49 165 24 69 77 244 186 197 23 217 144 2 206 57 183 16 222 51 125 9 132 103 107 129 19 134 233 155 56 193 44 219 177 78 213 22 148 189 248 79 229
24 184 229 36 80 138 209 150 3 112 18 151 56 200 33 10 29 223 177 170 58 61 182 114 230 25 43 225 37 32 72 141 171 132 84 139 73 172 14 166 168 30 124 13 173 155 20 83 134 243 96 75 77 140 105 245 210 197 52 161 27 153 98 11 66 67 189 158 4 74 85 163 116 57 213 1 149 2 31 8 232 41 48 175 65 50 95 205 148 250 162 15 203 235 119 178 88 7 207 188 247 51 236 121 78 214 118 129 120 76 71 113 234 154 147 231 240 22 179 117 221 202 63 237 5 194 185 187 146 143 180 87 94 123 28 206 115 160 215 193 92 91 198 108 145 81 45 6 169 135 109 23 12 34 216 19 204 106 130 226 16 101 164 212 144 42 248 9 86 186 228 249 211 55 38 82 111 176 40 26 125 157 44 103 244 239 122 192 191 128 93 136 137 90 241 199 68 201 183 246 242 104 227 218 62 126 156 53 167 46 89 224 64 159 220 195 238 217 152 222 219 39 79 99 69 142 47 181 35 174 102 208 49 59 127 97 107 17 100 54 133 110 60 70 165 131 196 21 233 190
95 8 66 131 243 221 54 125 9 199 13 186 187 86 153 245 177 104 38 152 135 97 7 234 114 61 224 139 130 170 148 214 208 71 33 194 90 127 96 193 1 191 222 103 235 242 173 155 88 24 247 36 25 56 101 67 55 83 244 69 108 126 94 204 171 26 142 79 133 116 138 118 12 154 174 35 207 50 40 85 192 151 102 11 146 92 57 164 49 78 106 110 144 230 156 197 63 37 4 124 166 233 117 180 159 109 236 30 217 22 210 58 196 14 82 105 6 65 68 19 128 188 168 84 147 160 145 60 223 143 232 211 172 246 47 5 29 205 203 34 150 181 51 23 70 81 195 91 80 10 220 43 175 237 48 41 42 15 239 216 17 53 249 32 75 87 184 76 165 93 185 62 77 112 250 189 120 44 18 162 28 122 98 241 73 39 46 218 200 182 99 31 219 45 137 176 225 2 115 209 206 149 158 167 198 111 21 134 16 213 226 89 157 179 229 119 113 140 129 212 163 190 121 100 228 107 215 74 72 3 227 132 238 169 123 202 178 141 201 161 64 248 52 59 183 240 231 136 20 27
176 142 172 183 51 208 193 96 180 21 174 99 93 78 67 42 16 59 45 122 222 173 11 61 14 83 160 106 2 141 1 137 117 76 9 73 199 101 62 103 52 248 171 191 245 181 19 87 138 230 91 88 90 63 113 94 124 115 145 249 244 223 188 104 111 47 194 109 178 133 162 41 105 6 70 246 25 202 216 34 69 204 50 81 66 164 206 166 57 130 65 136 100 143 169 203 39 85 22 187 114 227 231 146 112 139 44 233 218 49 89 155 98 201 119 232 225 205 110 213 29 235 140 240 56 241 27 23 236 209 30 74 220 86 5 40 182 20 197 179 12 154 97 84 3 149 15 210 185 118 80 7 127 8 228 77 26 239 247 35 131 186 200 72 31 192 55 177 92 219 107 123 58 60 4 196 13 163 71 75 82 198 147 165 10 129 48 175 250 18 238 68 36 95 190 37 157 28 128 214 153 229 224 151 79 135 211 237 53 189 24 184 242 161 195 212 167 46 158 125 159 33 168 121 234 144 134 43 102 217 152 156 221 226 207 116 17 32 126 148 243 38 120 132 215 108 54 64 150 170
188 159 197 163 95 242 214 240 33 225 138 221 155 71 74 69 82 112 34 39 49 63 20 176 231 132 195 134 200 210 211 201 247 234 154 174 36 85 249 185 187 53 91 96 209 172 150 198 113 178 217 24 182 148 29 190 72 140 100 144 28 115 130 136 46 246 54 56 79 212 137 42 158 1 55 164 67 43 139 192 21 40 58 222 131 48 186 110 83 88 90 184 94 233 215 169 15 93 238 57 135 241 133 13 156 124 180 173 107 143 229 146 177 219 203 80 232 4 127 202 114 235 102 98 10 59 161 162 35 243 147 208 37 220 125 8 168 167 227 22 17 41 9 66 250 119 2 206 3 68 84 101 183 25 65 213 199 12 51 6 76 196 228 194 153 60 204 70 149 27 205 216 181 26 61 30 7 226 75 142 77 239 224 151 218 62 18 189 73 145 31 104 191 179 16 47 5 14 141 120 126 152 170 87 230 38 223 116 122 157 23 245 193 236 89 52 118 248 129 123 108 166 171 117 86 64 44 19 32 78 99 237 97 165 111 81 45 106 103 207 244 11 109 50 121 160 92 105 128 175
236 35 173 222 70 140 250 77 99 240 150 75 126 224 88 196 190 97 8 179 14 122 89 217 188 231 167 198 24 19 43 158 238 142 168 6 52 111 95 72 41 207 130 244 67 110 149 50 93 45 248 91 102 138 78 125 157 213 86 226 220 133 116 90 191 247 230 100 246 171 239 137 3 218 164 243 80 187 189 165 10 29 34 176 127 74 193 159 209 233 54 84 169 119 155 245 120 128 192 21 184 141 178 136 39 64 185 62 135 27 242 151 66 227 115 139 26 160 59 229 201 182 156 23 13 81 235 143 195 174 18 96 55 203 202 56 38 153 112 85 9 42 113 200 107 25 183 205 106 68 2 5 180 16 223 108 214 170 241 31 53 211 61 4 103 7 212 204 146 131 101 44 105 228 92 129 20 161 98 76 82 83 28 124 154 215 148 147 47 15 22 144 145 208 132 152 49 232 94 186 58 172 46 51 197 123 163 181 221 237 109 60 104 206 134 210 57 32 175 79 33 225 63 36 69 73 87 1 17 37 65 249 199 48 162 216 117 166 121 11 177 30 234 194 71 219 40 114 118 12
74 45 69 191 210 241 148 144 19 109 185 51 43 10 25 8 15 86 133 83 222 244 21 34 94 47 106 75 250 193 162 155 236 230 41 91 177 125 108 112 189 175 5 154 149 119 212 18 151 226 163 100 156 71 127 101 110 48 223 150 79 17 92 103 183 249 198 98 159 84 201 36 207 95 229 107 246 52 50 245 129 16 247 11 139 38 180 67 31 214 27 56 40 13 85 138 30 164 146 197 235 165 93 102 53 170 49 99 63 200 202 219 116 209 239 33 161 3 22 54 181 7 90 178 124 24 14 211 240 176 35 78 122 120 158 152 23 184 77 248 2 205 206 145 80 113 62 111 237 59 58 32 216 142 218 196 46 123 64 97 37 217 186 215 171 166 188 221 134 187 160 174 233 194 55 9 199 234 190 20 167 72 117 115 114 179 231 213 89 137 172 157 39 131 173 126 135 136 105 121 73 227 88 4 82 232 44 147 12 61 203 104 169 141 204 1 70 224 76 6 28 87 57 153 132 220 243 225 168 130 242 238 42 128 96 81 208 26 68 118 195 65 60 228 192 66 140 143 182 29
97 236 185 225 12 240 233 142 169 198 210 208 11 152 219 195 86 206 224 133 147 101 246 41 3 199 187 158 182 44 67 36 170 209 207 244 151 107 184 5 186 80 64 79 61 126 10 231 65 4 168 109 217 105 114 232 23 57 167 141 230 18 82 165 88 85 226 131 6 144 196 148 75 106 84 94 19 14 229 46 76 69 235 29 47 218 129 238 163 33 183 90 181 112 136 137 72 175 159 74 37 215 216 113 164 162 234 128 140 202 62 42 91 98 250 43 149 166 247 16 200 127 177 119 93 178 77 111 39 193 156 143 40 204 52 78 89 20 120 63 228 34 96 203 243 227 197 188 174 99 22 191 157 28 59 220 121 241 154 171 95 125 176 248 31 132 161 27 189 104 160 211 249 213 245 13 2 134 155 55 71 118 50 21 24 51 48 237 146 102 110 30 60 123 130 81 212 190 15 17 214 135 100 9 201 124 58 222 83 221 138 92 145 117 25 70 122 239 54 192 87 49 116 150 180 223 68 205 7 8 173 153 172 66 35 26 139 56 115 108 194 45 1 242 73 53 179 38 103 32
149 139 104 29 131 35 94 224 156 144 187 86 196 21 87 250 32 13 73 77 12 193 101 189 79 248 211 58 245 22 11 81 88 25 233 115 151 184 110 10 167 47 212 114 229 89 201 130 225 236 239 238 90 116 194 30 99 220 190 72 37 203 221 82 92 146 121 19 150 210 40 20 169 172 208 129 153 45 168 173 127 216 28 63 155 163 17 41 46 119 125 27 3 179 209 60 4 241 161 38 213 109 165 182 159 136 215 62 5 24 33 192 177 132 118 143 102 64 107 175 234 76 39 78 53 96 26 67 222 120 191 36 207 164 145 1 52 16 71 133 230 126 178 174 112 138 68 186 160 70 247 218 57 74 154 219 93 200 183 15 205 140 14 217 31 122 34 171 170 235 227 98 243 51 80 180 100 8 103 54 6 18 176 61 49 44 157 162 95 242 204 128 147 231 214 195 59 166 185 148 124 226 105 206 123 246 199 7 106 249 84 48 83 42 50 237 113 2 97 55 91 181 43 135 142 23 223 85 65 202 188 108 69 137 141 152 198 240 134 197 117 75 66 232 111 244 158 56 228 9
58 138 140 49 224 223 155 11 63 158 2 99 21 202 48 38 87 199 125 83 248 153 31 192 152 26 236 240 54 250 222 70 216 176 181 56 173 122 239 51 227 226 167 207 113 135 74 185 182 214 201 123 33 159 196 141 80 156 178 213 133 132 91 126 39 23 60 209 215 108 194 25 221 97 164 15 203 231 163 61 82 143 117 101 4 238 27 72 95 52 64 244 200 13 109 62 76 45 3 171 69 17 211 77 9 197 130 184 66 147 177 161 190 68 112 154 115 129 12 37 172 246 40 191 24 71 93 50 183 86 128 105 206 195 119 217 235 89 120 34 229 139 18 90 149 28 46 20 131 5 228 234 118 170 160 67 150 107 29 114 219 57 208 110 41 116 10 47 242 247 151 79 210 233 188 180 98 42 204 96 106 245 100 73 127 104 8 30 189 175 168 92 121 124 225 187 53 85 134 237 179 169 145 102 137 55 94 243 165 220 198 84 142 241 78 162 212 166 6 249 16 14 186 32 88 148 1 59 103 81 144 35 230 136 75 65 19 7 111 174 43 232 146 157 44 205 36 22 193 218
5 172 20 16 165 71 168 198 200 36 55 217 245 184 83 116 98 2 104 121 244 235 118 215 103 147 22 210 29 91 107 11 247 191 10 120 66 24 175 79 51 94 207 197 132 140 7 124 185 26 196 56 212 13 6 47 225 109 96 44 170 102 167 243 115 214 202 77 57 166 4 108 142 105 122 242 218 209 80 149 136 46 234 14 81 221 86 38 19 178 65 72 155 42 63 233 182 226 48 205 216 35 249 229 219 194 220 130 138 37 154 40 78 101 183 204 153 173 41 143 64 74 97 1 127 88 157 82 237 25 250 49 23 129 193 133 164 190 246 230 123 195 32 53 181 162 160 59 67 179 139 100 21 206 112 177 106 145 201 12 236 39 92 33 87 189 137 28 171 68 45 9 232 99 34 131 186 73 146 17 110 188 228 163 62 75 239 211 76 192 61 156 141 113 144 248 222 125 148 111 126 114 119 240 176 151 31 89 187 54 231 180 174 135 128 203 213 224 18 208 69 85 90 30 58 227 84 169 95 159 93 223 134 15 241 70 238 43 161 199 8 60 52 150 158 152 3 27 50 117
6 70 81 126 224 119 242 169 132 141 145 131 37 244 240 205 12 24 96 246 21 172 135 148 241 88 140 220 133 109 238 235 90 194 61 39 189 166 123 95 114 229 111 219 156 173 130 236 217 63 150 212 104 69 18 110 22 211 177 154 89 249 157 180 216 226 192 193 55 232 62 248 207 134 107 36 49 53 168 223 86 182 184 17 47 113 186 23 161 83 165 231 185 60 50 187 227 71 33 19 101 94 214 200 204 174 197 116 91 2 20 221 203 128 34 164 151 44 102 14 127 78 191 230 84 159 139 97 7 8 77 218 41 129 136 59 163 106 147 250 58 1 146 54 239 199 80 158 206 29 162 10 142 237 45 122 72 65 87 228 152 178 79 198 99 195 175 82 167 112 137 247 25 56 120 46 225 124 188 138 42 32 160 51 153 108 213 176 155 181 105 5 40 43 85 215 201 190 3 73 93 27 209 13 118 121 117 92 245 103 170 143 125 38 67 243 233 100 144 16 98 202 15 26 196 210 28 76 68 48 66 74 149 11 9 35 64 30 171 4 31 52 57 183 222 208 179 75 234 115
72 149 195 98 245 191 61 32 29 200 49 6 131 237 165 179 115 133 110 134 77 136 80 4 56 135 137 9 182 79 39 108 142 19 45 232 11 1 60 74 12 210 186 205 118 189 166 10 117 20 183 122 121 217 132 119 174 242 14 99 24 226 246 148 243 167 105 181 169 155 71 114 25 103 225 93 130 221 21 247 231 216 244 87 89 177 204 34 218 30 57 70 65 53 62 75 127 44 187 194 76 145 235 116 178 193 215 23 147 150 188 159 171 175 233 180 220 156 50 213 96 124 236 17 158 154 248 90 120 18 227 153 168 224 140 219 143 22 55 198 202 104 240 52 212 63 146 51 46 229 41 58 141 88 151 234 214 144 59 172 43 2 152 211 157 3 197 113 162 230 128 85 83 112 67 241 69 36 222 109 123 5 31 102 249 250 78 7 66 8 54 95 238 208 27 101 209 86 92 129 185 97 196 176 223 184 163 81 139 35 91 47 42 107 40 106 125 160 64 164 73 68 15 33 192 206 138 201 37 38 94 84 239 26 48 161 82 199 100 228 126 173 16 190 28 111 170 203 13 207
237 108 16 47 240 181 236 52 188 244 7 211 87 216 113 245 92 141 248 225 115 29 89 45 33 228 189 15 80 167 104 76 96 64 27 57 166 3 218 21 95 231 43 40 106 175 195 182 35 250 82 137 5 74 118 209 215 161 214 119 114 168 91 203 194 134 72 101 151 143 178 100 98 220 94 120 243 56 18 185 200 73 138 111 174 70 163 25 121 212 155 247 50 154 229 172 210 208 222 186 126 122 85 117 105 37 6 8 60 192 61 10 156 165 24 20 136 58 223 41 116 221 59 62 235 232 71 66 160 233 9 28 110 171 49 99 78 36 191 130 65 88 31 19 249 217 68 30 67 226 109 42 242 79 246 63 12 197 190 81 17 39 107 112 213 144 34 133 1 55 198 148 13 234 149 201 14 145 146 127 239 44 224 157 169 196 84 152 202 193 102 135 86 125 179 170 140 128 23 32 183 46 2 227 177 219 139 159 75 48 132 164 93 97 38 173 153 124 22 176 103 90 230 11 150 26 129 147 54 238 83 69 77 53 204 199 131 162 180 206 184 4 241 207 142 51 123 158 187 205
49 105 168 44 74 115 153 107 102 136 7 100 14 15 3 120 245 80 130 83 202 37 228 113 2 106 227 247 77 196 143 63 244 86 50 27 218 212 233 205 53 64 191 183 195 87 138 52 91 134 85 84 89 167 90 160 88 78 62 11 172 71 108 125 248 128 199 35 140 198 116 43 5 96 238 16 193 206 123 10 201 13 28 235 60 176 19 58 67 82 210 45 225 141 144 34 239 70 221 29 194 68 23 154 242 203 73 12 200 232 180 197 241 145 135 56 132 155 222 185 190 30 40 111 131 25 204 66 55 101 165 104 36 110 175 166 213 17 8 223 79 81 38 98 97 215 159 42 121 184 103 41 119 133 231 246 147 178 99 26 240 51 65 4 224 226 127 162 69 216 163 243 93 9 186 94 149 47 152 22 158 117 126 214 75 72 229 142 157 76 234 161 48 170 220 20 150 118 18 129 211 217 169 92 230 95 122 151 182 146 171 209 57 174 109 189 124 31 137 219 1 59 156 33 237 114 208 148 24 39 192 6 177 236 173 32 46 164 207 250 181 188 249 179 139 112 187 21 54 61
52 31 191 104 184 173 180 230 206 159 23 80 11 200 161 55 139 34 163 53 50 183 20 134 42 152 133 103 216 19 15 72 66 203 126 58 149 5 194 239 244 28 10 75 92 223 87 86 204 131 196 233 3 84 240 18 234 25 186 115 177 195 128 119 157 63 38 178 45 93 181 140 48 124 12 201 176 73 241 22 26 89 229 95 224 232 60 88 8 154 187 97 160 98 85 116 37 68 211 82 114 109 77 67 141 61 218 199 214 91 120 74 243 16 150 197 99 64 169 62 4 54 166 130 170 21 235 228 165 209 6 132 172 83 144 36 1 24 158 56 146 122 111 219 69 245 33 123 151 46 43 40 148 162 215 65 29 179 193 236 138 198 246 155 94 96 221 136 135 47 125 156 208 106 127 79 121 231 105 190 9 71 41 142 13 44 110 100 167 90 2 248 112 175 227 250 249 39 107 185 59 213 147 108 117 14 70 238 118 102 225 17 171 113 7 57 164 168 174 51 220 129 78 76 137 202 247 153 237 32 189 188 143 49 207 81 212 205 217 242 101 27 222 30 35 145 210 182 192 226
78 36 18 10 47 235 100 50 80 67 249 62 141 158 173 59 52 214 68 109 207 64 237 171 116 159 223 108 142 84 74 35 42 103 135 163 183 197 29 140 147 150 190 34 119 85 178 56 105 15 215 110 58 46 53 195 102 131 40 220 194 61 122 134 32 204 180 81 92 193 137 126 5 88 114 239 115 209 208 3 240 66 97 14 174 24 96 149 26 153 224 113 164 218 54 72 238 248 30 226 8 91 243 187 37 77 152 143 87 16 23 202 154 198 21 221 233 63 17 111 89 136 73 151 219 49 60 217 212 161 94 7 230 99 38 31 129 156 146 145 188 133 216 48 191 86 101 51 39 98 139 200 121 167 227 168 130 138 75 185 244 125 166 210 9 127 232 186 175 206 250 236 20 19 231 22 45 4 70 169 82 196 117 44 160 79 179 247 148 106 182 28 155 2 245 162 170 176 76 55 192 181 118 112 57 41 95 184 1 213 6 25 241 165 123 83 234 107 11 157 93 228 222 189 203 90 246 128 71 27 144 229 33 177 242 225 65 124 201 104 205 43 13 120 199 69 132 12 172 211
68 192 209 246 49 184 36 140 171 141 98 236 203 226 121 135 196 235 26 217 201 62 242 85 156 38 168 234 169 71 52 186 214 99 136 222 14 57 82 9 205 106 2 183 247 83 3 104 66 78 182 77 84 95 113 5 200 128 32 93 227 100 161 189 21 73 123 91 158 55 193 160 148 215 44 35 42 177 213 151 132 30 155 69 40 89 58 180 143 8 134 142 150 47 190 199 239 63 197 137 101 174 146 119 130 181 194 238 31 243 16 138 90 11 218 25 144 39 202 162 240 46 109 147 65 216 19 166 13 97 12 103 131 133 114 86 108 139 157 115 1 221 59 204 175 228 165 185 80 75 56 225 112 198 81 187 127 6 178 154 50 159 7 176 67 53 164 230 249 23 173 107 76 229 10 37 34 206 48 129 241 54 96 41 74 223 208 153 167 111 170 163 15 70 237 191 145 232 29 17 72 124 60 195 27 102 92 88 152 245 244 4 231 51 248 126 24 233 61 20 22 64 105 117 33 116 219 118 87 120 28 188 110 149 212 94 43 224 79 250 45 18 207 220 210 125 179 122 172 211
164 93 185 183 129 83 198 169 3 63 84 149 163 122 86 249 226 189 59 191 123 193 143 170 156 44 70 142 88 216 104 28 23 168 217 98 57 7 203 12 77 22 43 212 29 60 76 176 39 209 106 75 162 71 175 62 184 1 111 135 244 51 214 229 97 9 246 192 87 133 67 222 195 232 21 58 159 110 225 147 215 241 182 116 194 167 53 2 56 118 24 124 205 150 202 10 92 19 179 89 128 100 145 204 247 55 17 197 250 207 186 36 206 228 160 107 72 68 199 139 180 95 103 148 81 140 245 27 234 248 132 210 121 101 171 114 152 227 32 138 66 49 196 220 155 91 50 40 20 4 99 218 231 102 38 45 11 223 41 188 153 31 52 30 219 105 25 6 136 174 151 158 237 96 173 26 233 190 211 144 181 221 161 90 108 130 235 146 208 8 109 112 119 34 178 236 126 79 48 82 154 187 42 5 46 80 74 230 47 131 134 78 200 35 64 37 69 240 94 177 54 65 125 224 166 115 141 213 157 137 127 120 117 14 165 15 242 172 113 239 33 73 18 243 61 16 238 201 85 13
22 30 18 158 6 20 209 193 172 229 109 42 204 40 217 93 106 145 137 105 63 126 123 4 140 220 117 19 39 224 125 151 235 34 54 165 175 98 85 242 53 77 10 230 11 157 96 73 167 173 240 12 94 149 241 143 58 75 199 163 88 82 225 208 36 111 182 108 9 185 232 250 114 49 29 245 146 169 64 219 142 147 68 78 31 170 90 171 59 81 161 17 83 154 60 138 191 110 124 127 113 120 150 164 66 84 222 128 148 122 3 112 207 196 226 249 24 216 15 38 144 206 223 218 92 247 1 25 134 121 23 102 179 159 205 136 233 215 46 201 141 79 131 243 51 189 177 200 2 43 7 153 181 71 37 8 236 133 89 32 168 69 183 62 239 28 44 195 50 188 95 99 210 52 213 180 231 26 244 155 152 202 184 61 101 76 67 97 132 203 45 192 178 228 166 80 156 162 139 176 14 197 87 70 211 246 13 72 186 198 119 237 47 118 41 27 55 234 103 221 194 33 100 48 187 115 116 107 214 227 86 57 56 65 174 35 135 91 129 21 238 248 16 190 160 74 104 5 212 130
203 244 237 162 138 201 156 129 95 223 169 113 236 25 102 151 35 212 229 65 92 240 110 105 7 87 124 146 232 119 77 143 191 153 116 78 53 181 44 101 49 150 64 80 195 164 200 48 174 242 246 144 136 248 190 103 66 82 226 6 73 4 145 219 197 183 211 104 231 100 96 111 43 21 241 54 175 192 205 51 173 184 62 11 33 39 193 130 127 38 141 172 187 189 131 41 188 32 133 36 22 216 125 122 57 168 74 185 149 76 20 123 215 17 27 224 67 72 206 230 79 202 208 179 239 235 15 121 214 126 120 163 148 220 98 68 50 218 18 221 140 161 24 37 177 155 56 40 85 89 114 182 86 199 81 13 247 70 83 152 204 88 245 59 222 158 147 106 165 167 47 23 90 234 29 134 75 225 209 16 166 117 45 12 171 9 207 19 42 170 55 10 249 139 46 180 93 94 26 3 97 210 112 194 60 135 2 250 238 1 128 159 196 34 91 69 71 118 52 84 137 176 14 243 115 107 109 63 5 30 217 58 213 61 28 99 227 154 178 157 8 186 142 228 198 108 233 132 160 31
88 36 109 184 187 62 73 63 173 1 137 249 105 79 236 19 35 94 71 157 43 4 10 40 9 238 42 45 74 169 248 166 239 78 14 53 130 98 5 97 230 85 87 30 155 20 154 182 207 225 222 133 112 223 38 11 8 148 147 119 162 126 65 217 107 128 138 159 141 122 28 3 32 27 106 209 247 208 150 205 61 218 165 41 77 213 13 48 240 191 171 164 219 183 234 89 91 51 233 190 59 174 189 153 211 92 52 108 196 125 29 192 17 124 99 200 50 18 156 80 224 102 237 47 2 151 66 232 177 220 58 120 90 75 55 231 158 212 33 227 31 139 111 49 34 206 21 44 204 121 116 172 64 228 215 131 6 82 46 203 152 70 136 132 180 7 175 72 26 84 146 143 168 226 170 60 81 198 104 185 161 242 221 96 23 117 176 110 127 250 181 178 95 54 245 142 144 16 216 22 83 129 149 244 197 67 114 195 167 163 199 188 243 69 93 160 100 115 57 193 76 86 37 210 235 134 202 123 246 15 135 229 140 101 179 103 68 39 113 201 12 24 118 214 56 186 145 241 194 25
182 98 235 244 139 135 46 119 204 33 133 247 109 230 157 146 212 18 197 118 142 250 166 179 206 19 238 24 130 52 43 149 171 100 173 91 120 111 207 83 151 27 175 58 36 96 47 9 172 15 59 65 128 127 168 20 124 93 114 161 240 64 78 71 22 134 63 84 81 85 216 241 220 158 76 131 198 190 32 35 37 234 185 176 165 215 177 189 89 140 126 44 237 186 200 14 38 30 129 192 121 208 233 144 180 53 228 169 62 232 213 183 218 236 154 152 156 73 160 8 249 29 178 101 3 105 74 226 184 150 191 80 214 94 195 2 75 13 10 61 97 82 21 72 12 17 225 199 86 54 90 103 6 117 223 163 108 181 194 231 113 248 203 28 68 102 106 42 210 148 66 246 4 110 1 92 242 107 50 79 217 174 196 162 219 34 202 209 224 153 70 221 57 132 141 229 11 112 205 45 87 188 39 95 77 40 211 222 227 145 51 115 159 193 138 122 201 49 164 60 69 170 147 243 48 7 31 104 167 5 67 137 26 155 16 56 25 123 23 88 187 143 55 99 116 136 239 41 125 245
111 93 201 48 151 68 23 170 166 7 102 203 64 221 25 215 72 225 54 206 2 106 30 169 223 77 185 157 62 205 78 212 22 226 168 31 24 84 1 113 112 73 134 165 230 6 243 110 140 3 197 21 86 208 32 46 87 29 155 219 65 136 182 214 131 37 59 35 228 60 8 56 114 181 92 96 94 183 210 160 207 229 83 105 122 135 133 71 28 149 108 154 167 152 63 89 101 186 52 249 159 130 51 127 118 119 245 44 107 162 97 173 137 196 187 148 100 98 129 45 150 4 199 50 161 57 17 192 126 91 232 13 250 171 242 217 172 36 247 38 85 176 142 33 67 26 117 120 15 184 18 121 53 177 5 190 47 128 144 158 103 179 174 55 123 116 27 61 147 75 74 115 224 16 99 153 234 138 9 76 213 58 202 241 198 200 41 43 164 236 156 189 143 240 125 233 141 191 194 12 14 180 70 39 193 49 88 209 246 82 90 195 42 211 19 238 139 104 80 95 124 10 222 109 40 145 79 244 178 132 216 204 248 218 146 20 235 239 11 227 81 231 188 34 220 69 175 163 237 66
154 146 244 1 186 12 36 107 214 197 53 234 3 206 198 118 106 125 188 47 58 238 232 23 87 68 168 201 24 113 8 245 18 217 181 202 227 182 240 249 28 48 121 160 207 52 223 20 97 250 208 218 55 134 170 117 176 190 157 108 34 63 10 180 88 16 40 228 95 33 161 43 25 213 60 221 209 155 203 151 147 114 137 5 102 237 80 127 44 183 229 61 153 46 59 22 81 219 195 165 205 74 225 123 120 215 184 62 248 69 31 167 13 73 226 21 224 54 105 199 82 119 149 192 35 30 57 41 42 92 37 39 101 169 93 143 66 156 175 246 150 78 99 19 9 17 178 116 242 179 122 96 89 177 247 187 204 29 231 200 136 138 241 148 110 212 45 84 50 111 75 129 83 100 109 7 142 70 194 174 171 196 56 220 211 172 85 124 112 98 191 152 79 115 132 49 216 159 86 71 104 193 185 77 126 173 235 166 135 158 131 14 140 236 4 11 139 64 243 67 51 76 163 94 27 26 38 133 164 189 130 91 103 32 239 90 6 128 230 15 144 145 162 65 210 2 233 222 72 141
106 158 3 206 197 249 102 18 208 13 111 139 41 10 132 231 181 172 187 14 210 124 11 72 38 24 126 46 42 20 155 82 224 92 204 174 66 163 53 80 74 94 168 26 117 123 207 48 109 199 143 159 217 242 221 135 193 36 144 189 110 12 218 125 190 45 239 183 65 209 151 167 228 52 32 31 69 191 83 128 1 160 146 8 145 70 9 71 4 157 95 55 203 84 43 29 115 19 21 237 205 161 57 96 176 100 127 15 223 232 17 229 134 121 215 233 88 44 27 34 166 131 196 170 75 246 171 140 154 248 16 79 81 178 93 107 202 87 212 2 67 165 50 245 214 119 177 180 150 68 240 162 59 37 103 7 133 244 169 195 61 213 54 120 236 186 90 153 156 104 188 78 28 247 198 148 164 64 116 194 149 47 101 250 184 130 98 40 99 56 238 243 86 62 33 230 175 201 25 30 22 219 73 114 122 216 182 118 235 49 97 108 137 147 136 222 112 241 60 152 6 226 23 227 142 225 211 77 89 35 85 58 234 105 173 76 5 185 141 179 39 200 51 91 220 63 192 129 138 113
116 69 59 193 144 100 231 51 218 245 191 123 238 4 104 108 186 250 45 53 71 161 3 67 220 118 205 221 14 229 113 34 187 16 98 247 85 149 185 128 135 215 138 241 224 56 9 103 239 22 182 200 39 10 234 211 237 47 27 130 24 132 147 199 176 164 124 60 99 1 154 134 28 189 151 63 177 139 125 112 225 194 20 75 50 222 68 143 64 246 141 111 163 87 166 109 155 168 79 195 82 204 157 148 115 57 73 162 70 179 48 93 129 90 175 127 7 242 33 55 61 201 210 76 133 78 86 89 207 232 170 160 15 216 92 62 17 32 12 52 192 110 106 5 121 203 217 178 96 66 156 58 2 95 235 208 117 114 38 145 197 88 172 72 97 18 91 29 188 196 226 36 180 173 19 65 209 167 44 152 119 174 223 6 31 158 25 206 83 243 40 190 84 107 11 49 136 214 213 212 230 131 150 122 244 153 219 43 23 74 35 202 140 169 30 80 54 146 227 42 233 94 46 171 26 228 249 81 183 159 198 41 126 21 248 102 120 77 101 142 165 8 240 236 184 181 137 13 105 37
189 244 101 165 192 191 119 206 179 60 74 182 210 237 209 2 230 246 134 83 227 149 29 148 187 47 35 102 95 193 166 33 200 71 120 233 169 98 159 178 197 176 199 65 214 8 160 19 217 151 111 66 46 75 21 124 157 228 17 1 117 248 170 240 181 196 70 78 4 156 225 11 112 45 57 232 183 174 97 41 115 190 208 223 77 135 126 220 64 36 30 10 55 212 68 218 96 172 3 229 152 85 107 63 6 82 18 89 142 204 99 48 20 31 72 164 185 150 168 27 54 215 40 43 224 198 100 235 118 219 194 171 109 79 51 113 42 16 121 131 249 162 130 155 91 201 161 173 213 139 67 26 221 186 132 205 23 34 61 59 243 122 87 73 56 123 163 25 105 37 9 141 238 241 177 137 180 234 146 39 44 69 13 49 145 86 203 158 195 84 12 93 108 245 106 5 202 7 24 53 153 247 226 216 52 250 92 188 50 143 38 236 133 104 14 80 76 211 88 239 140 116 94 103 144 136 138 231 127 125 15 129 22 207 58 167 28 110 175 114 242 32 90 81 184 154 128 147 222 62
100 135 151 71 118 86 202 153 171 98 193 164 63 155 33 231 214 104 219 226 59 195 203 132 58 137 172 130 159 143 237 244 8 47 30 213 245 138 191 35 158 173 9 55 233 74 241 134 102 70 211 185 82 161 154 42 3 21 18 162 31 205 39 110 228 121 136 44 215 126 140 177 79 57 190 149 163 197 99 238 212 247 199 17 249 27 196 4 229 222 113 72 188 80 40 95 246 97 147 230 181 152 12 218 120 56 24 224 176 165 45 109 2 144 236 182 156 62 112 194 239 92 103 96 7 210 53 51 209 234 169 13 175 225 28 201 116 133 90 223 50 14 83 207 217 124 179 129 180 150 242 235 85 11 128 5 46 148 1 208 189 232 160 250 125 186 145 10 36 243 48 123 69 6 206 20 22 38 248 117 88 64 67 106 105 184 183 115 168 146 141 26 76 107 170 65 240 78 101 119 75 23 77 68 122 200 89 29 198 32 204 111 87 15 192 157 216 91 142 41 227 37 127 73 34 43 84 131 167 108 60 19 61 93 81 166 187 221 52 25 114 16 174 178 139 220 49 66 54 94
2 208 61 228 4 93 158 42 51 189 176 31 216 168 174 102 178 164 218 92 119 133 128 43 22 184 188 246 8 200 71 121 221 152 86 237 224 18 156 236 214 151 206 217 137 113 132 195 140 242 37 118 173 249 247 180 142 207 124 7 19 129 70 17 21 235 68 209 136 161 130 186 83 35 11 160 63 231 145 48 25 104 76 198 233 147 205 44 175 46 190 98 245 28 109 30 150 77 203 146 9 114 125 64 192 80 123 41 165 58 215 66 226 90 194 135 166 115 13 155 199 72 204 20 111 78 148 179 103 10 85 230 154 197 229 47 67 15 99 54 56 105 244 12 5 210 3 24 177 223 120 139 181 240 238 185 172 69 6 74 91 143 50 75 59 243 131 16 100 159 55 201 39 241 23 110 34 239 26 73 187 191 169 101 49 53 60 157 40 222 149 138 107 212 106 1 234 232 225 117 134 94 182 250 89 213 29 167 193 87 33 170 81 171 14 65 227 108 57 127 36 45 116 153 52 196 122 163 144 88 112 97 32 27 162 126 95 220 62 38 84 141 79 202 248 219 96 82 211 183
216 131 51 5 176 187 188 37 126 229 211 234 136 198 53 78 223 128 70 74 134 17 122 175 11 25 248 241 179 88 19 221 14 56 65 204 180 137 79 226 169 227 73 201 145 245 177 158 140 150 67 55 219 214 87 199 12 106 93 141 189 154 156 75 208 212 224 23 18 46 240 159 124 133 246 225 236 38 24 97 149 99 151 167 186 220 52 196 72 210 32 113 135 237 203 45 116 33 146 34 213 31 8 119 107 29 120 207 144 138 142 183 109 174 94 118 205 161 92 82 247 4 105 104 192 98 243 168 68 103 132 195 48 197 13 90 166 49 202 153 41 22 114 83 121 194 30 125 152 20 239 110 242 250 100 91 162 102 62 54 190 42 178 206 81 21 27 85 129 200 233 7 76 217 230 111 139 218 209 84 148 47 228 171 222 172 127 3 101 231 143 95 235 63 6 181 108 215 160 35 69 60 115 66 36 50 96 170 15 130 185 163 61 59 244 173 58 117 89 165 182 57 44 249 232 147 9 77 123 64 40 155 191 164 1 16 10 86 80 2 43 193 26 39 71 238 157 184 28 112
76 24 53 79 155 127 98 242 136 92 145 173 10 204 54 200 226 19 231 67 94 142 83 50 163 169 52 59 5 15 171 120 112 152 249 128 185 102 168 13 215 217 124 12 33 91 65 109 26 118 115 229 121 133 56 199 148 193 69 162 84 187 170 82 119 167 71 223 68 4 20 172 41 14 72 55 90 16 62 206 27 164 51 42 179 225 218 100 64 203 219 57 238 113 105 58 234 31 248 222 86 3 221 46 150 139 11 216 93 73 135 81 156 125 165 43 190 18 208 213 184 99 144 146 166 40 37 2 117 159 214 197 141 227 129 233 123 177 80 131 220 66 241 237 106 7 205 174 111 149 107 132 122 9 49 61 110 161 88 89 44 32 47 151 175 143 240 25 246 36 160 96 116 137 95 38 235 188 87 195 239 209 45 180 183 207 192 228 189 70 1 181 147 78 35 103 157 245 196 176 97 158 202 201 211 104 232 130 75 210 6 30 153 134 60 178 191 108 186 182 138 198 236 250 247 114 212 140 77 126 39 21 194 230 29 28 244 17 63 101 23 224 154 243 22 48 74 8 34 85
216 230 222 84 86 179 145 35 122 238 152 211 44 149 90 185 139 177 68 210 129 108 225 167 95 147 114 112 231 9 77 208 135 8 202 64 227 78 136 213 160 40 55 76 75 96 60 234 169 94 204 50 18 133 103 2 6 11 178 197 100 118 168 79 4 151 148 80 102 111 159 205 121 52 24 127 34 120 66 172 157 3 104 117 12 196 15 218 28 58 125 49 174 113 5 46 146 236 119 19 242 224 141 200 23 182 63 110 59 138 85 45 207 54 107 87 17 39 132 220 170 163 184 245 37 30 223 41 21 62 70 29 247 105 89 240 166 248 10 156 25 98 22 72 214 189 16 183 61 229 93 140 26 194 142 36 81 232 173 143 195 241 233 154 27 181 153 13 109 115 56 249 137 206 92 165 7 203 209 20 123 31 116 38 42 71 43 190 128 180 32 175 144 239 99 221 226 131 65 53 97 217 51 243 88 67 130 158 126 33 57 91 48 69 244 201 219 134 82 14 188 212 199 193 74 101 191 164 198 162 161 187 150 83 228 235 124 47 106 192 215 171 176 186 1 250 155 237 73 246
131 84 206 2 173 120 15 88 13 123 214 156 106 170 127 71 217 90 48 236 32 55 223 58 189 230 176 164 96 28 86 172 108 37 209 47 65 244 126 216 92 169 1 144 79 51 193 112 121 46 161 99 33 61 20 185 153 203 16 229 98 54 113 136 6 110 140 101 114 160 194 199 23 8 107 36 69 150 142 158 60 222 66 80 157 218 159 163 226 228 111 148 73 184 64 162 179 26 7 190 125 213 5 38 211 128 39 59 235 240 224 200 72 97 238 141 249 103 30 27 132 4 42 25 70 11 29 52 205 147 215 89 208 154 139 67 168 227 219 167 104 116 130 186 85 87 115 10 57 109 122 210 129 135 45 192 17 40 233 105 43 155 248 117 83 62 182 220 246 181 191 118 202 34 14 166 198 146 12 225 75 76 197 138 237 95 82 81 119 100 19 77 231 241 3 207 21 9 234 145 93 24 175 221 243 53 31 68 134 183 152 165 247 74 178 35 174 91 177 94 250 204 56 63 149 41 242 232 212 188 102 239 180 196 78 124 18 133 49 143 171 201 137 44 187 151 50 22 245 195
234 82 135 200 32 107 147 9 194 119 103 24 64 17 59 22 126 36 239 134 116 86 73 66 213 40 104 50 177 47 78 211 199 125 109 205 141 79 172 81 96 166 71 52 162 153 74 142 249 101 176 123 31 51 231 203 124 192 65 90 225 68 102 150 219 218 30 198 6 157 210 237 28 191 148 241 62 60 7 144 236 76 48 138 63 247 171 44 25 229 20 226 145 140 46 137 13 155 95 173 117 38 217 195 184 216 170 206 193 41 84 223 33 67 136 197 181 146 242 10 122 26 105 224 112 45 127 132 113 174 61 89 121 56 190 130 245 243 233 158 169 42 18 143 149 75 159 188 207 29 88 4 11 182 69 179 3 5 14 163 43 98 72 154 201 93 214 39 54 106 118 92 222 164 212 196 1 204 70 139 202 27 16 227 53 185 35 167 55 248 21 15 220 12 175 238 228 250 187 111 94 165 129 2 131 120 19 232 34 83 208 128 57 246 58 77 100 183 85 152 230 240 133 189 110 115 168 186 151 235 161 37 221 178 114 244 108 180 80 215 160 97 87 49 8 23 99 209 91 156
78 160 70 125 94 208 108 114 175 110 96 129 248 214 166 1 155 203 198 223 169 192 233 153 149 32 168 56 141 66 109 69 183 113 161 20 11 55 89 221 27 36 150 82 30 101 145 200 220 107 128 239 136 167 170 63 8 17 185 158 174 184 37 240 106 88 217 131 97 49 176 164 178 28 127 14 139 77 212 152 43 138 122 4 210 117 51 58 95 180 163 44 25 250 45 243 187 229 177 228 224 19 10 92 186 71 209 143 245 79 244 199 103 215 116 120 31 194 72 21 242 16 216 2 60 137 112 42 205 118 226 219 147 213 148 207 157 53 159 5 85 142 146 105 134 230 111 87 246 154 204 74 13 188 206 41 165 57 46 100 62 211 47 38 123 80 40 191 115 201 61 130 132 65 81 64 35 23 218 39 222 9 102 50 3 247 238 202 67 91 241 15 7 48 179 234 99 18 225 73 22 195 124 126 236 197 90 98 135 26 76 193 227 140 133 52 93 232 84 235 34 24 156 12 75 104 231 189 54 162 196 182 121 171 29 83 59 144 237 181 68 33 190 172 86 151 6 173 249 119
240 109 227 241 46 123 110 43 166 80 152 67 63 165 150 208 187 225 153 238 1 164 23 175 65 82 30 167 99 148 83 145 249 245 143 188 55 87 101 216 138 106 155 149 25 85 121 20 31 16 209 40 52 24 47 100 161 72 21 194 181 133 44 243 112 26 41 62 217 228 146 105 160 45 139 202 79 172 154 9 70 71 239 201 178 190 125 102 200 147 179 68 35 34 39 193 226 229 250 94 115 141 177 3 81 182 78 8 37 223 162 119 13 231 183 246 19 73 74 76 222 15 203 32 96 93 244 157 215 114 198 196 186 84 54 129 173 4 185 5 247 22 107 136 180 104 90 174 66 89 221 75 211 50 206 95 11 248 77 234 140 220 120 242 204 10 158 197 2 237 189 91 210 132 159 122 36 144 195 27 131 38 117 113 42 137 135 7 214 118 235 28 233 6 49 61 169 142 56 51 17 219 218 58 205 126 212 199 18 12 14 230 103 224 48 130 59 111 116 92 184 64 170 53 191 108 232 168 60 33 88 124 127 151 207 69 86 171 156 163 57 29 97 192 176 128 213 134 236 98
33 212 30 140 179 161 214 192 68 141 166 220 215 182 241 249 41 5 78 14 168 29 52 143 153 187 207 26 228 36 221 101 119 149 171 32 165 25 19 239 46 7 226 73 51 162 188 122 209 43 195 91 130 63 148 76 112 159 35 50 11 72 231 248 193 57 150 31 174 227 77 45 137 238 49 84 27 82 202 131 172 155 224 3 178 104 184 199 38 173 211 127 198 217 40 194 58 154 203 95 208 13 54 86 183 134 44 185 61 156 176 111 93 2 244 117 103 60 243 240 15 105 96 191 229 47 235 83 175 167 186 59 200 129 4 108 75 114 55 213 219 69 223 124 201 71 87 204 233 17 163 120 234 157 135 222 70 225 169 56 21 74 42 145 81 142 110 90 180 230 89 1 121 152 22 37 136 92 216 34 67 115 210 125 128 190 236 10 65 245 85 53 107 242 39 237 132 106 205 12 28 250 9 113 16 144 109 151 158 189 126 88 97 146 66 18 246 196 160 170 20 94 64 79 80 24 147 139 123 138 247 116 99 181 6 206 100 164 62 177 48 197 8 118 133 232 98 218 23 102
56 214 47 31 152 91 146 239 250 240 58 188 118 157 33 35 27 32 59 179 246 1 165 51 177 142 162 113 29 218 191 37 241 52 176 180 220 75 122 138 197 106 45 175 223 73 53 231 198 111 156 248 22 201 125 49 7 235 187 6 225 200 81 171 61 189 99 41 229 209 9 124 221 85 192 136 154 247 237 159 208 15 14 77 205 233 82 16 143 89 10 149 174 4 196 70 11 3 83 65 190 13 186 87 217 104 38 103 39 144 115 114 160 67 134 184 88 117 185 5 86 211 161 62 93 100 110 151 121 166 18 90 20 178 163 109 112 36 43 60 17 54 148 40 74 182 137 155 71 131 108 249 55 135 69 129 28 30 228 170 78 234 34 140 139 96 147 215 105 92 167 164 202 123 238 183 12 210 245 207 95 145 42 8 212 132 120 80 230 94 153 199 66 116 46 130 128 19 195 150 127 181 107 193 141 26 203 102 158 25 72 172 194 226 84 216 169 119 222 232 244 2 98 224 168 79 97 236 227 57 50 219 48 23 173 64 44 213 133 126 204 68 63 24 243 101 21 206 242 76
46 59 201 48 12 169 202 226 224 23 144 8 37 209 17 43 207 155 122 103 66 154 88 206 245 160 42 225 216 73 164 93 63 139 45 125 161 112 247 204 71 185 97 219 78 212 214 9 182 60 210 129 100 105 67 227 197 141 146 143 233 28 108 102 242 92 65 228 133 246 55 51 4 76 86 98 11 82 138 14 10 19 54 21 32 114 118 134 208 110 191 121 203 162 223 148 111 178 52 186 26 168 240 151 90 104 215 239 248 193 244 33 213 165 180 175 109 172 72 124 95 13 156 181 74 35 237 20 116 64 231 56 50 29 58 30 36 199 106 249 152 49 7 31 38 177 163 18 234 241 171 2 198 136 218 166 3 40 140 120 167 220 22 77 170 131 145 70 115 153 44 196 211 179 190 91 132 1 24 94 6 217 128 117 16 130 200 101 87 137 232 107 243 187 250 123 238 119 189 34 27 127 89 25 57 159 96 99 222 158 68 184 174 192 205 150 80 195 47 61 221 188 69 15 75 84 229 62 83 173 81 176 142 149 194 85 235 39 147 183 236 230 157 41 53 5 135 113 79 126
9 216 173 144 236 10 212 185 213 100 184 89 151 112 41 72 20 125 233 204 135 34 132 82 171 51 170 17 86 55 158 5 78 25 203 141 120 71 240 143 237 159 147 94 23 46 96 146 196 60 47 93 75 188 66 150 95 103 26 27 69 22 15 197 117 32 227 68 234 122 111 21 121 163 58 246 172 59 218 56 178 45 133 37 67 153 155 11 175 220 54 226 83 13 198 115 124 123 80 104 18 101 186 160 74 191 19 238 241 105 119 53 223 85 16 24 229 156 107 116 201 43 39 87 169 242 3 174 52 168 139 97 222 128 230 70 102 195 166 209 152 79 63 77 65 165 12 136 106 161 249 228 29 180 247 219 190 76 88 40 205 109 61 206 62 179 131 202 167 84 2 30 42 99 164 243 6 192 176 193 44 162 108 90 113 211 48 215 154 35 50 127 118 148 110 250 194 225 232 98 1 207 231 244 214 224 137 49 129 33 38 182 81 140 31 187 217 177 199 149 183 138 142 14 114 91 245 221 239 7 145 189 235 8 92 248 210 64 28 73 130 200 181 134 157 36 126 4 57 208
